C@group0;[1, 2, 3, 4, 5, 6, 7, 8, 9, 10, 11, 12, 14, 15, 18, 19, 379, 380, 381, 382, 384, 401, 402, 405, 406, 408, 412]
H@group1;[3, 6, 7, 9, 10, 11, 12, 13, 14, 15, 16, 17, 18, 19, 20, 21, 22, 23, 24, 25, 26, 301, 302, 303, 304, 305, 325, 338, 341, 342, 345, 346, 347, 348, 402, 403, 406, 409, 410, 413, 414, 416]
C@group2;[20, 21, 22, 23, 24, 25, 26, 27, 28, 29, 30, 31, 32, 33, 301, 303, 305, 306, 325, 334, 338, 413, 414, 416, 417, 420, 421]
H@group3;[26, 27, 28, 29, 30, 31, 32, 33, 34, 35, 36, 37, 38, 39, 40, 41, 42, 43, 44, 45, 46, 47, 48, 49, 50, 51, 52, 53, 57, 58, 59, 60, 61, 62, 63, 64, 258, 260, 264, 265, 266, 267, 268, 269, 286, 288, 290, 293, 294, 296, 298, 299, 300, 301, 322, 420, 421, 423, 424, 425, 427, 428, 429, 431, 432, 433, 466, 469, 470]
C@group4;[38, 39, 41, 42, 43, 44, 45, 46, 47, 48, 49, 50, 51, 52, 53, 54, 55, 56, 57, 58, 59, 60, 61, 62, 63, 64, 65, 66, 67, 68, 69, 70, 71, 72, 73, 74, 75, 76, 77, 78, 79, 80, 81, 82, 95, 96, 97, 98, 99, 100, 101, 102, 149, 150, 151, 152, 155, 157, 158, 166, 167, 168, 169, 170, 171, 172, 178, 179, 214, 215, 216, 217, 220, 223, 224, 225, 227, 228, 229, 244, 257, 258, 260, 262, 265, 267, 268, 272, 276, 277, 279, 281, 283, 284, 285, 286, 287, 288, 289, 290, 291, 292, 293, 294, 295, 296, 319, 429, 432, 495, 496, 498, 499]
S@group5;[78, 79, 80, 81, 82, 83, 84, 85, 86, 87, 88, 90, 91, 92, 93, 94, 95, 96, 97, 98, 106, 113, 128, 129, 132, 136, 139, 140, 155, 157, 158, 159, 160, 161, 162, 163, 164, 165, 180, 182, 184, 198, 210, 213, 218, 489, 490, 491, 493, 494, 495, 497, 498]
C@group6;[85, 86, 87, 88, 89, 90, 91, 92, 111, 112, 113, 118, 164, 165, 182, 184, 252]
S@group7;[75, 77, 78, 79, 80, 81, 82, 83, 84, 85, 86, 87, 88, 89, 90, 91, 92, 93, 94, 95, 96, 97, 98, 99, 100, 103, 104, 105, 106, 107, 108, 109, 110, 111, 112, 113, 131, 132, 133, 135, 136, 139, 140, 143, 147, 149, 159, 161, 198, 228, 487, 489, 490, 491, 494, 495, 498]
C@group8;[75, 76, 77, 78, 79, 97, 98, 99, 100, 101, 102, 103, 104, 105, 228, 229, 236]
S@group9;[83, 89, 90, 91, 92, 93, 94, 95, 96, 97, 98, 99, 100, 102, 103, 104, 105, 106, 107, 108, 109, 110, 111, 112, 113, 114, 115, 118, 131, 135, 136, 138, 139, 142, 143, 147, 225, 228, 229, 486, 487, 490, 491, 495]
C@group10;[86, 87, 88, 89, 90, 91, 111, 112, 113, 114, 115, 116, 117, 118, 128, 131, 132, 134, 184]
H@group11;[88, 89, 112, 113, 114, 115, 116, 117, 118, 119, 120, 121, 122, 127, 128, 131, 134, 165, 182, 183, 184, 185, 186]
C@group12;[115, 116, 117, 118, 119, 120, 121, 122, 123, 124, 125, 126, 127, 128, 129, 183, 184, 185, 186, 187, 188]
H@group13;[82, 84, 86, 91, 93, 94, 95, 107, 108, 109, 111, 112, 113, 114, 117, 118, 120, 122, 123, 124, 125, 126, 127, 128, 129, 130, 131, 132, 133, 134, 135, 136, 137, 138, 139, 140, 141, 142, 143, 144, 145, 147, 157, 159, 161, 163, 177, 180, 184, 186, 188, 189, 192, 194, 195, 197, 198, 201, 202, 205, 206, 207, 208, 210]
C@group14;[141, 142, 143, 144, 145, 146, 147, 148, 149, 150, 151, 152, 153]
H@group15;[80, 97, 107, 142, 143, 144, 145, 146, 147, 148, 149, 150, 151, 153]
C@group16;[80, 81, 82, 83, 84, 93, 136, 140, 144, 145, 146, 147, 148, 149, 150, 151, 152, 153, 154, 155, 156, 157, 158, 159, 160, 161, 162, 198, 202, 207, 208, 209, 210, 211, 212, 213, 214, 215, 493, 494, 496, 497, 498, 499, 500]
S@group17;[83, 84, 85, 86, 91, 128, 129, 132, 159, 160, 161, 162, 163, 164, 165, 166, 167, 177, 180, 189, 194, 195, 198, 212, 214, 215, 216, 217, 218, 221, 489, 490, 493, 497]
C@group18;[85, 86, 87, 88, 118, 162, 163, 164, 165, 166, 167, 177, 179, 180, 181, 182, 184, 216, 217, 218, 219, 255]
S@group19;[56, 63, 65, 66, 67, 68, 163, 164, 165, 166, 167, 168, 169, 170, 171, 172, 173, 174, 175, 176, 177, 178, 179, 180, 181, 194, 214, 215, 216, 217, 220, 255, 287, 289]
C@group20;[67, 68, 69, 70, 168, 169, 170, 171, 172, 173, 174, 175, 176, 193, 195, 196, 212, 213, 214, 215, 496, 500]
S@group21;[56, 63, 86, 125, 128, 129, 163, 164, 165, 166, 167, 168, 169, 170, 171, 173, 174, 175, 176, 177, 178, 179, 180, 181, 182, 183, 184, 185, 186, 187, 189, 190, 191, 192, 193, 194, 195, 215, 289, 291, 292, 316, 319, 320, 323]
C@group22;[86, 87, 88, 89, 113, 117, 118, 119, 120, 121, 124, 125, 126, 128, 129, 163, 164, 165, 175, 176, 177, 178, 179, 180, 181, 182, 183, 184, 185, 186, 187, 188, 189, 190, 191, 192, 193, 194, 196, 197, 217, 218, 252, 253, 254, 315, 316, 320, 323, 329, 330]
H@group23;[84, 86, 91, 93, 125, 126, 129, 130, 132, 133, 134, 136, 137, 159, 161, 163, 167, 173, 174, 175, 176, 177, 188, 189, 191, 192, 193, 194, 195, 196, 197, 198, 199, 200, 201, 202, 203, 204, 205, 206, 207, 209, 210, 211, 212, 214, 215]
C@group24;[82, 133, 134, 136, 137, 140, 141, 156, 157, 158, 159, 198, 199, 201, 202, 203, 204, 205, 206, 207, 208, 209, 210, 211, 212, 213]
S@group25;[67, 69, 81, 158, 159, 160, 161, 162, 163, 164, 165, 166, 167, 169, 171, 172, 173, 174, 175, 176, 182, 193, 194, 195, 198, 199, 202, 210, 211, 212, 213, 214, 215, 216, 217, 218, 219, 220, 221, 222, 224, 249, 255, 257, 285, 287, 489, 492, 493, 496, 497, 498, 500]
C@group26;[85, 162, 163, 164, 165, 182, 216, 217, 218, 219, 220, 221, 222, 223, 224, 246, 247, 248, 249, 255, 256, 257, 287, 288, 488, 489]
H@group27;[67, 69, 71, 72, 73, 104, 162, 169, 215, 216, 217, 218, 219, 220, 221, 222, 223, 224, 225, 226, 227, 228, 229, 230, 231, 232, 233, 243, 244, 245, 246, 247, 248, 249, 257, 258, 259, 283, 285, 286, 287, 447, 448, 449, 483, 484, 485, 486, 488, 489, 491, 492, 493, 495, 496]
C@group28;[72, 73, 74, 75, 76, 77, 98, 99, 100, 101, 102, 103, 104, 223, 224, 225, 226, 227, 228, 229, 230, 231, 232, 233, 234, 235, 236, 237, 238, 239, 240, 241, 242, 243, 244, 245, 246, 247, 259, 433, 434, 437, 439, 441, 442, 443, 444, 445, 446, 447, 478, 479, 481, 483, 484, 486, 495]
S@group29;[217, 218, 219, 222, 223, 232, 233, 242, 243, 244, 245, 246, 247, 248, 249, 250, 251, 252, 253, 254, 255, 256, 257, 258, 259, 290, 322, 326, 327, 328, 422, 423, 425, 426, 429, 430, 433, 434, 444, 445, 446, 447, 448, 449, 450, 451, 452, 453, 454, 459, 463, 482, 485, 489]
C@group30;[88, 89, 164, 166, 182, 217, 218, 219, 247, 248, 249, 250, 251, 252, 253, 254, 255, 256, 257, 287, 288, 289, 290, 291, 320, 322, 323, 326, 327, 328, 329, 330, 422, 449, 450, 451, 452, 453]
S@group31;[43, 47, 64, 67, 217, 219, 220, 223, 242, 243, 244, 245, 246, 247, 248, 249, 254, 255, 256, 257, 258, 259, 260, 261, 262, 263, 264, 265, 282, 283, 284, 285, 286, 287, 288, 289, 290, 429, 432, 433, 434, 438]
H@group32;[70, 260, 261, 262, 263, 264, 265, 266, 268, 272, 276, 277, 278, 279, 280, 281, 282, 283, 284]
C@group33;[44, 46, 47, 48, 49, 50, 57, 63, 64, 65, 66, 68, 70, 71, 72, 258, 260, 261, 262, 263, 264, 265, 266, 267, 268, 269, 270, 271, 272, 273, 274, 275, 276, 277, 278, 279, 280, 281, 282, 283, 284, 286, 432, 433, 434, 438]
S@group34;[47, 63, 64, 65, 66, 67, 68, 69, 70, 71, 72, 166, 167, 216, 217, 219, 220, 223, 224, 255, 256, 257, 258, 259, 260, 261, 262, 265, 267, 268, 272, 279, 281, 282, 283, 284, 285, 286, 287, 288, 289]
C@group35;[20, 21, 24, 25, 26, 27, 31, 34, 35, 38, 39, 42, 43, 60, 61, 62, 63, 64, 65, 166, 179, 181, 219, 246, 248, 249, 250, 254, 255, 256, 257, 258, 286, 287, 288, 289, 290, 291, 292, 293, 294, 295, 296, 297, 298, 299, 300, 301, 302, 303, 304, 305, 306, 307, 308, 309, 310, 318, 319, 320, 321, 322, 323, 324, 325, 326, 337, 417, 421, 422, 425, 426, 429, 446]
H@group36;[20, 21, 24, 25, 297, 301, 302, 303, 304, 305, 306, 307, 308, 309, 310, 311, 312, 313, 314, 316, 317, 318, 319, 321, 324, 325, 330, 333, 334, 336, 337, 338, 341, 417]
C@group37;[54, 179, 180, 181, 182, 185, 292, 295, 308, 309, 310, 311, 312, 313, 314, 315, 316, 317, 318, 319, 320, 321, 324, 330, 333, 336, 365, 366]
S@group38;[179, 181, 182, 253, 254, 255, 289, 291, 292, 293, 294, 295, 297, 300, 302, 310, 316, 317, 318, 319, 320, 321, 322, 323, 324, 325, 326, 330]
H@group39;[24, 25, 27, 35, 39, 181, 182, 250, 252, 253, 254, 290, 291, 292, 293, 294, 295, 300, 301, 302, 303, 306, 309, 310, 314, 316, 317, 318, 319, 320, 321, 322, 323, 324, 325, 326, 327, 328, 329, 330, 331, 334, 417, 418, 419, 421, 422, 424, 425, 452, 459]
C@group40;[182, 183, 250, 251, 252, 253, 254, 309, 313, 314, 316, 320, 322, 323, 324, 325, 326, 327, 328, 329, 330, 331, 332, 333, 334, 335, 366, 369, 370, 417, 418, 451, 452]
H@group41;[14, 17, 18, 20, 21, 25, 304, 305, 306, 308, 309, 313, 324, 325, 326, 327, 328, 329, 330, 331, 332, 333, 334, 335, 336, 337, 338, 339, 340, 341, 342, 343, 344, 345, 346, 347, 348, 349, 350, 351, 352, 353, 357, 358, 359, 361, 362, 363, 364, 365, 366, 367, 368, 369, 370, 372, 373, 376, 391, 395, 397, 406, 407, 410, 411, 413, 414, 415, 417, 418, 452, 456, 459]
C@group42;[13, 14, 339, 340, 341, 342, 343, 344, 345, 346, 347, 348, 349, 350, 351, 352, 353, 354, 355, 356, 357, 358, 359, 360, 361, 362, 363, 367, 391, 395, 396, 397, 398, 399, 400, 402, 403, 406, 407, 410]
H@group43;[335, 336, 339, 340, 343, 349, 353, 354, 355, 358, 359, 360, 361, 362, 363, 364, 367, 368, 394, 395, 396, 397]
C@group44;[313, 314, 315, 327, 328, 329, 330, 331, 332, 333, 335, 336, 339, 340, 358, 359, 360, 361, 362, 363, 364, 365, 366, 367, 368, 369, 370, 371, 372, 373, 374, 375, 376, 391, 394, 395, 452, 456]
H@group45;[331, 332, 334, 335, 336, 339, 367, 368, 369, 370, 371, 372, 373, 374, 375, 376, 377, 378, 379, 380, 384, 386, 387, 389, 390, 391, 394, 407, 408, 411, 412, 414, 415, 451, 455, 456, 457, 458, 459, 462]
C@group46;[1, 373, 374, 375, 376, 377, 378, 379, 380, 381, 382, 383, 384, 385, 386, 387, 388, 401, 404, 408, 412, 457, 458]
H@group47;[1, 335, 339, 349, 361, 367, 368, 372, 375, 376, 379, 380, 381, 382, 383, 384, 385, 386, 387, 388, 389, 390, 391, 392, 393, 394, 395, 396, 397, 398, 399, 401, 404, 405, 407, 408]
C@group48;[336, 339, 343, 348, 349, 350, 353, 357, 358, 359, 361, 362, 367, 368, 388, 390, 391, 392, 393, 394, 395, 396, 397, 398, 399, 400, 401, 402, 403, 404, 405, 407]
H@group49;[1, 2, 3, 6, 9, 10, 11, 14, 15, 18, 19, 21, 22, 25, 26, 27, 28, 31, 32, 33, 35, 36, 37, 39, 40, 43, 44, 47, 64, 243, 245, 246, 248, 250, 254, 256, 257, 258, 259, 260, 261, 264, 288, 290, 300, 301, 302, 303, 306, 322, 324, 325, 326, 327, 330, 331, 332, 334, 335, 338, 339, 342, 348, 349, 350, 372, 373, 376, 377, 378, 379, 380, 383, 384, 385, 387, 388, 391, 397, 398, 399, 400, 401, 402, 403, 404, 405, 406, 407, 408, 409, 410, 411, 412, 413, 414, 415, 416, 417, 418, 419, 420, 421, 422, 423, 424, 425, 426, 427, 428, 429, 430, 431, 432, 433, 434, 435, 436, 437, 438, 442, 444, 446, 452, 456, 457, 458, 459, 462, 463, 465, 466, 467, 470, 471, 480, 481, 482]
C@group50;[232, 234, 235, 237, 240, 241, 242, 243, 245, 259, 261, 264, 429, 430, 431, 432, 433, 434, 435, 436, 437, 438, 439, 440, 441, 442, 443, 444, 445, 471, 474, 475, 477, 478, 479, 480]
S@group51;[222, 223, 226, 232, 233, 234, 235, 241, 243, 244, 245, 246, 247, 248, 249, 250, 251, 290, 426, 430, 433, 434, 436, 437, 442, 443, 444, 445, 446, 447, 448, 449, 450, 451, 453, 454, 463, 467, 478, 479, 480, 481, 482, 483, 484, 485, 486, 487, 488, 489]
C@group52;[249, 250, 251, 448, 449, 450, 451, 452, 453, 454, 455]
H@group53;[248, 249, 250, 251, 252, 326, 327, 328, 329, 331, 370, 371, 418, 448, 449, 450, 451, 452, 453, 454, 455, 456, 459, 460, 463, 482, 484]
C@group54;[331, 370, 371, 373, 374, 375, 377, 378, 411, 412, 415, 450, 451, 452, 453, 454, 455, 456, 457, 458, 459, 460, 461, 462]
H@group55;[29, 32, 33, 36, 250, 326, 331, 377, 378, 412, 415, 416, 418, 419, 420, 422, 423, 424, 426, 427, 430, 431, 436, 446, 448, 452, 453, 454, 455, 456, 457, 458, 459, 460, 461, 462, 463, 464, 465, 466, 467, 468, 469, 470, 471, 472, 473, 475, 476, 480, 481, 482, 484]
C@group56;[234, 235, 237, 241, 436, 441, 443, 444, 468, 469, 470, 471, 472, 473, 474, 475, 476, 477, 478, 479, 480, 481, 483]
S@group57;[226, 230, 232, 233, 234, 248, 250, 426, 430, 436, 437, 440, 441, 442, 443, 444, 445, 446, 447, 448, 449, 453, 454, 460, 463, 464, 467, 471, 474, 475, 476, 477, 478, 479, 480, 481, 482, 483, 484, 485, 486]
C@group58;[83, 85, 92, 94, 104, 106, 108, 110, 162, 216, 217, 218, 221, 222, 225, 226, 228, 229, 247, 249, 447, 448, 449, 483, 484, 485, 486, 487, 488, 489, 490, 491, 492, 493, 494]
H@group59;[69, 71, 72, 73, 74, 75, 77, 78, 79, 80, 81, 82, 83, 84, 85, 92, 94, 96, 98, 104, 106, 158, 159, 160, 161, 162, 172, 212, 213, 214, 216, 221, 222, 224, 225, 228, 486, 487, 488, 489, 490, 491, 492, 493, 494, 495, 496, 497, 498, 499, 500]
C@group60;[158, 172, 213, 214, 495, 496, 497, 498, 499, 500]
Binding site@ATP;[90, 91, 92, 93, 108, 109, 110, 111, 112, 487]
Nucleotide binding@ATP;[83, 84, 85, 92, 94, 96, 98, 104, 106, 108, 110, 162, 216, 217, 218, 221, 222, 224, 225, 226, 249, 449, 485, 486, 487, 488, 489, 490, 491, 492, 493, 494, 495, 496, 497]
Modified residue@N-acetylserine;[1, 2, 3, 4, 5, 6, 405]
Modified residue@Phosphoserine;[29, 32, 33, 36, 423, 424, 427, 465, 466, 467, 468, 469, 470, 471, 472]
domain@Hexokinase;[12, 13, 14, 15, 16, 17, 18, 19, 20, 21, 22, 23, 24, 25, 26, 27, 28, 29, 30, 31, 32, 33, 34, 35, 36, 37, 38, 39, 40, 41, 42, 43, 44, 45, 46, 47, 48, 49, 50, 51, 52, 53, 54, 55, 56, 57, 58, 59, 60, 61, 62, 63, 64, 65, 66, 67, 68, 69, 70, 71, 72, 73, 74, 75, 76, 77, 78, 79, 80, 81, 82, 83, 84, 85, 86, 87, 88, 89, 90, 91, 92, 93, 94, 95, 96, 97, 98, 99, 100, 101, 102, 103, 104, 105, 106, 107, 108, 109, 110, 111, 112, 113, 114, 115, 116, 117, 118, 119, 120, 121, 122, 123, 124, 125, 126, 127, 128, 129, 130, 131, 132, 133, 134, 135, 136, 137, 138, 139, 140, 141, 142, 143, 144, 145, 146, 147, 148, 149, 150, 151, 152, 153, 154, 155, 156, 157, 158, 159, 160, 161, 162, 163, 164, 165, 166, 167, 168, 169, 170, 171, 172, 173, 174, 175, 176, 177, 178, 179, 180, 181, 182, 183, 184, 185, 186, 187, 188, 189, 190, 191, 192, 193, 194, 195, 196, 197, 198, 199, 200, 201, 202, 203, 204, 205, 206, 207, 208, 209, 210, 211, 212, 213, 214, 215, 216, 217, 218, 219, 220, 221, 222, 223, 224, 225, 226, 227, 228, 229, 230, 231, 232, 233, 234, 235, 236, 237, 238, 239, 240, 241, 242, 243, 244, 245, 246, 247, 248, 249, 250, 251, 252, 253, 254, 255, 256, 257, 258, 259, 260, 261, 262, 263, 264, 265, 266, 267, 268, 269, 270, 271, 272, 273, 274, 275, 276, 277, 278, 279, 280, 281, 282, 283, 284, 285, 286, 287, 288, 289, 290, 291, 292, 293, 294, 295, 296, 297, 298, 299, 300, 301, 302, 303, 304, 305, 306, 307, 308, 309, 310, 311, 312, 313, 314, 315, 316, 317, 318, 319, 320, 321, 322, 323, 324, 325, 326, 327, 328, 329, 330, 331, 332, 333, 334, 335, 336, 337, 338, 339, 340, 341, 342, 343, 344, 345, 346, 347, 348, 349, 350, 351, 352, 353, 354, 355, 356, 357, 358, 359, 360, 361, 362, 363, 364, 365, 366, 367, 368, 369, 370, 371, 372, 373, 374, 375, 376, 377, 378, 379, 380, 381, 382, 383, 384, 385, 386, 387, 388, 389, 390, 391, 392, 393, 394, 395, 396, 397, 398, 399, 400, 401, 402, 403, 404, 405, 406, 407, 408, 409, 410, 411, 412, 413, 414, 415, 416, 417, 418, 419, 420, 421, 422, 423, 424, 425, 426, 427, 428, 429, 430, 431, 432, 433, 434, 435, 436, 437, 438, 439, 440, 441, 442, 443, 444, 445, 446, 447, 448, 449, 450, 451, 452, 453, 454, 455, 456, 457, 458, 459, 460, 461, 462, 463, 464, 465, 466, 467, 468, 469, 470, 471, 472, 473, 474, 475, 476, 477, 478, 479, 480, 481, 482, 483, 484, 485, 486, 487, 488, 489, 490, 491, 492, 493, 494, 495, 496, 497, 498]
Region@Hexokinase small subdomain;[74, 75, 76, 77, 78, 79, 80, 81, 82, 83, 84, 85, 86, 87, 88, 89, 90, 91, 92, 93, 94, 95, 96, 97, 98, 99, 100, 101, 102, 103, 104, 105, 106, 107, 108, 109, 110, 111, 112, 113, 114, 115, 116, 117, 118, 119, 120, 121, 122, 123, 124, 125, 126, 127, 128, 129, 130, 131, 132, 133, 134, 135, 136, 137, 138, 139, 140, 141, 142, 143, 144, 145, 146, 147, 148, 149, 150, 151, 152, 153, 154, 155, 156, 157, 158, 159, 160, 161, 162, 163, 164, 165, 166, 167, 168, 169, 170, 171, 172, 173, 174, 175, 176, 177, 178, 179, 180, 181, 182, 183, 184, 185, 186, 187, 188, 189, 190, 191, 192, 193, 194, 195, 196, 197, 198, 199, 200, 201, 202, 203, 204, 205, 206, 207, 208, 209, 210, 211, 212, 213, 214, 215, 216]
Region@Glucose-binding;[56, 63, 65, 66, 67, 68, 69, 70, 80, 81, 82, 83, 84, 85, 86, 87, 88, 89, 91, 93, 113, 117, 118, 119, 125, 128, 129, 132, 136, 155, 156, 157, 158, 159, 160, 161, 162, 163, 164, 165, 166, 167, 168, 169, 170, 171, 172, 173, 174, 175, 176, 177, 178, 179, 180, 181, 182, 183, 184, 185, 186, 187, 189, 190, 191, 192, 193, 194, 195, 196, 198, 202, 207, 210, 211, 212, 213, 214, 215, 216, 217, 218, 219, 220, 221, 252, 253, 254, 255, 287, 289, 291, 292, 316, 319, 320, 323, 329, 330, 489, 490, 493, 494, 496, 497, 498, 499, 500]
Region@Hexokinase large subdomain;[217, 218, 219, 220, 221, 222, 223, 224, 225, 226, 227, 228, 229, 230, 231, 232, 233, 234, 235, 236, 237, 238, 239, 240, 241, 242, 243, 244, 245, 246, 247, 248, 249, 250, 251, 252, 253, 254, 255, 256, 257, 258, 259, 260, 261, 262, 263, 264, 265, 266, 267, 268, 269, 270, 271, 272, 273, 274, 275, 276, 277, 278, 279, 280, 281, 282, 283, 284, 285, 286, 287, 288, 289, 290, 291, 292, 293, 294, 295, 296, 297, 298, 299, 300, 301, 302, 303, 304, 305, 306, 307, 308, 309, 310, 311, 312, 313, 314, 315, 316, 317, 318, 319, 320, 321, 322, 323, 324, 325, 326, 327, 328, 329, 330, 331, 332, 333, 334, 335, 336, 337, 338, 339, 340, 341, 342, 343, 344, 345, 346, 347, 348, 349, 350, 351, 352, 353, 354, 355, 356, 357, 358, 359, 360, 361, 362, 363, 364, 365, 366, 367, 368, 369, 370, 371, 372, 373, 374, 375, 376, 377, 378, 379, 380, 381, 382, 383, 384, 385, 386, 387, 388, 389, 390, 391, 392, 393, 394, 395, 396, 397, 398, 399, 400, 401, 402, 403, 404, 405, 406, 407, 408, 409, 410, 411, 412, 413, 414, 415, 416, 417, 418, 419, 420, 421, 422, 423, 424, 425, 426, 427, 428, 429, 430, 431, 432, 433, 434, 435, 436, 437, 438, 439, 440, 441, 442, 443, 444, 445, 446, 447, 448, 449, 450, 451, 452, 453, 454, 455, 456, 457, 458, 459, 460, 461, 462, 463, 464, 465, 466, 467, 468, 469, 470, 471, 472, 473, 474, 475, 476, 477, 478, 479, 480, 481, 482, 483, 484, 485, 486, 487]
test_site@test;[89, 90, 91, 92, 93, 109, 110, 111, 112, 113, 114, 115, 116, 117, 118, 119, 131, 135]