P11914	Transit peptide@_group0	[1, 2, 3, 4, 5, 6, 7, 8, 9, 10, 11, 12, 13]	13	[516, 517, 518, 541, 543, 544, 545, 546, 547, 553, 554, 555, 556, 557, 558, 560, 562, 563, 564, 565, 566, 567, 568, 569, 570, 571, 572, 574, 581, 582, 583, 597, 598, 599]	14_470_1hr6.1.A_5cd62270a03a1b700033d693.pdb
P11914	Beta strand@_group1	[20, 21, 22, 23]	4	[19, 20, 21, 22, 23, 24, 29, 31]	14_470_1hr6.1.A_5cd62270a03a1b700033d693.pdb
P11914	Beta strand@_group2	[29, 30, 31, 32, 33, 34]	6	[18, 19, 21, 23, 28, 29, 30, 31, 32, 33, 34, 35, 201, 202, 203, 204]	14_470_1hr6.1.A_5cd62270a03a1b700033d693.pdb
P11914	Beta strand@_group3	[38, 39, 40, 41, 42, 43, 44, 45, 46, 47]	10	[37, 38, 39, 40, 41, 42, 43, 44, 45, 46, 47, 48, 101, 103, 105, 107, 200, 202, 204]	14_470_1hr6.1.A_5cd62270a03a1b700033d693.pdb
P11914	Beta strand@_group4	[72, 73, 74, 75]	4	[71, 72, 73, 74, 75, 76, 125, 126]	14_470_1hr6.1.A_5cd62270a03a1b700033d693.pdb
P11914	Beta strand@_group5	[91, 92, 93, 94, 95]	5	[90, 91, 92, 93, 94, 95, 96, 100, 102, 104]	14_470_1hr6.1.A_5cd62270a03a1b700033d693.pdb
P11914	Beta strand@_group6	[100, 101, 102, 103, 104, 105, 106]	7	[41, 43, 45, 91, 93, 95, 99, 100, 101, 102, 103, 104, 105, 106, 107]	14_470_1hr6.1.A_5cd62270a03a1b700033d693.pdb
P11914	Beta strand@_group7	[200, 201, 202, 203, 204, 205, 206, 207]	8	[29, 30, 31, 32, 35, 36, 42, 44, 46, 199, 200, 201, 202, 203, 204, 205, 206, 207, 208]	14_470_1hr6.1.A_5cd62270a03a1b700033d693.pdb
P11914	Beta strand@_group8	[240, 241, 242, 243, 244]	5	[239, 240, 241, 242, 243, 244, 245, 443, 444, 446, 447]	14_470_1hr6.1.A_5cd62270a03a1b700033d693.pdb
P11914	Beta strand@_group9	[251, 252, 253]	3	[250, 251, 252, 253, 254]	14_470_1hr6.1.A_5cd62270a03a1b700033d693.pdb
P11914	Beta strand@_group10	[257, 258, 259, 260, 261, 262, 263, 264]	8	[256, 257, 258, 259, 260, 261, 262, 263, 264, 265, 328, 330, 332, 334, 444, 446, 448]	14_470_1hr6.1.A_5cd62270a03a1b700033d693.pdb
P11914	Beta strand@_group11	[285, 286, 287, 288, 289]	5	[284, 285, 286, 287, 288, 289, 290, 302, 315, 317]	14_470_1hr6.1.A_5cd62270a03a1b700033d693.pdb
P11914	Beta strand@_group12	[311, 312, 313, 314, 315, 316, 317, 318, 319, 320, 321, 322]	12	[285, 286, 287, 310, 311, 312, 313, 314, 315, 316, 317, 318, 319, 320, 321, 322, 323, 327, 329, 331, 333, 334, 335]	14_470_1hr6.1.A_5cd62270a03a1b700033d693.pdb
P11914	Beta strand@_group13	[327, 328, 329, 330, 331, 332, 333, 334, 335]	9	[258, 260, 262, 264, 265, 266, 313, 315, 316, 318, 320, 322, 326, 327, 328, 329, 330, 331, 332, 333, 334, 335, 336]	14_470_1hr6.1.A_5cd62270a03a1b700033d693.pdb
P11914	Beta strand@_group14	[443, 444, 445, 446, 447, 448]	6	[239, 240, 241, 243, 244, 246, 257, 259, 261, 442, 443, 444, 445, 446, 447, 448, 449]	14_470_1hr6.1.A_5cd62270a03a1b700033d693.pdb
P11914	Helix@_group15	[50, 51, 52]	3	[49, 50, 51, 52, 53, 97, 167]	14_470_1hr6.1.A_5cd62270a03a1b700033d693.pdb
P11914	Helix@_group16	[60, 61, 62, 63, 64, 65, 66]	7	[59, 60, 61, 62, 63, 64, 65, 66, 67]	14_470_1hr6.1.A_5cd62270a03a1b700033d693.pdb
P11914	Helix@_group17	[77, 78, 79, 80, 81, 82, 83, 84, 85, 86]	10	[71, 76, 77, 78, 79, 80, 81, 82, 83, 84, 85, 86, 87, 89]	14_470_1hr6.1.A_5cd62270a03a1b700033d693.pdb
P11914	Helix@_group18	[108, 109, 110]	3	[107, 108, 109, 110, 111]	14_470_1hr6.1.A_5cd62270a03a1b700033d693.pdb
P11914	Helix@_group19	[111, 112, 113, 114, 115, 116, 117, 118, 119, 120, 121, 122, 123]	13	[110, 111, 112, 113, 114, 115, 116, 117, 118, 119, 120, 121, 122, 123, 124, 125]	14_470_1hr6.1.A_5cd62270a03a1b700033d693.pdb
P11914	Helix@_group20	[129, 130, 131, 132, 133, 134, 135, 136, 137, 138, 139, 140, 141, 142, 143, 144, 145, 146]	18	[128, 129, 130, 131, 132, 133, 134, 135, 136, 137, 138, 139, 140, 141, 142, 143, 144, 145, 146, 147]	14_470_1hr6.1.A_5cd62270a03a1b700033d693.pdb
P11914	Helix@_group21	[150, 151, 152, 153, 154, 155, 156, 157, 158, 159, 160, 161, 162]	13	[149, 150, 151, 152, 153, 154, 155, 156, 157, 158, 159, 160, 161, 162, 163, 165, 169, 239]	14_470_1hr6.1.A_5cd62270a03a1b700033d693.pdb
P11914	Helix@_group22	[167, 168, 169]	3	[51, 159, 160, 163, 165, 166, 167, 168, 169, 170]	14_470_1hr6.1.A_5cd62270a03a1b700033d693.pdb
P11914	Helix@_group23	[176, 177, 178, 179, 180, 181]	6	[175, 176, 177, 178, 179, 180, 181, 182]	14_470_1hr6.1.A_5cd62270a03a1b700033d693.pdb
P11914	Helix@_group24	[184, 185, 186, 187, 188, 189, 190, 191, 192, 193, 194]	11	[183, 184, 185, 186, 187, 188, 189, 190, 191, 192, 193, 194, 195]	14_470_1hr6.1.A_5cd62270a03a1b700033d693.pdb
P11914	Helix@_group25	[197, 198, 199]	3	[27, 28, 196, 197, 198, 199, 200]	14_470_1hr6.1.A_5cd62270a03a1b700033d693.pdb
P11914	Helix@_group26	[209, 210, 211, 212, 213, 214, 215, 216, 217, 218, 219, 220]	12	[208, 209, 210, 211, 212, 213, 214, 215, 216, 217, 218, 219, 220, 221]	14_470_1hr6.1.A_5cd62270a03a1b700033d693.pdb
P11914	Helix@_group27	[273, 274, 275, 276, 277, 278, 279, 280, 281, 282, 283]	11	[272, 273, 274, 275, 276, 277, 278, 279, 280, 281, 282, 283, 284, 301, 370]	14_470_1hr6.1.A_5cd62270a03a1b700033d693.pdb
P11914	Helix@_group28	[301, 302, 303, 304, 305]	5	[283, 285, 300, 301, 302, 303, 304, 305, 306, 307]	14_470_1hr6.1.A_5cd62270a03a1b700033d693.pdb
P11914	Helix@_group29	[337, 338, 339, 340, 341, 342]	6	[336, 337, 338, 339, 340, 341, 342, 343, 453]	14_470_1hr6.1.A_5cd62270a03a1b700033d693.pdb
P11914	Helix@_group30	[343, 344, 345, 346, 347, 348, 349, 350, 351, 352]	10	[342, 343, 344, 345, 346, 347, 348, 349, 350, 351, 352, 353]	14_470_1hr6.1.A_5cd62270a03a1b700033d693.pdb
P11914	Helix@_group31	[364, 365, 366, 367, 368, 369, 370, 371, 372, 373, 374, 375, 376, 377, 378, 379, 380, 381]	18	[282, 363, 364, 365, 366, 367, 368, 369, 370, 371, 372, 373, 374, 375, 376, 377, 378, 379, 380, 381, 382]	14_470_1hr6.1.A_5cd62270a03a1b700033d693.pdb
P11914	Helix@_group32	[385, 386, 387, 388, 389, 390, 391, 392, 393, 394, 395, 396, 397, 398, 399]	15	[384, 385, 386, 387, 388, 389, 390, 391, 392, 393, 394, 395, 396, 397, 398, 399, 400, 401]	14_470_1hr6.1.A_5cd62270a03a1b700033d693.pdb
P11914	Helix@_group33	[405, 406, 407, 408, 409, 410, 411, 412, 413]	9	[404, 405, 406, 407, 408, 409, 410, 411, 412, 413, 414]	14_470_1hr6.1.A_5cd62270a03a1b700033d693.pdb
P11914	Helix@_group34	[417, 418, 419, 420, 421, 422, 423, 424, 425, 426, 427, 428]	12	[416, 417, 418, 419, 420, 421, 422, 423, 424, 425, 426, 427, 428, 429, 431]	14_470_1hr6.1.A_5cd62270a03a1b700033d693.pdb
P11914	Helix@_group35	[450, 451, 452, 453]	4	[341, 449, 450, 451, 452, 453, 454]	14_470_1hr6.1.A_5cd62270a03a1b700033d693.pdb
P11914	Helix@_group36	[456, 457, 458, 459, 460, 461, 462]	7	[455, 456, 457, 458, 459, 460, 461, 462, 463, 464]	14_470_1hr6.1.A_5cd62270a03a1b700033d693.pdb
P11914	Turn@_group37	[15, 16, 17, 18]	4	[14, 15, 16, 17, 18, 19, 33]	14_470_1hr6.1.A_5cd62270a03a1b700033d693.pdb
P11914	Turn@_group38	[54, 55, 56, 57, 58, 59]	6	[53, 54, 55, 56, 57, 58, 59, 60]	14_470_1hr6.1.A_5cd62270a03a1b700033d693.pdb
P11914	Turn@_group39	[67, 68, 69]	3	[64, 66, 67, 68, 69, 70]	14_470_1hr6.1.A_5cd62270a03a1b700033d693.pdb
P11914	Turn@_group40	[163, 164, 165]	3	[160, 162, 163, 164, 165, 166, 169, 170, 237]	14_470_1hr6.1.A_5cd62270a03a1b700033d693.pdb
P11914	Turn@_group41	[306, 307, 308, 309]	4	[303, 305, 306, 307, 308, 309, 310]	14_470_1hr6.1.A_5cd62270a03a1b700033d693.pdb
P11914	Turn@_group42	[353, 354, 355]	3	[352, 353, 354, 355, 356, 357]	14_470_1hr6.1.A_5cd62270a03a1b700033d693.pdb
P11914	P10507+P11914_interface@_group43	[23, 25, 36, 37, 38, 39, 52, 55, 66, 78, 85, 86, 88, 89, 90, 92, 107, 141, 147, 148, 149, 151, 152, 161, 163, 164, 165, 166, 176, 181, 185, 210, 218, 236, 253, 254, 256, 284, 287, 288, 289, 290, 291, 292, 293, 294, 295, 296, 298, 299, 301, 302, 303, 304, 305, 308, 309, 310, 311, 314, 315, 320, 321, 336, 361, 369, 372, 373, 375, 376, 377, 378, 379, 380, 381, 382, 383, 384, 386, 387, 390, 391, 394, 401, 409, 441, 443, 444, 447]	89	[22, 23, 24, 25, 26, 29, 35, 36, 37, 38, 39, 40, 51, 52, 53, 54, 55, 56, 65, 66, 67, 77, 78, 79, 84, 85, 86, 87, 88, 89, 90, 91, 92, 93, 106, 107, 108, 140, 141, 142, 146, 147, 148, 149, 150, 151, 152, 153, 160, 161, 162, 163, 164, 165, 166, 167, 169, 170, 175, 176, 177, 180, 181, 182, 184, 185, 186, 206, 209, 210, 211, 217, 218, 219, 235, 236, 237, 239, 240, 241, 244, 252, 253, 254, 255, 256, 257, 261, 281, 283, 284, 285, 286, 287, 288, 289, 290, 291, 292, 293, 294, 295, 296, 297, 298, 299, 300, 301, 302, 303, 304, 305, 306, 307, 308, 309, 310, 311, 312, 313, 314, 315, 316, 319, 320, 321, 322, 329, 334, 335, 336, 337, 360, 361, 362, 368, 369, 370, 371, 372, 373, 374, 375, 376, 377, 378, 379, 380, 381, 382, 383, 384, 385, 386, 387, 388, 389, 390, 391, 392, 393, 394, 395, 396, 397, 400, 401, 402, 408, 409, 410, 436, 440, 441, 442, 443, 444, 445, 446, 447, 448]	14_470_1hr6.1.A_5cd62270a03a1b700033d693.pdb
