P53899	Modified residue@_group0	[273]	1	[6, 7, 8, 9, 10, 11, 12, 13, 14, 15, 16, 17, 18, 20, 25, 27, 28, 29, 30, 31, 32, 33, 34, 35, 36, 37, 38, 39, 40, 41, 42, 43, 45, 46, 47, 48, 49, 50, 51, 52, 53, 54, 55, 56, 57, 58, 59, 60, 61, 62, 63, 64, 65, 66, 67, 68, 69, 70, 71, 72, 73, 74, 76, 77, 78, 81, 82, 83, 84, 85, 86, 87, 88, 89, 90, 91, 92, 93, 94, 95, 96, 97, 98, 100, 102, 103, 104, 105, 106, 107, 108, 109, 110, 111, 112, 113, 114, 115, 116, 117, 120, 122, 123, 124, 125, 126, 127, 128, 129, 130, 132, 133, 134, 135, 136, 137, 138, 139, 140, 141, 142, 143, 144, 145, 146, 147, 148, 149, 150, 151, 152, 153, 154, 155]	151_255_3au5.1.A_5cd5e245a03a1b5ac5e7ba61.pdb
P53899	Region@_group1	[170, 171, 172, 173, 174, 175, 176, 177, 178, 179, 180, 181, 182, 183, 184, 185, 186, 187, 188, 189, 190, 191, 192, 193, 194, 195, 196, 197, 198, 199, 200, 201, 202, 203, 204, 205, 206, 207, 208, 209, 210, 211, 212, 213, 214, 215, 216, 217, 218, 219, 220, 221, 222, 223, 224, 225, 226, 227, 228, 229, 230, 231, 232, 233, 234, 235, 236, 237, 238, 239, 240, 241, 242, 243, 244, 245, 246, 247, 248, 249, 250, 251, 252, 253, 254, 255, 256, 257, 258, 259, 260, 261, 262, 263, 264, 265, 266]	97	[169, 170, 171, 172, 173, 174, 175, 176, 177, 178, 179, 180, 181, 182, 183, 184, 185, 186, 187, 188, 189, 190, 191, 192, 193, 194, 195, 196, 197, 198, 199, 200, 201, 202, 203, 204, 205, 206, 207, 208, 209, 210, 211, 212, 213, 214, 215, 216, 217, 218, 219, 220, 221, 222, 223, 224, 225, 226, 227, 228, 229, 230, 231, 232, 233, 234, 235, 236, 237, 238, 239, 240, 241, 242, 243, 244, 245, 246, 247, 248, 249, 250, 251, 252, 253, 254, 255]	151_255_3au5.1.A_5cd5e245a03a1b5ac5e7ba61.pdb
P53899	Zinc finger@_group2	[15, 16, 17, 18, 19, 20, 21, 22, 23, 24, 25, 26, 27, 28, 29, 30, 31, 32, 33, 34, 35, 36, 37, 38, 39, 40, 41, 42, 43, 44, 45, 46, 47, 48, 49, 50, 51, 52, 53, 54, 55, 56, 57, 58]	44	[169, 170, 171, 172, 173, 174, 175, 176, 177, 178, 179, 180, 181, 182, 183, 184, 185, 186, 187, 188, 189, 190, 191, 192, 193, 194, 195, 196, 197, 198, 199, 200, 201, 202, 203, 204, 205, 206, 207, 208, 209, 210, 211, 212, 213, 214, 215, 216, 217, 218, 219, 220, 221, 222, 223, 224, 225, 226, 227, 228, 229, 230, 231, 232, 233, 234, 235, 236, 237, 238, 239, 240, 241, 242, 243, 244, 245, 246, 247, 248, 249, 250, 251, 252, 253, 254, 255]	151_255_3au5.1.A_5cd5e245a03a1b5ac5e7ba61.pdb
P53899	Beta strand@_group3	[19, 20, 21]	3	[169, 170, 171, 172, 173, 174, 175, 176, 177, 178, 179, 180, 181, 182, 183, 184, 185, 186, 187, 188, 189, 190, 191, 192, 193, 194, 195, 196, 197, 198, 199, 200, 201, 202, 203, 204, 205, 206, 207, 208, 209, 210, 211, 212, 213, 214, 215, 216, 217, 218, 219, 220, 221, 222, 223, 224, 225, 226, 227, 228, 229, 230, 231, 232, 233, 234, 235, 236, 237, 238, 239, 240, 241, 242, 243, 244, 245, 246, 247, 248, 249, 250, 251, 252, 253, 254, 255]	151_255_3au5.1.A_5cd5e245a03a1b5ac5e7ba61.pdb
P53899	Beta strand@_group4	[24, 25, 26, 27]	4	[169, 170, 171, 172, 173, 174, 175, 176, 177, 178, 179, 180, 181, 182, 183, 184, 185, 186, 187, 188, 189, 190, 191, 192, 193, 194, 195, 196, 197, 198, 199, 200, 201, 202, 203, 204, 205, 206, 207, 208, 209, 210, 211, 212, 213, 214, 215, 216, 217, 218, 219, 220, 221, 222, 223, 224, 225, 226, 227, 228, 229, 230, 231, 232, 233, 234, 235, 236, 237, 238, 239, 240, 241, 242, 243, 244, 245, 246, 247, 248, 249, 250, 251, 252, 253, 254, 255]	151_255_3au5.1.A_5cd5e245a03a1b5ac5e7ba61.pdb
P53899	Helix@_group5	[40, 41, 42]	3	[169, 170, 171, 172, 173, 174, 175, 176, 177, 178, 179, 180, 181, 182, 183, 184, 185, 186, 187, 188, 189, 190, 191, 192, 193, 194, 195, 196, 197, 198, 199, 200, 201, 202, 203, 204, 205, 206, 207, 208, 209, 210, 211, 212, 213, 214, 215, 216, 217, 218, 219, 220, 221, 222, 223, 224, 225, 226, 227, 228, 229, 230, 231, 232, 233, 234, 235, 236, 237, 238, 239, 240, 241, 242, 243, 244, 245, 246, 247, 248, 249, 250, 251, 252, 253, 254, 255]	151_255_3au5.1.A_5cd5e245a03a1b5ac5e7ba61.pdb
P53899	Helix@_group6	[46, 47, 48]	3	[169, 170, 171, 172, 173, 174, 175, 176, 177, 178, 179, 180, 181, 182, 183, 184, 185, 186, 187, 188, 189, 190, 191, 192, 193, 194, 195, 196, 197, 198, 199, 200, 201, 202, 203, 204, 205, 206, 207, 208, 209, 210, 211, 212, 213, 214, 215, 216, 217, 218, 219, 220, 221, 222, 223, 224, 225, 226, 227, 228, 229, 230, 231, 232, 233, 234, 235, 236, 237, 238, 239, 240, 241, 242, 243, 244, 245, 246, 247, 248, 249, 250, 251, 252, 253, 254, 255]	151_255_3au5.1.A_5cd5e245a03a1b5ac5e7ba61.pdb
P53899	Helix@_group7	[51, 52, 53, 54, 55]	5	[169, 170, 171, 172, 173, 174, 175, 176, 177, 178, 179, 180, 181, 182, 183, 184, 185, 186, 187, 188, 189, 190, 191, 192, 193, 194, 195, 196, 197, 198, 199, 200, 201, 202, 203, 204, 205, 206, 207, 208, 209, 210, 211, 212, 213, 214, 215, 216, 217, 218, 219, 220, 221, 222, 223, 224, 225, 226, 227, 228, 229, 230, 231, 232, 233, 234, 235, 236, 237, 238, 239, 240, 241, 242, 243, 244, 245, 246, 247, 248, 249, 250, 251, 252, 253, 254, 255]	151_255_3au5.1.A_5cd5e245a03a1b5ac5e7ba61.pdb
P53899	Turn@_group8	[32, 33, 34]	3	[169, 170, 171, 172, 173, 174, 175, 176, 177, 178, 179, 180, 181, 182, 183, 184, 185, 186, 187, 188, 189, 190, 191, 192, 193, 194, 195, 196, 197, 198, 199, 200, 201, 202, 203, 204, 205, 206, 207, 208, 209, 210, 211, 212, 213, 214, 215, 216, 217, 218, 219, 220, 221, 222, 223, 224, 225, 226, 227, 228, 229, 230, 231, 232, 233, 234, 235, 236, 237, 238, 239, 240, 241, 242, 243, 244, 245, 246, 247, 248, 249, 250, 251, 252, 253, 254, 255]	151_255_3au5.1.A_5cd5e245a03a1b5ac5e7ba61.pdb
P53899	P53899+Q07438_interface@_group9	[16, 20, 22, 30, 33, 35, 36, 37, 41, 43, 45, 46, 51, 88, 95, 159, 161, 164, 165, 168, 169, 199, 200, 202, 209, 223]	26	[158, 159, 160, 161, 162, 163, 164, 165, 166, 167, 168, 169, 170, 198, 199, 200, 201, 202, 203, 208, 209, 210, 222, 223, 224, 228, 229, 251]	151_255_3au5.1.A_5cd5e245a03a1b5ac5e7ba61.pdb
P53899	P53899+Q08842_interface@_group10	[16, 20, 22, 30, 33, 35, 36, 37, 41, 43, 45, 46, 51, 88, 95, 159, 161, 164, 165, 168, 169, 199, 200, 202, 209, 223]	26	[158, 159, 160, 161, 162, 163, 164, 165, 166, 167, 168, 169, 170, 198, 199, 200, 201, 202, 203, 208, 209, 210, 222, 223, 224, 228, 229, 251]	151_255_3au5.1.A_5cd5e245a03a1b5ac5e7ba61.pdb
P53899	P25694+P53899_interface@_group11	[16, 20, 22, 30, 33, 35, 36, 37, 41, 43, 45, 46, 51, 88, 95, 159, 161, 164, 165, 168, 169, 199, 200, 202, 209, 223]	26	[158, 159, 160, 161, 162, 163, 164, 165, 166, 167, 168, 169, 170, 198, 199, 200, 201, 202, 203, 208, 209, 210, 222, 223, 224, 228, 229, 251]	151_255_3au5.1.A_5cd5e245a03a1b5ac5e7ba61.pdb
P53899	P34218+P53899_interface@_group12	[16, 20, 22, 30, 33, 35, 36, 37, 41, 43, 45, 46, 51, 88, 95, 159, 161, 164, 165, 168, 169, 199, 200, 202, 209, 223]	26	[158, 159, 160, 161, 162, 163, 164, 165, 166, 167, 168, 169, 170, 198, 199, 200, 201, 202, 203, 208, 209, 210, 222, 223, 224, 228, 229, 251]	151_255_3au5.1.A_5cd5e245a03a1b5ac5e7ba61.pdb
