P32328	Nucleotide binding@_group0	[175, 176, 177, 178, 179, 180, 181, 182, 183]	9	[174, 175, 176, 177, 178, 179, 180, 181, 182, 183, 184, 198, 200, 365, 367]	167_500_6bxi.1.A_5cd71a1208cc8f6e0e2b704b.pdb
P32328	Binding site@_group1	[198]	1	[183, 197, 198, 199]	167_500_6bxi.1.A_5cd71a1208cc8f6e0e2b704b.pdb
P32328	Active site@_group2	[292]	1	[291, 292, 293]	167_500_6bxi.1.A_5cd71a1208cc8f6e0e2b704b.pdb
P32328	Modified residue@_group3	[17]	1	[291, 292, 293]	167_500_6bxi.1.A_5cd71a1208cc8f6e0e2b704b.pdb
P32328	Modified residue@_group4	[366]	1	[365, 366, 367]	167_500_6bxi.1.A_5cd71a1208cc8f6e0e2b704b.pdb
P32328	Modified residue@_group5	[536]	1	[365, 366, 367]	167_500_6bxi.1.A_5cd71a1208cc8f6e0e2b704b.pdb
P32328	Domain [FT]@_group6	[169, 170, 171, 172, 173, 174, 175, 176, 177, 178, 179, 180, 181, 182, 183, 184, 185, 186, 187, 188, 189, 190, 191, 192, 193, 194, 195, 196, 197, 198, 199, 200, 201, 202, 203, 204, 205, 206, 207, 208, 209, 210, 211, 212, 213, 214, 215, 216, 217, 218, 219, 220, 221, 222, 223, 224, 225, 226, 227, 228, 229, 230, 231, 232, 233, 234, 235, 236, 237, 238, 239, 240, 241, 242, 243, 244, 245, 246, 247, 248, 249, 250, 251, 252, 253, 254, 255, 256, 257, 258, 259, 260, 261, 262, 263, 264, 265, 266, 267, 268, 269, 270, 271, 272, 273, 274, 275, 276, 277, 278, 279, 280, 281, 282, 283, 284, 285, 286, 287, 288, 289, 290, 291, 292, 293, 294, 295, 296, 297, 298, 299, 300, 301, 302, 303, 304, 305, 306, 307, 308, 309, 310, 311, 312, 313, 314, 315, 316, 317, 318, 319, 320, 321, 322, 323, 324, 325, 326, 327, 328, 329, 330, 331, 332, 333, 334, 335, 336, 337, 338, 339, 340, 341, 342, 343, 344, 345, 346, 347, 348, 349, 350, 351, 352, 353, 354, 355, 356, 357, 358, 359, 360, 361, 362, 363, 364, 365, 366, 367, 368, 369, 370, 371, 372, 373, 374, 375, 376, 377, 378, 379, 380, 381, 382, 383, 384, 385, 386, 387, 388, 389, 390, 391, 392, 393, 394, 395, 396, 397, 398, 399, 400, 401, 402, 403, 404, 405, 406, 407, 408, 409, 410, 411, 412, 413, 414, 415, 416, 417, 418, 419, 420, 421, 422, 423, 424, 425, 426, 427, 428, 429, 430, 431, 432, 433, 434, 435, 436, 437, 438, 439, 440, 441, 442, 443, 444, 445, 446, 447, 448, 449, 450, 451, 452, 453, 454, 455, 456, 457, 458, 459, 460, 461, 462, 463, 464, 465, 466, 467, 468, 469]	301	[169, 170, 171, 172, 173, 174, 175, 176, 177, 178, 179, 180, 181, 182, 183, 184, 185, 186, 187, 188, 189, 190, 191, 192, 193, 194, 195, 196, 197, 198, 199, 200, 201, 202, 203, 204, 205, 206, 207, 208, 209, 210, 211, 212, 213, 214, 215, 216, 217, 218, 219, 220, 221, 222, 223, 224, 225, 226, 227, 228, 229, 230, 231, 232, 233, 234, 235, 236, 237, 238, 239, 240, 241, 242, 243, 244, 245, 246, 247, 248, 249, 250, 251, 252, 253, 254, 255, 256, 257, 258, 259, 260, 261, 262, 263, 264, 265, 266, 267, 268, 269, 270, 271, 272, 273, 274, 275, 276, 277, 278, 279, 280, 281, 282, 283, 284, 285, 286, 287, 288, 289, 290, 291, 292, 293, 294, 295, 296, 297, 298, 299, 300, 301, 302, 303, 304, 305, 306, 307, 308, 309, 310, 311, 312, 313, 314, 315, 316, 317, 318, 319, 320, 321, 322, 323, 324, 325, 326, 327, 328, 329, 330, 331, 332, 333, 334, 335, 336, 337, 338, 339, 340, 341, 342, 343, 344, 345, 346, 347, 348, 349, 350, 351, 352, 353, 354, 355, 356, 357, 358, 359, 360, 361, 362, 363, 364, 365, 366, 367, 368, 369, 370, 371, 372, 373, 374, 375, 376, 377, 378, 379, 380, 381, 382, 383, 384, 385, 386, 387, 388, 389, 390, 391, 392, 393, 394, 395, 396, 397, 398, 399, 400, 401, 402, 403, 404, 405, 406, 407, 408, 409, 410, 411, 412, 413, 414, 415, 416, 417, 418, 419, 420, 421, 422, 423, 424, 425, 426, 427, 428, 429, 430, 431, 432, 433, 434, 435, 436, 437, 438, 439, 440, 441, 442, 443, 444, 445, 446, 447, 448, 449, 450, 451, 452, 453, 454, 455, 456, 457, 458, 459, 460, 461, 462, 463, 464, 465, 466, 467, 468, 469]	167_500_6bxi.1.A_5cd71a1208cc8f6e0e2b704b.pdb
P32328	Domain [FT]@_group7	[470, 471, 472, 473, 474, 475, 476, 477, 478, 479, 480, 481, 482, 483, 484, 485, 486, 487, 488, 489, 490, 491, 492, 493, 494, 495, 496, 497, 498, 499, 500, 501, 502, 503, 504, 505, 506, 507, 508, 509, 510, 511, 512, 513, 514, 515, 516, 517, 518, 519, 520, 521, 522, 523, 524, 525, 526, 527, 528, 529, 530, 531, 532, 533, 534, 535, 536, 537, 538, 539, 540, 541, 542, 543, 544, 545, 546, 547]	78	[469, 470, 471, 472, 473, 474, 475, 476, 477, 478, 479, 480, 481, 482, 483, 484, 485, 486, 487, 488, 489, 490, 491, 492, 493, 494, 495, 496, 497, 498, 499, 500]	167_500_6bxi.1.A_5cd71a1208cc8f6e0e2b704b.pdb
P32328	P32328+P49687_interface@_group8	[170, 177, 180, 187, 188, 192, 193, 218, 225, 227, 250, 253, 255, 268, 285, 288, 291, 296, 301, 372, 383, 399, 448, 487, 491, 492, 496, 498, 499, 502, 503]	31	[169, 170, 171, 176, 177, 178, 179, 180, 181, 182, 186, 187, 188, 189, 191, 192, 193, 194, 215, 217, 218, 219, 224, 225, 226, 227, 228, 249, 250, 251, 252, 253, 254, 255, 256, 267, 268, 269, 284, 285, 286, 287, 288, 289, 290, 291, 292, 295, 296, 297, 299, 300, 301, 302, 371, 372, 373, 382, 383, 384, 396, 398, 399, 400, 403, 404, 405, 445, 447, 448, 449, 486, 487, 488, 490, 491, 492, 493, 495, 496, 497, 498, 499, 500]	167_500_6bxi.1.A_5cd71a1208cc8f6e0e2b704b.pdb
P32328	P00546+P32328_interface@_group9	[218, 491]	2	[215, 217, 218, 219, 490, 491, 492]	167_500_6bxi.1.A_5cd71a1208cc8f6e0e2b704b.pdb
P32328	P21264+P32328_interface@_group10	[170, 177, 180, 187, 188, 192, 193, 218, 225, 227, 250, 253, 255, 268, 285, 288, 291, 296, 301, 372, 383, 399, 448, 487, 491, 492, 496, 498, 499, 502, 503]	31	[169, 170, 171, 176, 177, 178, 179, 180, 181, 182, 186, 187, 188, 189, 191, 192, 193, 194, 215, 217, 218, 219, 224, 225, 226, 227, 228, 249, 250, 251, 252, 253, 254, 255, 256, 267, 268, 269, 284, 285, 286, 287, 288, 289, 290, 291, 292, 295, 296, 297, 299, 300, 301, 302, 371, 372, 373, 382, 383, 384, 396, 398, 399, 400, 403, 404, 405, 445, 447, 448, 449, 486, 487, 488, 490, 491, 492, 493, 495, 496, 497, 498, 499, 500]	167_500_6bxi.1.A_5cd71a1208cc8f6e0e2b704b.pdb
