P33322	Active site@_group0	[95]	1	[94, 95, 96]	18_378_3uai.1.A_5cd626d7a03a1b539e12aa76.pdb
P33322	Mutagenesis@_group1	[65]	1	[64, 65, 66, 100]	18_378_3uai.1.A_5cd626d7a03a1b539e12aa76.pdb
P33322	Mutagenesis@_group2	[94]	1	[93, 94, 95]	18_378_3uai.1.A_5cd626d7a03a1b539e12aa76.pdb
P33322	Mutagenesis@_group3	[95]	1	[94, 95, 96]	18_378_3uai.1.A_5cd626d7a03a1b539e12aa76.pdb
P33322	Cross-link@_group4	[9]	1	[94, 95, 96]	18_378_3uai.1.A_5cd626d7a03a1b539e12aa76.pdb
P33322	Cross-link@_group5	[267]	1	[266, 267, 268, 303]	18_378_3uai.1.A_5cd626d7a03a1b539e12aa76.pdb
P33322	Modified residue@_group6	[47]	1	[46, 47, 48, 309]	18_378_3uai.1.A_5cd626d7a03a1b539e12aa76.pdb
P33322	Modified residue@_group7	[378]	1	[377, 378]	18_378_3uai.1.A_5cd626d7a03a1b539e12aa76.pdb
P33322	Domain [FT]@_group8	[266, 267, 268, 269, 270, 271, 272, 273, 274, 275, 276, 277, 278, 279, 280, 281, 282, 283, 284, 285, 286, 287, 288, 289, 290, 291, 292, 293, 294, 295, 296, 297, 298, 299, 300, 301, 302, 303, 304, 305, 306, 307, 308, 309, 310, 311, 312, 313, 314, 315, 316, 317, 318, 319, 320, 321, 322, 323, 324, 325, 326, 327, 328, 329, 330, 331, 332, 333, 334, 335, 336, 337, 338, 339, 340, 341]	76	[32, 34, 47, 265, 266, 267, 268, 269, 270, 271, 272, 273, 274, 275, 276, 277, 278, 279, 280, 281, 282, 283, 284, 285, 286, 287, 288, 289, 290, 291, 292, 293, 294, 295, 296, 297, 298, 299, 300, 301, 302, 303, 304, 305, 306, 307, 308, 309, 310, 311, 312, 313, 314, 315, 316, 317, 318, 319, 320, 321, 322, 323, 324, 325, 326, 327, 328, 329, 330, 331, 332, 333, 334, 335, 336, 337, 338, 339, 340, 341, 342]	18_378_3uai.1.A_5cd626d7a03a1b539e12aa76.pdb
P33322	Region@_group9	[434, 435, 436, 437, 438, 439, 440, 441, 442, 443, 444, 445, 446, 447, 448, 449, 450, 451, 452, 453, 454, 455, 456, 457, 458, 459, 460, 461, 462, 463]	30	[32, 34, 47, 265, 266, 267, 268, 269, 270, 271, 272, 273, 274, 275, 276, 277, 278, 279, 280, 281, 282, 283, 284, 285, 286, 287, 288, 289, 290, 291, 292, 293, 294, 295, 296, 297, 298, 299, 300, 301, 302, 303, 304, 305, 306, 307, 308, 309, 310, 311, 312, 313, 314, 315, 316, 317, 318, 319, 320, 321, 322, 323, 324, 325, 326, 327, 328, 329, 330, 331, 332, 333, 334, 335, 336, 337, 338, 339, 340, 341, 342]	18_378_3uai.1.A_5cd626d7a03a1b539e12aa76.pdb
P33322	Repeat@_group10	[434, 435, 436]	3	[32, 34, 47, 265, 266, 267, 268, 269, 270, 271, 272, 273, 274, 275, 276, 277, 278, 279, 280, 281, 282, 283, 284, 285, 286, 287, 288, 289, 290, 291, 292, 293, 294, 295, 296, 297, 298, 299, 300, 301, 302, 303, 304, 305, 306, 307, 308, 309, 310, 311, 312, 313, 314, 315, 316, 317, 318, 319, 320, 321, 322, 323, 324, 325, 326, 327, 328, 329, 330, 331, 332, 333, 334, 335, 336, 337, 338, 339, 340, 341, 342]	18_378_3uai.1.A_5cd626d7a03a1b539e12aa76.pdb
P33322	Repeat@_group11	[437, 438, 439]	3	[32, 34, 47, 265, 266, 267, 268, 269, 270, 271, 272, 273, 274, 275, 276, 277, 278, 279, 280, 281, 282, 283, 284, 285, 286, 287, 288, 289, 290, 291, 292, 293, 294, 295, 296, 297, 298, 299, 300, 301, 302, 303, 304, 305, 306, 307, 308, 309, 310, 311, 312, 313, 314, 315, 316, 317, 318, 319, 320, 321, 322, 323, 324, 325, 326, 327, 328, 329, 330, 331, 332, 333, 334, 335, 336, 337, 338, 339, 340, 341, 342]	18_378_3uai.1.A_5cd626d7a03a1b539e12aa76.pdb
P33322	Repeat@_group12	[440, 441, 442]	3	[32, 34, 47, 265, 266, 267, 268, 269, 270, 271, 272, 273, 274, 275, 276, 277, 278, 279, 280, 281, 282, 283, 284, 285, 286, 287, 288, 289, 290, 291, 292, 293, 294, 295, 296, 297, 298, 299, 300, 301, 302, 303, 304, 305, 306, 307, 308, 309, 310, 311, 312, 313, 314, 315, 316, 317, 318, 319, 320, 321, 322, 323, 324, 325, 326, 327, 328, 329, 330, 331, 332, 333, 334, 335, 336, 337, 338, 339, 340, 341, 342]	18_378_3uai.1.A_5cd626d7a03a1b539e12aa76.pdb
P33322	Repeat@_group13	[443, 444, 445]	3	[32, 34, 47, 265, 266, 267, 268, 269, 270, 271, 272, 273, 274, 275, 276, 277, 278, 279, 280, 281, 282, 283, 284, 285, 286, 287, 288, 289, 290, 291, 292, 293, 294, 295, 296, 297, 298, 299, 300, 301, 302, 303, 304, 305, 306, 307, 308, 309, 310, 311, 312, 313, 314, 315, 316, 317, 318, 319, 320, 321, 322, 323, 324, 325, 326, 327, 328, 329, 330, 331, 332, 333, 334, 335, 336, 337, 338, 339, 340, 341, 342]	18_378_3uai.1.A_5cd626d7a03a1b539e12aa76.pdb
P33322	Repeat@_group14	[446, 447, 448]	3	[32, 34, 47, 265, 266, 267, 268, 269, 270, 271, 272, 273, 274, 275, 276, 277, 278, 279, 280, 281, 282, 283, 284, 285, 286, 287, 288, 289, 290, 291, 292, 293, 294, 295, 296, 297, 298, 299, 300, 301, 302, 303, 304, 305, 306, 307, 308, 309, 310, 311, 312, 313, 314, 315, 316, 317, 318, 319, 320, 321, 322, 323, 324, 325, 326, 327, 328, 329, 330, 331, 332, 333, 334, 335, 336, 337, 338, 339, 340, 341, 342]	18_378_3uai.1.A_5cd626d7a03a1b539e12aa76.pdb
P33322	Repeat@_group15	[449, 450, 451]	3	[32, 34, 47, 265, 266, 267, 268, 269, 270, 271, 272, 273, 274, 275, 276, 277, 278, 279, 280, 281, 282, 283, 284, 285, 286, 287, 288, 289, 290, 291, 292, 293, 294, 295, 296, 297, 298, 299, 300, 301, 302, 303, 304, 305, 306, 307, 308, 309, 310, 311, 312, 313, 314, 315, 316, 317, 318, 319, 320, 321, 322, 323, 324, 325, 326, 327, 328, 329, 330, 331, 332, 333, 334, 335, 336, 337, 338, 339, 340, 341, 342]	18_378_3uai.1.A_5cd626d7a03a1b539e12aa76.pdb
P33322	Repeat@_group16	[452, 453, 454]	3	[32, 34, 47, 265, 266, 267, 268, 269, 270, 271, 272, 273, 274, 275, 276, 277, 278, 279, 280, 281, 282, 283, 284, 285, 286, 287, 288, 289, 290, 291, 292, 293, 294, 295, 296, 297, 298, 299, 300, 301, 302, 303, 304, 305, 306, 307, 308, 309, 310, 311, 312, 313, 314, 315, 316, 317, 318, 319, 320, 321, 322, 323, 324, 325, 326, 327, 328, 329, 330, 331, 332, 333, 334, 335, 336, 337, 338, 339, 340, 341, 342]	18_378_3uai.1.A_5cd626d7a03a1b539e12aa76.pdb
P33322	Repeat@_group17	[455, 456, 457]	3	[32, 34, 47, 265, 266, 267, 268, 269, 270, 271, 272, 273, 274, 275, 276, 277, 278, 279, 280, 281, 282, 283, 284, 285, 286, 287, 288, 289, 290, 291, 292, 293, 294, 295, 296, 297, 298, 299, 300, 301, 302, 303, 304, 305, 306, 307, 308, 309, 310, 311, 312, 313, 314, 315, 316, 317, 318, 319, 320, 321, 322, 323, 324, 325, 326, 327, 328, 329, 330, 331, 332, 333, 334, 335, 336, 337, 338, 339, 340, 341, 342]	18_378_3uai.1.A_5cd626d7a03a1b539e12aa76.pdb
P33322	Repeat@_group18	[458, 459, 460]	3	[32, 34, 47, 265, 266, 267, 268, 269, 270, 271, 272, 273, 274, 275, 276, 277, 278, 279, 280, 281, 282, 283, 284, 285, 286, 287, 288, 289, 290, 291, 292, 293, 294, 295, 296, 297, 298, 299, 300, 301, 302, 303, 304, 305, 306, 307, 308, 309, 310, 311, 312, 313, 314, 315, 316, 317, 318, 319, 320, 321, 322, 323, 324, 325, 326, 327, 328, 329, 330, 331, 332, 333, 334, 335, 336, 337, 338, 339, 340, 341, 342]	18_378_3uai.1.A_5cd626d7a03a1b539e12aa76.pdb
P33322	Repeat@_group19	[461, 462, 463]	3	[32, 34, 47, 265, 266, 267, 268, 269, 270, 271, 272, 273, 274, 275, 276, 277, 278, 279, 280, 281, 282, 283, 284, 285, 286, 287, 288, 289, 290, 291, 292, 293, 294, 295, 296, 297, 298, 299, 300, 301, 302, 303, 304, 305, 306, 307, 308, 309, 310, 311, 312, 313, 314, 315, 316, 317, 318, 319, 320, 321, 322, 323, 324, 325, 326, 327, 328, 329, 330, 331, 332, 333, 334, 335, 336, 337, 338, 339, 340, 341, 342]	18_378_3uai.1.A_5cd626d7a03a1b539e12aa76.pdb
P33322	Beta strand@_group20	[32, 33, 34, 35]	4	[31, 32, 33, 34, 35, 36, 292, 294]	18_378_3uai.1.A_5cd626d7a03a1b539e12aa76.pdb
P33322	Beta strand@_group21	[60, 61, 62, 63, 64, 65, 66]	7	[57, 59, 60, 61, 62, 63, 64, 65, 66, 67, 99, 100, 103, 105, 230, 256, 258]	18_378_3uai.1.A_5cd626d7a03a1b539e12aa76.pdb
P33322	Beta strand@_group22	[68, 69, 70]	3	[67, 68, 69, 70, 71]	18_378_3uai.1.A_5cd626d7a03a1b539e12aa76.pdb
P33322	Beta strand@_group23	[88, 89, 90, 91, 92]	5	[87, 88, 89, 90, 91, 92, 93, 104, 106, 117]	18_378_3uai.1.A_5cd626d7a03a1b539e12aa76.pdb
P33322	Beta strand@_group24	[94, 95, 96, 97]	4	[93, 94, 95, 96, 97, 98]	18_378_3uai.1.A_5cd626d7a03a1b539e12aa76.pdb
P33322	Beta strand@_group25	[99, 100, 101, 102, 103, 104, 105, 106]	8	[61, 63, 65, 66, 88, 90, 98, 99, 100, 101, 102, 103, 104, 105, 106, 107, 217, 218]	18_378_3uai.1.A_5cd626d7a03a1b539e12aa76.pdb
P33322	Beta strand@_group26	[121, 122, 123, 124, 125, 126, 127, 128, 129, 130, 131]	11	[120, 121, 122, 123, 124, 125, 126, 127, 128, 129, 130, 131, 132, 183, 185, 187, 189, 211, 213, 216, 218, 220, 221]	18_378_3uai.1.A_5cd626d7a03a1b539e12aa76.pdb
P33322	Beta strand@_group27	[148, 149, 150, 151, 152]	5	[147, 148, 149, 150, 151, 152, 153, 166, 168]	18_378_3uai.1.A_5cd626d7a03a1b539e12aa76.pdb
P33322	Beta strand@_group28	[165, 166, 167, 168, 169, 170, 171, 172, 173, 174, 175, 176, 177, 178]	14	[149, 151, 164, 165, 166, 167, 168, 169, 170, 171, 172, 173, 174, 175, 176, 177, 178, 179, 184, 186, 188, 190]	18_378_3uai.1.A_5cd626d7a03a1b539e12aa76.pdb
P33322	Beta strand@_group29	[183, 184, 185, 186, 187, 188, 189, 190]	8	[122, 124, 126, 128, 169, 172, 174, 177, 182, 183, 184, 185, 186, 187, 188, 189, 190, 191]	18_378_3uai.1.A_5cd626d7a03a1b539e12aa76.pdb
P33322	Beta strand@_group30	[211, 212, 213, 214, 215, 216, 217, 218, 219, 220, 221]	11	[99, 100, 121, 122, 123, 125, 127, 129, 201, 204, 210, 211, 212, 213, 214, 215, 216, 217, 218, 219, 220, 221, 222, 225]	18_378_3uai.1.A_5cd626d7a03a1b539e12aa76.pdb
P33322	Beta strand@_group31	[256, 257, 258]	3	[60, 62, 255, 256, 257, 258, 259]	18_378_3uai.1.A_5cd626d7a03a1b539e12aa76.pdb
P33322	Beta strand@_group32	[268, 269, 270, 271]	4	[267, 268, 269, 270, 271, 272, 293, 306]	18_378_3uai.1.A_5cd626d7a03a1b539e12aa76.pdb
P33322	Beta strand@_group33	[283, 284, 285, 286]	4	[282, 283, 284, 285, 286, 287, 332, 335]	18_378_3uai.1.A_5cd626d7a03a1b539e12aa76.pdb
P33322	Beta strand@_group34	[290, 291, 292, 293]	4	[34, 269, 289, 290, 291, 292, 293, 294]	18_378_3uai.1.A_5cd626d7a03a1b539e12aa76.pdb
P33322	Beta strand@_group35	[302, 303, 304, 305, 306]	5	[267, 270, 301, 302, 303, 304, 305, 306, 307, 312, 315, 317]	18_378_3uai.1.A_5cd626d7a03a1b539e12aa76.pdb
P33322	Beta strand@_group36	[312, 313, 314, 315, 316, 317, 318, 319, 320]	9	[300, 302, 304, 306, 311, 312, 313, 314, 315, 316, 317, 318, 319, 320, 321, 334, 336, 337, 339, 340, 341]	18_378_3uai.1.A_5cd626d7a03a1b539e12aa76.pdb
P33322	Beta strand@_group37	[329, 330, 331, 332, 333, 334, 335, 336, 337, 338, 339]	11	[284, 286, 314, 316, 318, 319, 328, 329, 330, 331, 332, 333, 334, 335, 336, 337, 338, 339, 340]	18_378_3uai.1.A_5cd626d7a03a1b539e12aa76.pdb
P33322	Helix@_group38	[24, 25, 26]	3	[23, 24, 25, 26, 27]	18_378_3uai.1.A_5cd626d7a03a1b539e12aa76.pdb
P33322	Helix@_group39	[29, 30, 31]	3	[28, 29, 30, 31, 32]	18_378_3uai.1.A_5cd626d7a03a1b539e12aa76.pdb
P33322	Helix@_group40	[48, 49, 50]	3	[47, 48, 49, 50, 51]	18_378_3uai.1.A_5cd626d7a03a1b539e12aa76.pdb
P33322	Helix@_group41	[53, 54, 55, 56, 57, 58]	6	[52, 53, 54, 55, 56, 57, 58, 59, 60, 107]	18_378_3uai.1.A_5cd626d7a03a1b539e12aa76.pdb
P33322	Helix@_group42	[72, 73, 74, 75, 76, 77, 78, 79, 80, 81, 82, 83]	12	[71, 72, 73, 74, 75, 76, 77, 78, 79, 80, 81, 82, 83, 84]	18_378_3uai.1.A_5cd626d7a03a1b539e12aa76.pdb
P33322	Helix@_group43	[107, 108, 109, 110, 111, 112]	6	[58, 87, 106, 107, 108, 109, 110, 111, 112, 113]	18_378_3uai.1.A_5cd626d7a03a1b539e12aa76.pdb
P33322	Helix@_group44	[113, 114, 115, 116, 117, 118]	6	[91, 112, 113, 114, 115, 116, 117, 118, 119]	18_378_3uai.1.A_5cd626d7a03a1b539e12aa76.pdb
P33322	Helix@_group45	[138, 139, 140, 141, 142, 143, 144, 145]	8	[137, 138, 139, 140, 141, 142, 143, 144, 145, 146]	18_378_3uai.1.A_5cd626d7a03a1b539e12aa76.pdb
P33322	Helix@_group46	[196, 197, 198, 199, 200, 201, 202, 203, 204, 205, 206, 207]	12	[195, 196, 197, 198, 199, 200, 201, 202, 203, 204, 205, 206, 207, 208, 210, 211, 212]	18_378_3uai.1.A_5cd626d7a03a1b539e12aa76.pdb
P33322	Helix@_group47	[233, 234, 235, 236, 237, 238, 239, 240, 241, 242, 243, 244, 245, 246]	14	[232, 233, 234, 235, 236, 237, 238, 239, 240, 241, 242, 243, 244, 245, 246, 247, 252]	18_378_3uai.1.A_5cd626d7a03a1b539e12aa76.pdb
P33322	Helix@_group48	[250, 251, 252, 253, 254, 255]	6	[239, 249, 250, 251, 252, 253, 254, 255, 256]	18_378_3uai.1.A_5cd626d7a03a1b539e12aa76.pdb
P33322	Helix@_group49	[259, 260, 261, 262, 263]	5	[258, 259, 260, 261, 262, 263, 264]	18_378_3uai.1.A_5cd626d7a03a1b539e12aa76.pdb
P33322	Helix@_group50	[273, 274, 275]	3	[272, 273, 274, 275, 276]	18_378_3uai.1.A_5cd626d7a03a1b539e12aa76.pdb
P33322	Helix@_group51	[276, 277, 278, 279, 280, 281, 282]	7	[275, 276, 277, 278, 279, 280, 281, 282, 283]	18_378_3uai.1.A_5cd626d7a03a1b539e12aa76.pdb
P33322	Helix@_group52	[287, 288, 289]	3	[286, 287, 288, 289, 290]	18_378_3uai.1.A_5cd626d7a03a1b539e12aa76.pdb
P33322	Helix@_group53	[322, 323, 324, 325, 326, 327]	6	[321, 322, 323, 324, 325, 326, 327, 328]	18_378_3uai.1.A_5cd626d7a03a1b539e12aa76.pdb
P33322	Helix@_group54	[355, 356, 357, 358, 359, 360, 361, 362, 363, 364, 365]	11	[354, 355, 356, 357, 358, 359, 360, 361, 362, 363, 364, 365, 366]	18_378_3uai.1.A_5cd626d7a03a1b539e12aa76.pdb
P33322	Turn@_group55	[179, 180, 181, 182]	4	[178, 179, 180, 181, 182, 183]	18_378_3uai.1.A_5cd626d7a03a1b539e12aa76.pdb
P33322	P33322+P40486_interface@_group56	[20, 21, 22, 23, 24, 27, 38, 49, 50, 51, 52, 58, 59, 60, 87, 108, 111, 114, 258, 260, 261, 274, 275, 277, 278, 281, 282, 283, 284, 288, 336, 337, 338, 339, 343, 344, 347, 348, 349, 350, 351, 352, 353, 354, 355, 356, 357, 358, 359, 360, 362, 363, 373, 374, 375, 376, 377, 378]	58	[19, 20, 21, 22, 23, 24, 25, 26, 27, 28, 37, 38, 39, 48, 49, 50, 51, 52, 53, 55, 57, 58, 59, 60, 61, 86, 87, 88, 107, 108, 109, 110, 111, 112, 113, 114, 115, 257, 258, 259, 260, 261, 262, 273, 274, 275, 276, 277, 278, 279, 280, 281, 282, 283, 284, 285, 287, 288, 289, 314, 316, 335, 336, 337, 338, 339, 340, 342, 343, 344, 345, 346, 347, 348, 349, 350, 351, 352, 353, 354, 355, 356, 357, 358, 359, 360, 361, 362, 363, 364, 372, 373, 374, 375, 376, 377, 378]	18_378_3uai.1.A_5cd626d7a03a1b539e12aa76.pdb
P33322	P33322+P53919_interface@_group57	[20, 21, 22, 23, 24, 25, 27, 29, 32, 33, 34, 35, 37, 38, 39, 40, 41, 42, 43, 48, 49, 50, 52, 65, 67, 68, 69, 78, 81, 82, 87, 97, 108, 111, 114, 128, 151, 153, 155, 166, 175, 176, 178, 181, 183, 187, 201, 214, 215, 217, 227, 232, 234, 237, 238, 241, 242, 245, 251, 262, 264, 274, 277, 278, 281, 282, 283, 284, 288, 291, 309, 337, 343, 344, 349, 350, 351, 353, 373, 374, 375, 376, 377]	83	[19, 20, 21, 22, 23, 24, 25, 26, 27, 28, 29, 30, 31, 32, 33, 34, 35, 36, 37, 38, 39, 40, 41, 42, 43, 44, 47, 48, 49, 50, 51, 52, 53, 64, 65, 66, 67, 68, 69, 70, 77, 78, 79, 80, 81, 82, 83, 86, 87, 88, 96, 97, 98, 99, 100, 107, 108, 109, 110, 111, 112, 113, 114, 115, 124, 127, 128, 129, 150, 151, 152, 153, 154, 155, 156, 164, 165, 166, 167, 174, 175, 176, 177, 178, 179, 180, 181, 182, 183, 184, 186, 187, 188, 200, 201, 202, 204, 212, 213, 214, 215, 216, 217, 218, 226, 227, 228, 231, 232, 233, 234, 235, 236, 237, 238, 239, 240, 241, 242, 243, 244, 245, 246, 250, 251, 252, 261, 262, 263, 264, 265, 273, 274, 275, 276, 277, 278, 279, 280, 281, 282, 283, 284, 285, 287, 288, 289, 290, 291, 292, 294, 308, 309, 310, 316, 335, 336, 337, 338, 342, 343, 344, 345, 348, 349, 350, 351, 352, 353, 354, 372, 373, 374, 375, 376, 377, 378]	18_378_3uai.1.A_5cd626d7a03a1b539e12aa76.pdb
P33322	P33322+Q02630_interface@_group58	[20, 21, 22, 23, 24, 25, 27, 29, 32, 33, 34, 35, 37, 38, 39, 40, 41, 42, 43, 48, 49, 50, 52, 65, 67, 68, 69, 78, 81, 82, 87, 97, 108, 111, 114, 128, 151, 153, 155, 166, 175, 176, 178, 181, 183, 187, 201, 214, 215, 217, 227, 232, 234, 237, 238, 241, 242, 245, 251, 262, 264, 274, 277, 278, 281, 282, 283, 284, 288, 291, 309, 337, 343, 344, 349, 350, 351, 353, 373, 374, 375, 376, 377]	83	[19, 20, 21, 22, 23, 24, 25, 26, 27, 28, 29, 30, 31, 32, 33, 34, 35, 36, 37, 38, 39, 40, 41, 42, 43, 44, 47, 48, 49, 50, 51, 52, 53, 64, 65, 66, 67, 68, 69, 70, 77, 78, 79, 80, 81, 82, 83, 86, 87, 88, 96, 97, 98, 99, 100, 107, 108, 109, 110, 111, 112, 113, 114, 115, 124, 127, 128, 129, 150, 151, 152, 153, 154, 155, 156, 164, 165, 166, 167, 174, 175, 176, 177, 178, 179, 180, 181, 182, 183, 184, 186, 187, 188, 200, 201, 202, 204, 212, 213, 214, 215, 216, 217, 218, 226, 227, 228, 231, 232, 233, 234, 235, 236, 237, 238, 239, 240, 241, 242, 243, 244, 245, 246, 250, 251, 252, 261, 262, 263, 264, 265, 273, 274, 275, 276, 277, 278, 279, 280, 281, 282, 283, 284, 285, 287, 288, 289, 290, 291, 292, 294, 308, 309, 310, 316, 335, 336, 337, 338, 342, 343, 344, 345, 348, 349, 350, 351, 352, 353, 354, 372, 373, 374, 375, 376, 377, 378]	18_378_3uai.1.A_5cd626d7a03a1b539e12aa76.pdb
P33322	P33322+Q12306_interface@_group59	[21, 22, 23, 24, 25, 26, 27, 35, 36, 38, 39, 40, 41, 42, 43, 48, 49, 50, 52, 67, 68, 69, 71, 73, 74, 78, 81, 82, 84, 86, 87, 93, 95, 96, 97, 108, 111, 114, 117, 118, 128, 130, 144, 148, 149, 151, 153, 155, 156, 157, 158, 159, 160, 161, 162, 163, 164, 165, 176, 177, 181, 187, 193, 195, 197, 201, 205, 206, 208, 209, 212, 214, 215, 234, 235, 237, 238, 241, 244, 245, 247, 248, 249, 251, 262, 264, 266, 267, 274, 281, 282, 283, 284, 286, 288, 292, 300, 308, 309, 310, 328, 329, 330, 331, 336, 337, 338, 339, 342, 343, 344, 345, 347, 348, 349, 350, 351, 352, 353, 354, 356, 359, 365, 366, 367, 369, 370, 371, 372, 375, 376]	131	[21, 22, 23, 24, 25, 26, 27, 35, 36, 38, 39, 40, 41, 42, 43, 48, 49, 50, 52, 67, 68, 69, 71, 73, 74, 78, 81, 82, 84, 86, 87, 93, 95, 96, 97, 108, 111, 114, 117, 118, 128, 130, 144, 148, 149, 151, 153, 155, 156, 157, 158, 159, 160, 161, 162, 163, 164, 165, 176, 177, 181, 187, 193, 195, 197, 201, 205, 206, 208, 209, 212, 214, 215, 234, 235, 237, 238, 241, 244, 245, 247, 248, 249, 251, 262, 264, 266, 267, 274, 281, 282, 283, 284, 286, 288, 292, 300, 308, 309, 310, 328, 329, 330, 331, 336, 337, 338, 339, 342, 343, 344, 345, 347, 348, 349, 350, 351, 352, 353, 354, 356, 359, 365, 366, 367, 369, 370, 371, 372, 375, 376]	18_378_3uai.1.A_5cd626d7a03a1b539e12aa76.pdb
P33322	P33322+Q6Q547_interface@_group60	[65, 67, 68, 69, 70, 78, 81, 82, 97, 99, 124, 126, 128, 175, 176, 178, 181, 183, 185, 214, 215, 217, 226, 227, 230, 232, 234, 237, 238, 241, 242, 245, 251]	33	[63, 64, 65, 66, 67, 68, 69, 70, 71, 77, 78, 79, 80, 81, 82, 83, 96, 97, 98, 99, 100, 123, 124, 125, 126, 127, 128, 129, 174, 175, 176, 177, 178, 179, 180, 181, 182, 183, 184, 185, 186, 187, 213, 214, 215, 216, 217, 218, 225, 226, 227, 228, 229, 230, 231, 232, 233, 234, 235, 236, 237, 238, 239, 240, 241, 242, 243, 244, 245, 246, 250, 251, 252]	18_378_3uai.1.A_5cd626d7a03a1b539e12aa76.pdb
P33322	P32495+P33322_interface@_group61	[22, 23, 24, 25, 26, 27, 28, 35, 38, 39, 40, 41, 42, 43, 48, 49, 50, 52, 67, 68, 69, 71, 73, 74, 78, 81, 84, 86, 87, 93, 95, 96, 97, 108, 111, 114, 117, 118, 144, 148, 149, 151, 153, 155, 156, 157, 160, 162, 163, 164, 165, 176, 177, 178, 181, 187, 193, 195, 197, 201, 205, 206, 208, 209, 212, 214, 215, 217, 234, 235, 237, 238, 241, 244, 245, 247, 248, 249, 250, 251, 266, 267, 274, 281, 282, 283, 284, 286, 288, 292, 308, 309, 310, 327, 328, 329, 330, 331, 332, 336, 337, 338, 339, 342, 343, 344, 345, 347, 348, 349, 350, 351, 352, 353, 354, 355, 365, 366, 369, 370, 371, 373, 376]	123	[22, 23, 24, 25, 26, 27, 28, 35, 38, 39, 40, 41, 42, 43, 48, 49, 50, 52, 67, 68, 69, 71, 73, 74, 78, 81, 84, 86, 87, 93, 95, 96, 97, 108, 111, 114, 117, 118, 144, 148, 149, 151, 153, 155, 156, 157, 160, 162, 163, 164, 165, 176, 177, 178, 181, 187, 193, 195, 197, 201, 205, 206, 208, 209, 212, 214, 215, 217, 234, 235, 237, 238, 241, 244, 245, 247, 248, 249, 250, 251, 266, 267, 274, 281, 282, 283, 284, 286, 288, 292, 308, 309, 310, 327, 328, 329, 330, 331, 332, 336, 337, 338, 339, 342, 343, 344, 345, 347, 348, 349, 350, 351, 352, 353, 354, 355, 365, 366, 369, 370, 371, 373, 376]	18_378_3uai.1.A_5cd626d7a03a1b539e12aa76.pdb
P33322	P32569+P33322_interface@_group62	[20, 21, 22, 23, 24, 25, 26, 27, 28, 29, 30, 31, 32, 33, 34, 35, 36, 37, 38, 39, 40, 41, 42, 43, 45, 46, 47, 48, 49, 50, 51, 52, 53, 54, 55, 57, 59, 68, 69, 71, 73, 74, 77, 78, 80, 81, 82, 84, 86, 87, 93, 95, 96, 97, 108, 111, 114, 115, 117, 118, 120, 128, 130, 131, 141, 144, 145, 148, 149, 151, 153, 154, 155, 163, 164, 165, 166, 167, 170, 171, 173, 174, 175, 176, 177, 178, 179, 180, 181, 187, 191, 193, 195, 197, 201, 202, 205, 206, 208, 209, 212, 214, 215, 217, 220, 227, 228, 232, 234, 235, 237, 238, 241, 243, 244, 245, 246, 247, 248, 249, 250, 251, 254, 260, 261, 262, 264, 265, 266, 267, 268, 272, 274, 278, 281, 282, 283, 284, 286, 288, 291, 292, 295, 299, 300, 302, 309, 317, 319, 323, 324, 326, 327, 328, 329, 330, 331, 332, 336, 337, 338, 339, 342, 343, 344, 345, 347, 348, 349, 350, 351, 352, 353, 354, 355, 356, 357, 358, 359, 360, 361, 363, 364, 365, 366, 367, 369, 370, 371, 372, 373, 374, 375, 376, 377]	195	[20, 21, 22, 23, 24, 25, 26, 27, 28, 29, 30, 31, 32, 33, 34, 35, 36, 37, 38, 39, 40, 41, 42, 43, 45, 46, 47, 48, 49, 50, 51, 52, 53, 54, 55, 57, 59, 68, 69, 71, 73, 74, 77, 78, 80, 81, 82, 84, 86, 87, 93, 95, 96, 97, 108, 111, 114, 115, 117, 118, 120, 128, 130, 131, 141, 144, 145, 148, 149, 151, 153, 154, 155, 163, 164, 165, 166, 167, 170, 171, 173, 174, 175, 176, 177, 178, 179, 180, 181, 187, 191, 193, 195, 197, 201, 202, 205, 206, 208, 209, 212, 214, 215, 217, 220, 227, 228, 232, 234, 235, 237, 238, 241, 243, 244, 245, 246, 247, 248, 249, 250, 251, 254, 260, 261, 262, 264, 265, 266, 267, 268, 272, 274, 278, 281, 282, 283, 284, 286, 288, 291, 292, 295, 299, 300, 302, 309, 317, 319, 323, 324, 326, 327, 328, 329, 330, 331, 332, 336, 337, 338, 339, 342, 343, 344, 345, 347, 348, 349, 350, 351, 352, 353, 354, 355, 356, 357, 358, 359, 360, 361, 363, 364, 365, 366, 367, 369, 370, 371, 372, 373, 374, 375, 376, 377]	18_378_3uai.1.A_5cd626d7a03a1b539e12aa76.pdb
P33322	P28007+P33322_interface@_group63	[130, 145, 147, 148, 149, 151, 153, 162, 163, 164, 165, 166, 201, 202, 205, 206, 207, 208, 209, 210]	20	[129, 130, 131, 142, 144, 145, 146, 147, 148, 149, 150, 151, 152, 153, 154, 161, 162, 163, 164, 165, 166, 167, 168, 199, 200, 201, 202, 203, 204, 205, 206, 207, 208, 209, 210, 211, 212]	18_378_3uai.1.A_5cd626d7a03a1b539e12aa76.pdb
P33322	P33322+P33322_interface@_group64	[23, 24, 25, 26, 27, 28, 29, 31, 32, 33, 34, 35, 36, 39, 40, 42, 48, 49, 50, 51, 52, 53, 54, 55, 56, 57, 58, 59, 60, 258, 259, 260, 261, 262, 263, 264, 266, 268, 270, 272, 288, 291, 292, 293, 294, 295, 306, 308, 309, 310, 311, 322, 326, 327, 328, 329, 338, 339, 340, 342, 343, 345]	62	[20, 22, 23, 24, 25, 26, 27, 28, 29, 30, 31, 32, 33, 34, 35, 36, 37, 38, 39, 40, 41, 42, 43, 47, 48, 49, 50, 51, 52, 53, 54, 55, 56, 57, 58, 59, 60, 61, 107, 257, 258, 259, 260, 261, 262, 263, 264, 265, 266, 267, 268, 269, 270, 271, 272, 273, 287, 288, 289, 290, 291, 292, 293, 294, 295, 296, 305, 306, 307, 308, 309, 310, 311, 312, 314, 321, 322, 323, 325, 326, 327, 328, 329, 330, 337, 338, 339, 340, 341, 342, 343, 344, 345, 346]	18_378_3uai.1.A_5cd626d7a03a1b539e12aa76.pdb
