P39081	Mutagenesis@_group0	[66]	1	[65, 66, 67]	1_140_1sza.1.A_5cd79eb8d60c592a82a3d224.pdb
P39081	Mutagenesis@_group1	[68, 69, 70]	3	[65, 67, 68, 69, 70, 71]	1_140_1sza.1.A_5cd79eb8d60c592a82a3d224.pdb
P39081	Compositional bias@_group2	[234, 235, 236, 237, 238, 239, 240, 241, 242, 243, 244, 245, 246, 247, 248, 249, 250, 251, 252, 253]	20	[65, 67, 68, 69, 70, 71]	1_140_1sza.1.A_5cd79eb8d60c592a82a3d224.pdb
P39081	Compositional bias@_group3	[470, 471, 472, 473]	4	[65, 67, 68, 69, 70, 71]	1_140_1sza.1.A_5cd79eb8d60c592a82a3d224.pdb
P39081	Domain [FT]@_group4	[4, 5, 6, 7, 8, 9, 10, 11, 12, 13, 14, 15, 16, 17, 18, 19, 20, 21, 22, 23, 24, 25, 26, 27, 28, 29, 30, 31, 32, 33, 34, 35, 36, 37, 38, 39, 40, 41, 42, 43, 44, 45, 46, 47, 48, 49, 50, 51, 52, 53, 54, 55, 56, 57, 58, 59, 60, 61, 62, 63, 64, 65, 66, 67, 68, 69, 70, 71, 72, 73, 74, 75, 76, 77, 78, 79, 80, 81, 82, 83, 84, 85, 86, 87, 88, 89, 90, 91, 92, 93, 94, 95, 96, 97, 98, 99, 100, 101, 102, 103, 104, 105, 106, 107, 108, 109, 110, 111, 112, 113, 114, 115, 116, 117, 118, 119, 120, 121, 122, 123, 124, 125, 126, 127, 128, 129, 130, 131, 132, 133, 134, 135, 136, 137, 138, 139]	136	[4, 5, 6, 7, 8, 9, 10, 11, 12, 13, 14, 15, 16, 17, 18, 19, 20, 21, 22, 23, 24, 25, 26, 27, 28, 29, 30, 31, 32, 33, 34, 35, 36, 37, 38, 39, 40, 41, 42, 43, 44, 45, 46, 47, 48, 49, 50, 51, 52, 53, 54, 55, 56, 57, 58, 59, 60, 61, 62, 63, 64, 65, 66, 67, 68, 69, 70, 71, 72, 73, 74, 75, 76, 77, 78, 79, 80, 81, 82, 83, 84, 85, 86, 87, 88, 89, 90, 91, 92, 93, 94, 95, 96, 97, 98, 99, 100, 101, 102, 103, 104, 105, 106, 107, 108, 109, 110, 111, 112, 113, 114, 115, 116, 117, 118, 119, 120, 121, 122, 123, 124, 125, 126, 127, 128, 129, 130, 131, 132, 133, 134, 135, 136, 137, 138, 139]	1_140_1sza.1.A_5cd79eb8d60c592a82a3d224.pdb
P39081	Region@_group5	[1, 2, 3, 4, 5, 6, 7, 8, 9, 10, 11, 12, 13, 14, 15, 16, 17, 18, 19, 20, 21, 22, 23, 24, 25, 26, 27, 28, 29, 30, 31, 32, 33, 34, 35, 36, 37, 38, 39, 40, 41, 42, 43, 44, 45, 46, 47, 48, 49, 50, 51, 52, 53, 54, 55, 56, 57, 58, 59, 60, 61, 62, 63, 64, 65, 66, 67, 68, 69, 70, 71, 72, 73, 74, 75, 76, 77, 78, 79, 80, 81, 82, 83, 84, 85, 86, 87, 88, 89, 90, 91, 92, 93, 94, 95, 96, 97, 98, 99, 100, 101, 102, 103, 104, 105, 106, 107, 108, 109, 110, 111, 112, 113, 114, 115, 116, 117, 118, 119, 120, 121, 122, 123, 124, 125, 126, 127, 128, 129, 130]	130	[1, 2, 3, 4, 5, 6, 7, 8, 9, 10, 11, 12, 13, 14, 15, 16, 17, 18, 19, 20, 21, 22, 23, 24, 25, 26, 27, 28, 29, 30, 31, 32, 33, 34, 35, 36, 37, 38, 39, 40, 41, 42, 43, 44, 45, 46, 47, 48, 49, 50, 51, 52, 53, 54, 55, 56, 57, 58, 59, 60, 61, 62, 63, 64, 65, 66, 67, 68, 69, 70, 71, 72, 73, 74, 75, 76, 77, 78, 79, 80, 81, 82, 83, 84, 85, 86, 87, 88, 89, 90, 91, 92, 93, 94, 95, 96, 97, 98, 99, 100, 101, 102, 103, 104, 105, 106, 107, 108, 109, 110, 111, 112, 113, 114, 115, 116, 117, 118, 119, 120, 121, 122, 123, 124, 125, 126, 127, 128, 129, 130]	1_140_1sza.1.A_5cd79eb8d60c592a82a3d224.pdb
P39081	Beta strand@_group6	[550, 551, 552, 553]	4	[1, 2, 3, 4, 5, 6, 7, 8, 9, 10, 11, 12, 13, 14, 15, 16, 17, 18, 19, 20, 21, 22, 23, 24, 25, 26, 27, 28, 29, 30, 31, 32, 33, 34, 35, 36, 37, 38, 39, 40, 41, 42, 43, 44, 45, 46, 47, 48, 49, 50, 51, 52, 53, 54, 55, 56, 57, 58, 59, 60, 61, 62, 63, 64, 65, 66, 67, 68, 69, 70, 71, 72, 73, 74, 75, 76, 77, 78, 79, 80, 81, 82, 83, 84, 85, 86, 87, 88, 89, 90, 91, 92, 93, 94, 95, 96, 97, 98, 99, 100, 101, 102, 103, 104, 105, 106, 107, 108, 109, 110, 111, 112, 113, 114, 115, 116, 117, 118, 119, 120, 121, 122, 123, 124, 125, 126, 127, 128, 129, 130]	1_140_1sza.1.A_5cd79eb8d60c592a82a3d224.pdb
P39081	Beta strand@_group7	[561, 562, 563, 564]	4	[1, 2, 3, 4, 5, 6, 7, 8, 9, 10, 11, 12, 13, 14, 15, 16, 17, 18, 19, 20, 21, 22, 23, 24, 25, 26, 27, 28, 29, 30, 31, 32, 33, 34, 35, 36, 37, 38, 39, 40, 41, 42, 43, 44, 45, 46, 47, 48, 49, 50, 51, 52, 53, 54, 55, 56, 57, 58, 59, 60, 61, 62, 63, 64, 65, 66, 67, 68, 69, 70, 71, 72, 73, 74, 75, 76, 77, 78, 79, 80, 81, 82, 83, 84, 85, 86, 87, 88, 89, 90, 91, 92, 93, 94, 95, 96, 97, 98, 99, 100, 101, 102, 103, 104, 105, 106, 107, 108, 109, 110, 111, 112, 113, 114, 115, 116, 117, 118, 119, 120, 121, 122, 123, 124, 125, 126, 127, 128, 129, 130]	1_140_1sza.1.A_5cd79eb8d60c592a82a3d224.pdb
P39081	Beta strand@_group8	[569, 570, 571, 572, 573, 574, 575, 576]	8	[1, 2, 3, 4, 5, 6, 7, 8, 9, 10, 11, 12, 13, 14, 15, 16, 17, 18, 19, 20, 21, 22, 23, 24, 25, 26, 27, 28, 29, 30, 31, 32, 33, 34, 35, 36, 37, 38, 39, 40, 41, 42, 43, 44, 45, 46, 47, 48, 49, 50, 51, 52, 53, 54, 55, 56, 57, 58, 59, 60, 61, 62, 63, 64, 65, 66, 67, 68, 69, 70, 71, 72, 73, 74, 75, 76, 77, 78, 79, 80, 81, 82, 83, 84, 85, 86, 87, 88, 89, 90, 91, 92, 93, 94, 95, 96, 97, 98, 99, 100, 101, 102, 103, 104, 105, 106, 107, 108, 109, 110, 111, 112, 113, 114, 115, 116, 117, 118, 119, 120, 121, 122, 123, 124, 125, 126, 127, 128, 129, 130]	1_140_1sza.1.A_5cd79eb8d60c592a82a3d224.pdb
P39081	Beta strand@_group9	[581, 582, 583, 584, 585]	5	[1, 2, 3, 4, 5, 6, 7, 8, 9, 10, 11, 12, 13, 14, 15, 16, 17, 18, 19, 20, 21, 22, 23, 24, 25, 26, 27, 28, 29, 30, 31, 32, 33, 34, 35, 36, 37, 38, 39, 40, 41, 42, 43, 44, 45, 46, 47, 48, 49, 50, 51, 52, 53, 54, 55, 56, 57, 58, 59, 60, 61, 62, 63, 64, 65, 66, 67, 68, 69, 70, 71, 72, 73, 74, 75, 76, 77, 78, 79, 80, 81, 82, 83, 84, 85, 86, 87, 88, 89, 90, 91, 92, 93, 94, 95, 96, 97, 98, 99, 100, 101, 102, 103, 104, 105, 106, 107, 108, 109, 110, 111, 112, 113, 114, 115, 116, 117, 118, 119, 120, 121, 122, 123, 124, 125, 126, 127, 128, 129, 130]	1_140_1sza.1.A_5cd79eb8d60c592a82a3d224.pdb
P39081	Beta strand@_group10	[587, 588, 589, 590]	4	[1, 2, 3, 4, 5, 6, 7, 8, 9, 10, 11, 12, 13, 14, 15, 16, 17, 18, 19, 20, 21, 22, 23, 24, 25, 26, 27, 28, 29, 30, 31, 32, 33, 34, 35, 36, 37, 38, 39, 40, 41, 42, 43, 44, 45, 46, 47, 48, 49, 50, 51, 52, 53, 54, 55, 56, 57, 58, 59, 60, 61, 62, 63, 64, 65, 66, 67, 68, 69, 70, 71, 72, 73, 74, 75, 76, 77, 78, 79, 80, 81, 82, 83, 84, 85, 86, 87, 88, 89, 90, 91, 92, 93, 94, 95, 96, 97, 98, 99, 100, 101, 102, 103, 104, 105, 106, 107, 108, 109, 110, 111, 112, 113, 114, 115, 116, 117, 118, 119, 120, 121, 122, 123, 124, 125, 126, 127, 128, 129, 130]	1_140_1sza.1.A_5cd79eb8d60c592a82a3d224.pdb
P39081	Beta strand@_group11	[593, 594, 595, 596]	4	[1, 2, 3, 4, 5, 6, 7, 8, 9, 10, 11, 12, 13, 14, 15, 16, 17, 18, 19, 20, 21, 22, 23, 24, 25, 26, 27, 28, 29, 30, 31, 32, 33, 34, 35, 36, 37, 38, 39, 40, 41, 42, 43, 44, 45, 46, 47, 48, 49, 50, 51, 52, 53, 54, 55, 56, 57, 58, 59, 60, 61, 62, 63, 64, 65, 66, 67, 68, 69, 70, 71, 72, 73, 74, 75, 76, 77, 78, 79, 80, 81, 82, 83, 84, 85, 86, 87, 88, 89, 90, 91, 92, 93, 94, 95, 96, 97, 98, 99, 100, 101, 102, 103, 104, 105, 106, 107, 108, 109, 110, 111, 112, 113, 114, 115, 116, 117, 118, 119, 120, 121, 122, 123, 124, 125, 126, 127, 128, 129, 130]	1_140_1sza.1.A_5cd79eb8d60c592a82a3d224.pdb
P39081	Helix@_group12	[3, 4, 5, 6, 7, 8, 9, 10, 11, 12, 13, 14, 15, 16]	14	[2, 3, 4, 5, 6, 7, 8, 9, 10, 11, 12, 13, 14, 15, 16, 17]	1_140_1sza.1.A_5cd79eb8d60c592a82a3d224.pdb
P39081	Helix@_group13	[24, 25, 26, 27, 28, 29, 30, 31, 32, 33, 34, 35, 36]	13	[23, 24, 25, 26, 27, 28, 29, 30, 31, 32, 33, 34, 35, 36, 37]	1_140_1sza.1.A_5cd79eb8d60c592a82a3d224.pdb
P39081	Helix@_group14	[38, 39, 40]	3	[37, 38, 39, 40, 41]	1_140_1sza.1.A_5cd79eb8d60c592a82a3d224.pdb
P39081	Helix@_group15	[41, 42, 43, 44, 45, 46, 47, 48, 49, 50, 51, 52, 53, 54]	14	[38, 40, 41, 42, 43, 44, 45, 46, 47, 48, 49, 50, 51, 52, 53, 54, 55, 60]	1_140_1sza.1.A_5cd79eb8d60c592a82a3d224.pdb
P39081	Helix@_group16	[57, 58, 59, 60, 61, 62, 63, 64, 65, 66, 67, 68, 69, 70, 71, 72, 73]	17	[52, 56, 57, 58, 59, 60, 61, 62, 63, 64, 65, 66, 67, 68, 69, 70, 71, 72, 73, 74, 75, 97]	1_140_1sza.1.A_5cd79eb8d60c592a82a3d224.pdb
P39081	Helix@_group17	[78, 79, 80, 81, 82, 83]	6	[76, 77, 78, 79, 80, 81, 82, 83, 84]	1_140_1sza.1.A_5cd79eb8d60c592a82a3d224.pdb
P39081	Helix@_group18	[86, 87, 88, 89, 90, 91, 92, 93, 94, 95]	10	[85, 86, 87, 88, 89, 90, 91, 92, 93, 94, 95, 96]	1_140_1sza.1.A_5cd79eb8d60c592a82a3d224.pdb
P39081	Helix@_group19	[99, 100, 101, 102, 103, 104, 105, 106, 107, 108, 109, 110, 111, 112]	14	[98, 99, 100, 101, 102, 103, 104, 105, 106, 107, 108, 109, 110, 111, 112, 113]	1_140_1sza.1.A_5cd79eb8d60c592a82a3d224.pdb
P39081	Helix@_group20	[115, 116, 117]	3	[114, 115, 116, 117, 118]	1_140_1sza.1.A_5cd79eb8d60c592a82a3d224.pdb
P39081	Helix@_group21	[125, 126, 127, 128, 129, 130, 131, 132, 133, 134, 135, 136, 137]	13	[124, 125, 126, 127, 128, 129, 130, 131, 132, 133, 134, 135, 136, 137, 138, 140]	1_140_1sza.1.A_5cd79eb8d60c592a82a3d224.pdb
P39081	Helix@_group22	[486, 487, 488, 489, 490]	5	[124, 125, 126, 127, 128, 129, 130, 131, 132, 133, 134, 135, 136, 137, 138, 140]	1_140_1sza.1.A_5cd79eb8d60c592a82a3d224.pdb
P39081	Helix@_group23	[495, 496, 497, 498]	4	[124, 125, 126, 127, 128, 129, 130, 131, 132, 133, 134, 135, 136, 137, 138, 140]	1_140_1sza.1.A_5cd79eb8d60c592a82a3d224.pdb
P39081	Helix@_group24	[543, 544, 545, 546, 547]	5	[124, 125, 126, 127, 128, 129, 130, 131, 132, 133, 134, 135, 136, 137, 138, 140]	1_140_1sza.1.A_5cd79eb8d60c592a82a3d224.pdb
P39081	Helix@_group25	[597, 598, 599, 600, 601, 602, 603]	7	[124, 125, 126, 127, 128, 129, 130, 131, 132, 133, 134, 135, 136, 137, 138, 140]	1_140_1sza.1.A_5cd79eb8d60c592a82a3d224.pdb
P39081	Turn@_group26	[555, 556, 557]	3	[124, 125, 126, 127, 128, 129, 130, 131, 132, 133, 134, 135, 136, 137, 138, 140]	1_140_1sza.1.A_5cd79eb8d60c592a82a3d224.pdb
P39081	Turn@_group27	[565, 566, 567, 568]	4	[124, 125, 126, 127, 128, 129, 130, 131, 132, 133, 134, 135, 136, 137, 138, 140]	1_140_1sza.1.A_5cd79eb8d60c592a82a3d224.pdb
P39081	Turn@_group28	[577, 578, 579, 580]	4	[124, 125, 126, 127, 128, 129, 130, 131, 132, 133, 134, 135, 136, 137, 138, 140]	1_140_1sza.1.A_5cd79eb8d60c592a82a3d224.pdb
P39081	P39081+P40073_interface@_group29	[7, 8, 10, 11, 14, 17, 18, 20, 21, 22, 24, 25, 28, 29, 32, 35, 36, 37, 38, 39, 42, 43, 46, 53, 54, 56, 57, 58, 65, 72, 73, 76, 77, 80, 81, 84, 85, 87, 88, 91, 92, 95, 96, 98, 99, 100, 102, 103, 104, 106, 107, 110, 111, 113, 114, 116, 117, 118, 119, 120, 121, 124, 125, 129, 130, 132, 133, 160, 415, 417, 419, 426, 427, 430, 438, 439, 440, 474, 480, 481, 482, 483, 484, 485, 486, 487, 488, 489, 490, 491, 492, 493, 494, 563, 568, 578, 579]	97	[6, 7, 8, 9, 10, 11, 12, 13, 14, 15, 16, 17, 18, 19, 20, 21, 22, 23, 24, 25, 26, 27, 28, 29, 30, 31, 32, 33, 34, 35, 36, 37, 38, 39, 40, 41, 42, 43, 44, 45, 46, 47, 50, 52, 53, 54, 55, 56, 57, 58, 59, 62, 64, 65, 66, 68, 71, 72, 73, 74, 75, 76, 77, 78, 79, 80, 81, 82, 83, 84, 85, 86, 87, 88, 89, 90, 91, 92, 93, 94, 95, 96, 97, 98, 99, 100, 101, 102, 103, 104, 105, 106, 107, 108, 109, 110, 111, 112, 113, 114, 115, 116, 117, 118, 119, 120, 121, 122, 123, 124, 125, 126, 128, 129, 130, 131, 132, 133, 134, 135]	1_140_1sza.1.A_5cd79eb8d60c592a82a3d224.pdb
P39081	P39081+P47093_interface@_group30	[7, 8, 10, 11, 14, 17, 18, 20, 21, 22, 24, 25, 28, 29, 32, 35, 36, 37, 38, 39, 42, 43, 46, 53, 54, 56, 57, 58, 65, 72, 73, 76, 77, 80, 81, 84, 85, 87, 88, 91, 92, 95, 96, 98, 99, 100, 102, 103, 104, 106, 107, 110, 111, 113, 114, 116, 117, 118, 119, 120, 121, 124, 125, 129, 130, 132, 133, 160, 415, 417, 419, 426, 427, 430, 438, 439, 440, 474, 480, 481, 482, 483, 484, 485, 486, 487, 488, 489, 490, 491, 492, 493, 494, 563, 568, 578, 579]	97	[6, 7, 8, 9, 10, 11, 12, 13, 14, 15, 16, 17, 18, 19, 20, 21, 22, 23, 24, 25, 26, 27, 28, 29, 30, 31, 32, 33, 34, 35, 36, 37, 38, 39, 40, 41, 42, 43, 44, 45, 46, 47, 50, 52, 53, 54, 55, 56, 57, 58, 59, 62, 64, 65, 66, 68, 71, 72, 73, 74, 75, 76, 77, 78, 79, 80, 81, 82, 83, 84, 85, 86, 87, 88, 89, 90, 91, 92, 93, 94, 95, 96, 97, 98, 99, 100, 101, 102, 103, 104, 105, 106, 107, 108, 109, 110, 111, 112, 113, 114, 115, 116, 117, 118, 119, 120, 121, 122, 123, 124, 125, 126, 128, 129, 130, 131, 132, 133, 134, 135]	1_140_1sza.1.A_5cd79eb8d60c592a82a3d224.pdb
P39081	P39081+Q02336_interface@_group31	[7, 8, 10, 11, 14, 17, 18, 20, 21, 22, 24, 25, 28, 29, 32, 35, 36, 37, 38, 39, 42, 43, 46, 53, 54, 56, 57, 58, 65, 72, 73, 76, 77, 80, 81, 84, 85, 87, 88, 91, 92, 95, 96, 98, 99, 100, 102, 103, 104, 106, 107, 110, 111, 113, 114, 116, 117, 118, 119, 120, 121, 124, 125, 129, 130, 132, 133, 160, 415, 417, 419, 426, 427, 430, 438, 439, 440, 474, 480, 481, 482, 483, 484, 485, 486, 487, 488, 489, 490, 491, 492, 493, 494, 563, 568, 578, 579]	97	[6, 7, 8, 9, 10, 11, 12, 13, 14, 15, 16, 17, 18, 19, 20, 21, 22, 23, 24, 25, 26, 27, 28, 29, 30, 31, 32, 33, 34, 35, 36, 37, 38, 39, 40, 41, 42, 43, 44, 45, 46, 47, 50, 52, 53, 54, 55, 56, 57, 58, 59, 62, 64, 65, 66, 68, 71, 72, 73, 74, 75, 76, 77, 78, 79, 80, 81, 82, 83, 84, 85, 86, 87, 88, 89, 90, 91, 92, 93, 94, 95, 96, 97, 98, 99, 100, 101, 102, 103, 104, 105, 106, 107, 108, 109, 110, 111, 112, 113, 114, 115, 116, 117, 118, 119, 120, 121, 122, 123, 124, 125, 126, 128, 129, 130, 131, 132, 133, 134, 135]	1_140_1sza.1.A_5cd79eb8d60c592a82a3d224.pdb
P39081	P39081+Q06410_interface@_group32	[7, 8, 10, 11, 14, 17, 18, 20, 21, 22, 24, 25, 28, 29, 32, 35, 36, 37, 38, 39, 42, 43, 46, 53, 54, 56, 57, 58, 65, 72, 73, 76, 77, 80, 81, 84, 85, 87, 88, 91, 92, 95, 96, 98, 99, 100, 102, 103, 104, 106, 107, 110, 111, 113, 114, 116, 117, 118, 119, 120, 121, 124, 125, 129, 130, 132, 133, 160, 415, 417, 419, 426, 427, 430, 438, 439, 440, 474, 480, 481, 482, 483, 484, 485, 486, 487, 488, 489, 490, 491, 492, 493, 494, 563, 568, 578, 579]	97	[6, 7, 8, 9, 10, 11, 12, 13, 14, 15, 16, 17, 18, 19, 20, 21, 22, 23, 24, 25, 26, 27, 28, 29, 30, 31, 32, 33, 34, 35, 36, 37, 38, 39, 40, 41, 42, 43, 44, 45, 46, 47, 50, 52, 53, 54, 55, 56, 57, 58, 59, 62, 64, 65, 66, 68, 71, 72, 73, 74, 75, 76, 77, 78, 79, 80, 81, 82, 83, 84, 85, 86, 87, 88, 89, 90, 91, 92, 93, 94, 95, 96, 97, 98, 99, 100, 101, 102, 103, 104, 105, 106, 107, 108, 109, 110, 111, 112, 113, 114, 115, 116, 117, 118, 119, 120, 121, 122, 123, 124, 125, 126, 128, 129, 130, 131, 132, 133, 134, 135]	1_140_1sza.1.A_5cd79eb8d60c592a82a3d224.pdb
P39081	P39081+Q06411_interface@_group33	[7, 8, 10, 11, 14, 17, 18, 20, 21, 22, 24, 25, 28, 29, 32, 35, 36, 37, 38, 39, 42, 43, 46, 53, 54, 56, 57, 58, 65, 72, 73, 76, 77, 80, 81, 84, 85, 87, 88, 91, 92, 95, 96, 98, 99, 100, 102, 103, 104, 106, 107, 110, 111, 113, 114, 116, 117, 118, 119, 120, 121, 124, 125, 129, 130, 132, 133, 160, 415, 417, 419, 426, 427, 430, 438, 439, 440, 474, 480, 481, 482, 483, 484, 485, 486, 487, 488, 489, 490, 491, 492, 493, 494, 563, 568, 578, 579]	97	[6, 7, 8, 9, 10, 11, 12, 13, 14, 15, 16, 17, 18, 19, 20, 21, 22, 23, 24, 25, 26, 27, 28, 29, 30, 31, 32, 33, 34, 35, 36, 37, 38, 39, 40, 41, 42, 43, 44, 45, 46, 47, 50, 52, 53, 54, 55, 56, 57, 58, 59, 62, 64, 65, 66, 68, 71, 72, 73, 74, 75, 76, 77, 78, 79, 80, 81, 82, 83, 84, 85, 86, 87, 88, 89, 90, 91, 92, 93, 94, 95, 96, 97, 98, 99, 100, 101, 102, 103, 104, 105, 106, 107, 108, 109, 110, 111, 112, 113, 114, 115, 116, 117, 118, 119, 120, 121, 122, 123, 124, 125, 126, 128, 129, 130, 131, 132, 133, 134, 135]	1_140_1sza.1.A_5cd79eb8d60c592a82a3d224.pdb
P39081	P39081+Q12527_interface@_group34	[7, 8, 10, 11, 14, 17, 18, 20, 21, 22, 24, 25, 28, 29, 32, 35, 36, 37, 38, 39, 42, 43, 46, 53, 54, 56, 57, 58, 65, 72, 73, 76, 77, 80, 81, 84, 85, 87, 88, 91, 92, 95, 96, 98, 99, 100, 102, 103, 104, 106, 107, 110, 111, 113, 114, 116, 117, 118, 119, 120, 121, 124, 125, 129, 130, 132, 133, 160, 415, 417, 419, 426, 427, 430, 438, 439, 440, 474, 480, 481, 482, 483, 484, 485, 486, 487, 488, 489, 490, 491, 492, 493, 494, 563, 568, 578, 579]	97	[6, 7, 8, 9, 10, 11, 12, 13, 14, 15, 16, 17, 18, 19, 20, 21, 22, 23, 24, 25, 26, 27, 28, 29, 30, 31, 32, 33, 34, 35, 36, 37, 38, 39, 40, 41, 42, 43, 44, 45, 46, 47, 50, 52, 53, 54, 55, 56, 57, 58, 59, 62, 64, 65, 66, 68, 71, 72, 73, 74, 75, 76, 77, 78, 79, 80, 81, 82, 83, 84, 85, 86, 87, 88, 89, 90, 91, 92, 93, 94, 95, 96, 97, 98, 99, 100, 101, 102, 103, 104, 105, 106, 107, 108, 109, 110, 111, 112, 113, 114, 115, 116, 117, 118, 119, 120, 121, 122, 123, 124, 125, 126, 128, 129, 130, 131, 132, 133, 134, 135]	1_140_1sza.1.A_5cd79eb8d60c592a82a3d224.pdb
P39081	P39081+Q08685_interface@_group35	[454, 455, 456, 457, 477, 478, 479, 480, 481, 482, 483, 484, 485, 486, 487, 488, 489, 490, 491, 492, 493, 494, 495, 497, 498, 499]	26	[6, 7, 8, 9, 10, 11, 12, 13, 14, 15, 16, 17, 18, 19, 20, 21, 22, 23, 24, 25, 26, 27, 28, 29, 30, 31, 32, 33, 34, 35, 36, 37, 38, 39, 40, 41, 42, 43, 44, 45, 46, 47, 50, 52, 53, 54, 55, 56, 57, 58, 59, 62, 64, 65, 66, 68, 71, 72, 73, 74, 75, 76, 77, 78, 79, 80, 81, 82, 83, 84, 85, 86, 87, 88, 89, 90, 91, 92, 93, 94, 95, 96, 97, 98, 99, 100, 101, 102, 103, 104, 105, 106, 107, 108, 109, 110, 111, 112, 113, 114, 115, 116, 117, 118, 119, 120, 121, 122, 123, 124, 125, 126, 128, 129, 130, 131, 132, 133, 134, 135]	1_140_1sza.1.A_5cd79eb8d60c592a82a3d224.pdb
P39081	P04050+P39081_interface@_group36	[7, 8, 10, 11, 14, 17, 18, 20, 21, 22, 24, 25, 28, 29, 32, 35, 36, 37, 38, 39, 42, 43, 46, 53, 54, 56, 57, 58, 65, 72, 73, 76, 77, 80, 81, 84, 85, 87, 88, 91, 92, 95, 96, 98, 99, 100, 102, 103, 104, 106, 107, 110, 111, 113, 114, 116, 117, 118, 119, 120, 121, 124, 125, 129, 130, 132, 133, 160, 415, 417, 419, 426, 427, 430, 438, 439, 440, 474, 480, 481, 482, 483, 484, 485, 486, 487, 488, 489, 490, 491, 492, 493, 494, 563, 568, 578, 579]	97	[6, 7, 8, 9, 10, 11, 12, 13, 14, 15, 16, 17, 18, 19, 20, 21, 22, 23, 24, 25, 26, 27, 28, 29, 30, 31, 32, 33, 34, 35, 36, 37, 38, 39, 40, 41, 42, 43, 44, 45, 46, 47, 50, 52, 53, 54, 55, 56, 57, 58, 59, 62, 64, 65, 66, 68, 71, 72, 73, 74, 75, 76, 77, 78, 79, 80, 81, 82, 83, 84, 85, 86, 87, 88, 89, 90, 91, 92, 93, 94, 95, 96, 97, 98, 99, 100, 101, 102, 103, 104, 105, 106, 107, 108, 109, 110, 111, 112, 113, 114, 115, 116, 117, 118, 119, 120, 121, 122, 123, 124, 125, 126, 128, 129, 130, 131, 132, 133, 134, 135]	1_140_1sza.1.A_5cd79eb8d60c592a82a3d224.pdb
P39081	P17157+P39081_interface@_group37	[7, 8, 10, 11, 14, 17, 18, 20, 21, 22, 24, 25, 28, 29, 32, 35, 36, 37, 38, 39, 42, 43, 46, 53, 54, 56, 57, 58, 65, 72, 73, 76, 77, 80, 81, 84, 85, 87, 88, 91, 92, 95, 96, 98, 99, 100, 102, 103, 104, 106, 107, 110, 111, 113, 114, 116, 117, 118, 119, 120, 121, 124, 125, 129, 130, 132, 133, 160, 415, 417, 419, 426, 427, 430, 438, 439, 440, 474, 480, 481, 482, 483, 484, 485, 486, 487, 488, 489, 490, 491, 492, 493, 494, 563, 568, 578, 579]	97	[6, 7, 8, 9, 10, 11, 12, 13, 14, 15, 16, 17, 18, 19, 20, 21, 22, 23, 24, 25, 26, 27, 28, 29, 30, 31, 32, 33, 34, 35, 36, 37, 38, 39, 40, 41, 42, 43, 44, 45, 46, 47, 50, 52, 53, 54, 55, 56, 57, 58, 59, 62, 64, 65, 66, 68, 71, 72, 73, 74, 75, 76, 77, 78, 79, 80, 81, 82, 83, 84, 85, 86, 87, 88, 89, 90, 91, 92, 93, 94, 95, 96, 97, 98, 99, 100, 101, 102, 103, 104, 105, 106, 107, 108, 109, 110, 111, 112, 113, 114, 115, 116, 117, 118, 119, 120, 121, 122, 123, 124, 125, 126, 128, 129, 130, 131, 132, 133, 134, 135]	1_140_1sza.1.A_5cd79eb8d60c592a82a3d224.pdb
P39081	P25298+P39081_interface@_group38	[7, 8, 10, 11, 14, 17, 18, 20, 21, 22, 24, 25, 28, 29, 32, 35, 36, 37, 38, 39, 42, 43, 46, 53, 54, 56, 57, 58, 65, 72, 73, 76, 77, 80, 81, 84, 85, 87, 88, 91, 92, 95, 96, 98, 99, 100, 102, 103, 104, 106, 107, 110, 111, 113, 114, 116, 117, 118, 119, 120, 121, 124, 125, 129, 130, 132, 133, 160, 415, 417, 419, 426, 427, 430, 438, 439, 440, 474, 480, 481, 482, 483, 484, 485, 486, 487, 488, 489, 490, 491, 492, 493, 494, 563, 568, 578, 579]	97	[6, 7, 8, 9, 10, 11, 12, 13, 14, 15, 16, 17, 18, 19, 20, 21, 22, 23, 24, 25, 26, 27, 28, 29, 30, 31, 32, 33, 34, 35, 36, 37, 38, 39, 40, 41, 42, 43, 44, 45, 46, 47, 50, 52, 53, 54, 55, 56, 57, 58, 59, 62, 64, 65, 66, 68, 71, 72, 73, 74, 75, 76, 77, 78, 79, 80, 81, 82, 83, 84, 85, 86, 87, 88, 89, 90, 91, 92, 93, 94, 95, 96, 97, 98, 99, 100, 101, 102, 103, 104, 105, 106, 107, 108, 109, 110, 111, 112, 113, 114, 115, 116, 117, 118, 119, 120, 121, 122, 123, 124, 125, 126, 128, 129, 130, 131, 132, 133, 134, 135]	1_140_1sza.1.A_5cd79eb8d60c592a82a3d224.pdb
P39081	P25299+P39081_interface@_group39	[7, 8, 10, 11, 14, 17, 18, 20, 21, 22, 24, 25, 28, 29, 32, 35, 36, 37, 38, 39, 42, 43, 46, 53, 54, 56, 57, 58, 65, 72, 73, 76, 77, 80, 81, 84, 85, 87, 88, 91, 92, 95, 96, 98, 99, 100, 102, 103, 104, 106, 107, 110, 111, 113, 114, 116, 117, 118, 119, 120, 121, 124, 125, 129, 130, 132, 133, 160, 415, 417, 419, 426, 427, 430, 438, 439, 440, 474, 480, 481, 482, 483, 484, 485, 486, 487, 488, 489, 490, 491, 492, 493, 494, 563, 568, 578, 579]	97	[6, 7, 8, 9, 10, 11, 12, 13, 14, 15, 16, 17, 18, 19, 20, 21, 22, 23, 24, 25, 26, 27, 28, 29, 30, 31, 32, 33, 34, 35, 36, 37, 38, 39, 40, 41, 42, 43, 44, 45, 46, 47, 50, 52, 53, 54, 55, 56, 57, 58, 59, 62, 64, 65, 66, 68, 71, 72, 73, 74, 75, 76, 77, 78, 79, 80, 81, 82, 83, 84, 85, 86, 87, 88, 89, 90, 91, 92, 93, 94, 95, 96, 97, 98, 99, 100, 101, 102, 103, 104, 105, 106, 107, 108, 109, 110, 111, 112, 113, 114, 115, 116, 117, 118, 119, 120, 121, 122, 123, 124, 125, 126, 128, 129, 130, 131, 132, 133, 134, 135]	1_140_1sza.1.A_5cd79eb8d60c592a82a3d224.pdb
P39081	P39081+P39081_interface@_group40	[15, 18, 20, 21, 22, 24, 25, 26, 28, 29, 32, 35, 36, 37, 38, 39, 56, 57, 58, 62, 65, 72, 73, 74, 75, 76, 77, 80, 81, 95, 96, 98, 99, 100, 102, 103, 104, 106, 107, 110, 111, 116, 117, 118, 120, 136, 137, 138, 139, 140]	50	[14, 15, 16, 17, 18, 19, 20, 21, 22, 23, 24, 25, 26, 27, 28, 29, 30, 31, 32, 33, 34, 35, 36, 37, 38, 39, 40, 41, 55, 56, 57, 58, 59, 61, 62, 63, 64, 65, 66, 68, 71, 72, 73, 74, 75, 76, 77, 78, 79, 80, 81, 82, 94, 95, 96, 97, 98, 99, 100, 101, 102, 103, 104, 105, 106, 107, 108, 109, 110, 111, 112, 115, 116, 117, 118, 119, 120, 121, 135, 136, 137, 138, 139, 140]	1_140_1sza.1.A_5cd79eb8d60c592a82a3d224.pdb
