P15454	Nucleotide binding@_group0	[9, 10, 11, 12, 13, 14, 15, 16]	8	[8, 9, 10, 11, 12, 13, 14, 15, 16, 17, 121, 151]	1_185_4f4j.1.A_5cd7a09d8fd6f9c0ca37093e.pdb
P15454	Nucleotide binding@_group1	[35, 36, 37, 38, 39, 40, 41, 42, 43, 44, 45, 46, 47, 48, 49, 50, 51, 52, 53, 54, 55, 56, 57, 58, 59, 60, 61, 62, 63, 64, 65, 66, 67, 68, 69, 70, 71, 72, 73, 74, 75, 76, 77, 78, 79, 80, 81, 82]	48	[34, 35, 36, 37, 38, 39, 40, 41, 42, 43, 44, 45, 46, 47, 48, 49, 50, 51, 52, 53, 54, 55, 56, 57, 58, 59, 60, 61, 62, 63, 64, 65, 66, 67, 68, 69, 70, 71, 72, 73, 74, 75, 76, 77, 78, 79, 80, 81, 82, 83]	1_185_4f4j.1.A_5cd7a09d8fd6f9c0ca37093e.pdb
P15454	Modified residue@_group2	[2]	1	[1, 2, 3]	1_185_4f4j.1.A_5cd7a09d8fd6f9c0ca37093e.pdb
P15454	Modified residue@_group3	[149]	1	[148, 149, 150]	1_185_4f4j.1.A_5cd7a09d8fd6f9c0ca37093e.pdb
P15454	Modified residue@_group4	[157]	1	[156, 157, 158]	1_185_4f4j.1.A_5cd7a09d8fd6f9c0ca37093e.pdb
P15454	Domain [FT]@_group5	[2, 3, 4, 5, 6, 7, 8, 9, 10, 11, 12, 13, 14, 15, 16, 17, 18, 19, 20, 21, 22, 23, 24, 25, 26, 27, 28, 29, 30, 31, 32, 33, 34, 35, 36, 37, 38, 39, 40, 41, 42, 43, 44, 45, 46, 47, 48, 49, 50, 51, 52, 53, 54, 55, 56, 57, 58, 59, 60, 61, 62, 63, 64, 65, 66, 67, 68, 69, 70, 71, 72, 73, 74, 75, 76, 77, 78, 79, 80, 81, 82, 83, 84, 85, 86, 87, 88, 89, 90, 91, 92, 93, 94, 95, 96, 97, 98, 99, 100, 101, 102, 103, 104, 105, 106, 107, 108, 109, 110, 111, 112, 113, 114, 115, 116, 117, 118, 119, 120, 121, 122, 123, 124, 125, 126, 127, 128, 129, 130, 131, 132, 133, 134, 135, 136, 137, 138, 139, 140, 141, 142, 143, 144, 145, 146, 147, 148, 149, 150, 151, 152, 153, 154, 155, 156, 157, 158, 159, 160, 161, 162, 163, 164, 165, 166, 167, 168, 169, 170, 171, 172, 173, 174, 175, 176, 177, 178, 179, 180, 181, 182, 183, 184]	183	[2, 3, 4, 5, 6, 7, 8, 9, 10, 11, 12, 13, 14, 15, 16, 17, 18, 19, 20, 21, 22, 23, 24, 25, 26, 27, 28, 29, 30, 31, 32, 33, 34, 35, 36, 37, 38, 39, 40, 41, 42, 43, 44, 45, 46, 47, 48, 49, 50, 51, 52, 53, 54, 55, 56, 57, 58, 59, 60, 61, 62, 63, 64, 65, 66, 67, 68, 69, 70, 71, 72, 73, 74, 75, 76, 77, 78, 79, 80, 81, 82, 83, 84, 85, 86, 87, 88, 89, 90, 91, 92, 93, 94, 95, 96, 97, 98, 99, 100, 101, 102, 103, 104, 105, 106, 107, 108, 109, 110, 111, 112, 113, 114, 115, 116, 117, 118, 119, 120, 121, 122, 123, 124, 125, 126, 127, 128, 129, 130, 131, 132, 133, 134, 135, 136, 137, 138, 139, 140, 141, 142, 143, 144, 145, 146, 147, 148, 149, 150, 151, 152, 153, 154, 155, 156, 157, 158, 159, 160, 161, 162, 163, 164, 165, 166, 167, 168, 169, 170, 171, 172, 173, 174, 175, 176, 177, 178, 179, 180, 181, 182, 183, 184]	1_185_4f4j.1.A_5cd7a09d8fd6f9c0ca37093e.pdb
P15454	Beta strand@_group6	[5, 6, 7, 8]	4	[4, 5, 6, 7, 8, 9, 97, 98, 117, 118, 119]	1_185_4f4j.1.A_5cd7a09d8fd6f9c0ca37093e.pdb
P15454	Beta strand@_group7	[30, 31, 32]	3	[29, 30, 31, 32, 33, 95]	1_185_4f4j.1.A_5cd7a09d8fd6f9c0ca37093e.pdb
P15454	Beta strand@_group8	[35, 36, 37]	3	[34, 35, 36, 37, 38, 52, 79, 81]	1_185_4f4j.1.A_5cd7a09d8fd6f9c0ca37093e.pdb
P15454	Beta strand@_group9	[50, 51, 52, 53]	4	[36, 49, 50, 51, 52, 53, 54]	1_185_4f4j.1.A_5cd7a09d8fd6f9c0ca37093e.pdb
P15454	Beta strand@_group10	[68, 69, 70, 71, 72, 73, 74]	7	[67, 68, 69, 70, 71, 72, 73, 74, 75, 78, 80, 82]	1_185_4f4j.1.A_5cd7a09d8fd6f9c0ca37093e.pdb
P15454	Beta strand@_group11	[77, 78, 79, 80, 81, 82]	6	[35, 37, 68, 71, 73, 76, 77, 78, 79, 80, 81, 82, 83]	1_185_4f4j.1.A_5cd7a09d8fd6f9c0ca37093e.pdb
P15454	Beta strand@_group12	[94, 95, 96, 97, 98, 99]	6	[4, 5, 6, 30, 93, 94, 95, 96, 97, 98, 99, 100]	1_185_4f4j.1.A_5cd7a09d8fd6f9c0ca37093e.pdb
P15454	Beta strand@_group13	[117, 118, 119, 120, 121, 122]	6	[5, 6, 7, 9, 116, 117, 118, 119, 120, 121, 122, 123, 163, 166, 168]	1_185_4f4j.1.A_5cd7a09d8fd6f9c0ca37093e.pdb
P15454	Beta strand@_group14	[163, 164, 165, 166, 167, 168]	6	[118, 120, 122, 162, 163, 164, 165, 166, 167, 168, 169]	1_185_4f4j.1.A_5cd7a09d8fd6f9c0ca37093e.pdb
P15454	Helix@_group15	[15, 16, 17, 18, 19, 20, 21, 22, 23, 24, 25]	11	[14, 15, 16, 17, 18, 19, 20, 21, 22, 23, 24, 25, 26, 27]	1_185_4f4j.1.A_5cd7a09d8fd6f9c0ca37093e.pdb
P15454	Helix@_group16	[56, 57, 58, 59, 60, 61, 62, 63, 64]	9	[55, 56, 57, 58, 59, 60, 61, 62, 63, 64, 65]	1_185_4f4j.1.A_5cd7a09d8fd6f9c0ca37093e.pdb
P15454	Helix@_group17	[83, 84, 85, 86, 87, 88, 89, 90, 91, 92]	10	[33, 82, 83, 84, 85, 86, 87, 88, 89, 90, 91, 92, 93]	1_185_4f4j.1.A_5cd7a09d8fd6f9c0ca37093e.pdb
P15454	Helix@_group18	[102, 103, 104, 105, 106, 107, 108, 109]	8	[101, 102, 103, 104, 105, 106, 107, 108, 109, 110]	1_185_4f4j.1.A_5cd7a09d8fd6f9c0ca37093e.pdb
P15454	Helix@_group19	[112, 113, 114]	3	[111, 112, 113, 114, 115]	1_185_4f4j.1.A_5cd7a09d8fd6f9c0ca37093e.pdb
P15454	Helix@_group20	[126, 127, 128, 129, 130, 131, 132, 133, 134, 135, 136]	11	[125, 126, 127, 128, 129, 130, 131, 132, 133, 134, 135, 136, 137]	1_185_4f4j.1.A_5cd7a09d8fd6f9c0ca37093e.pdb
P15454	Helix@_group21	[141, 142, 143, 144, 145, 146, 147, 148, 149, 150, 151, 152, 153, 154, 155, 156, 157, 158]	18	[10, 140, 141, 142, 143, 144, 145, 146, 147, 148, 149, 150, 151, 152, 153, 154, 155, 156, 157, 158, 159]	1_185_4f4j.1.A_5cd7a09d8fd6f9c0ca37093e.pdb
P15454	Helix@_group22	[172, 173, 174, 175, 176, 177, 178, 179, 180, 181, 182, 183]	12	[171, 172, 173, 174, 175, 176, 177, 178, 179, 180, 181, 182, 183, 184]	1_185_4f4j.1.A_5cd7a09d8fd6f9c0ca37093e.pdb
P15454	Turn@_group23	[27, 28, 29]	3	[23, 26, 27, 28, 29, 30]	1_185_4f4j.1.A_5cd7a09d8fd6f9c0ca37093e.pdb
P15454	Turn@_group24	[47, 48, 49]	3	[46, 47, 48, 49, 50]	1_185_4f4j.1.A_5cd7a09d8fd6f9c0ca37093e.pdb
P15454	Turn@_group25	[159, 160, 161]	3	[158, 159, 160, 161, 162]	1_185_4f4j.1.A_5cd7a09d8fd6f9c0ca37093e.pdb
P15454	P15454+P40537_interface@_group26	[11, 12, 16, 17, 20, 27, 32, 38, 40, 41, 42, 43, 44, 45, 46, 47, 51, 53, 54, 55, 56, 58, 60, 63, 64, 65, 66, 69, 70, 71, 72, 73, 74, 75, 76, 77, 78, 79, 87, 91, 99, 101, 102, 103, 110, 112, 113, 136, 138, 139, 140, 142, 143, 146, 147, 150]	56	[10, 11, 12, 13, 15, 16, 17, 18, 19, 20, 21, 23, 26, 27, 28, 31, 32, 33, 37, 38, 39, 40, 41, 42, 43, 44, 45, 46, 47, 48, 50, 51, 52, 53, 54, 55, 56, 57, 58, 59, 60, 61, 62, 63, 64, 65, 66, 67, 68, 69, 70, 71, 72, 73, 74, 75, 76, 77, 78, 79, 80, 84, 86, 87, 88, 90, 91, 92, 98, 99, 100, 101, 102, 103, 104, 105, 109, 110, 111, 112, 113, 114, 135, 136, 137, 138, 139, 140, 141, 142, 143, 144, 145, 146, 147, 148, 149, 150, 151]	1_185_4f4j.1.A_5cd7a09d8fd6f9c0ca37093e.pdb
P15454	P15454+Q02724_interface@_group27	[11, 12, 16, 17, 20, 27, 32, 38, 40, 41, 42, 43, 44, 45, 46, 47, 51, 53, 54, 55, 56, 58, 60, 63, 64, 65, 66, 69, 70, 71, 72, 73, 74, 75, 76, 77, 78, 79, 87, 91, 99, 101, 102, 103, 110, 112, 113, 136, 138, 139, 140, 142, 143, 146, 147, 150]	56	[10, 11, 12, 13, 15, 16, 17, 18, 19, 20, 21, 23, 26, 27, 28, 31, 32, 33, 37, 38, 39, 40, 41, 42, 43, 44, 45, 46, 47, 48, 50, 51, 52, 53, 54, 55, 56, 57, 58, 59, 60, 61, 62, 63, 64, 65, 66, 67, 68, 69, 70, 71, 72, 73, 74, 75, 76, 77, 78, 79, 80, 84, 86, 87, 88, 90, 91, 92, 98, 99, 100, 101, 102, 103, 104, 105, 109, 110, 111, 112, 113, 114, 135, 136, 137, 138, 139, 140, 141, 142, 143, 144, 145, 146, 147, 148, 149, 150, 151]	1_185_4f4j.1.A_5cd7a09d8fd6f9c0ca37093e.pdb
P15454	P15454+Q12331_interface@_group28	[11, 14, 16, 17, 27, 32, 40, 42, 44, 46, 51, 70, 71, 72, 73, 74, 75, 76, 77, 79, 99, 101, 103, 124, 132, 136, 137, 138, 139, 172]	30	[10, 11, 12, 13, 14, 15, 16, 17, 18, 23, 26, 27, 28, 31, 32, 33, 37, 39, 40, 41, 42, 43, 44, 45, 46, 47, 50, 51, 52, 69, 70, 71, 72, 73, 74, 75, 76, 77, 78, 79, 80, 98, 99, 100, 101, 102, 103, 104, 123, 124, 125, 131, 132, 133, 135, 136, 137, 138, 139, 140, 171, 172, 173]	1_185_4f4j.1.A_5cd7a09d8fd6f9c0ca37093e.pdb
P15454	P15454+P15454_interface@_group29	[11, 12, 14, 16, 17, 20, 38, 40, 41, 42, 43, 44, 45, 46, 47, 53, 54, 55, 56, 58, 60, 63, 64, 65, 66, 71, 73, 74, 75, 76, 77, 87, 91, 99, 101, 102, 103, 110, 112, 113, 136, 138, 139, 140, 142, 143, 146, 147, 150]	49	[10, 11, 12, 13, 14, 15, 16, 17, 18, 19, 20, 21, 37, 38, 39, 40, 41, 42, 43, 44, 45, 46, 47, 48, 52, 53, 54, 55, 56, 57, 58, 59, 60, 61, 62, 63, 64, 65, 66, 67, 70, 71, 72, 73, 74, 75, 76, 77, 78, 80, 84, 86, 87, 88, 90, 91, 92, 98, 99, 100, 101, 102, 103, 104, 105, 109, 110, 111, 112, 113, 114, 135, 136, 137, 138, 139, 140, 141, 142, 143, 144, 145, 146, 147, 148, 149, 150, 151]	1_185_4f4j.1.A_5cd7a09d8fd6f9c0ca37093e.pdb
