Q06410	Mutagenesis@_group0	[24]	1	[23, 24, 25]	1_415_5jhf.1.F_5cd53dc408cc8f5b20c3705f.pdb
Q06410	Coiled coil@_group1	[146, 147, 148, 149, 150, 151, 152, 153, 154, 155, 156, 157, 158, 159, 160, 161, 162, 163, 164, 165, 166, 167, 168, 169, 170, 171, 172, 173, 174, 175, 176, 177, 178, 179, 180, 181, 182, 183, 184, 185, 186, 187, 188, 189, 190, 191, 192, 193, 194, 195, 196, 197, 198, 199, 200, 201, 202, 203, 204, 205, 206, 207, 208, 209, 210, 211, 212, 213, 214, 215, 216, 217, 218, 219, 220, 221]	76	[145, 146, 147, 148, 149, 150, 151, 152, 153, 154, 155, 156, 157, 158, 159, 160, 161, 162, 163, 164, 165, 166, 167, 168, 169, 170, 171, 172, 173, 174, 175, 176, 177, 178, 179, 180, 181, 182, 183, 184, 185, 186, 187, 188, 189, 190, 191, 192, 193, 194, 195, 196, 197, 198, 199, 200, 201, 202, 203, 204, 205, 206, 207, 208, 209, 210, 211, 212, 213, 214, 215, 216, 217, 218, 219, 220, 221, 222, 224]	1_415_5jhf.1.F_5cd53dc408cc8f5b20c3705f.pdb
Q06410	Coiled coil@_group2	[353, 354, 355, 356, 357, 358, 359, 360, 361, 362, 363, 364, 365, 366, 367, 368, 369, 370, 371, 372, 373, 374, 375, 376, 377, 378, 379, 380, 381, 382, 383, 384]	32	[352, 353, 354, 355, 356, 357, 358, 359, 360, 361, 362, 363, 364, 365, 366, 367, 368, 369, 370, 371, 372, 373, 374, 375, 376, 377, 378, 379, 380, 381, 382, 383, 384, 385]	1_415_5jhf.1.F_5cd53dc408cc8f5b20c3705f.pdb
Q06410	Q06410+Q06411_interface@_group3	[19, 56, 124, 131, 132, 212, 215, 219, 223, 225, 245, 249, 250, 333, 336, 337, 339, 340, 344, 350, 351, 378, 380, 382, 387, 394, 400]	27	[16, 18, 19, 20, 55, 56, 57, 109, 123, 124, 125, 130, 131, 132, 133, 134, 211, 212, 213, 214, 215, 216, 218, 219, 220, 222, 223, 224, 225, 226, 244, 245, 246, 247, 248, 249, 250, 251, 332, 333, 334, 335, 336, 337, 338, 339, 340, 341, 343, 344, 345, 348, 349, 350, 351, 352, 377, 378, 379, 380, 381, 382, 383, 386, 387, 388, 393, 394, 395, 399, 400, 401]	1_415_5jhf.1.F_5cd53dc408cc8f5b20c3705f.pdb
Q06410	Q06410+Q06623_interface@_group4	[19, 56, 124, 131, 132, 212, 215, 219, 223, 225, 245, 249, 250, 333, 336, 337, 339, 340, 344, 350, 351, 378, 380, 382, 387, 394, 400]	27	[16, 18, 19, 20, 55, 56, 57, 109, 123, 124, 125, 130, 131, 132, 133, 134, 211, 212, 213, 214, 215, 216, 218, 219, 220, 222, 223, 224, 225, 226, 244, 245, 246, 247, 248, 249, 250, 251, 332, 333, 334, 335, 336, 337, 338, 339, 340, 341, 343, 344, 345, 348, 349, 350, 351, 352, 377, 378, 379, 380, 381, 382, 383, 386, 387, 388, 393, 394, 395, 399, 400, 401]	1_415_5jhf.1.F_5cd53dc408cc8f5b20c3705f.pdb
Q06410	Q06410+Q06628_interface@_group5	[19, 56, 124, 131, 132, 212, 215, 219, 223, 225, 245, 249, 250, 333, 336, 337, 339, 340, 344, 350, 351, 378, 380, 382, 387, 394, 400]	27	[16, 18, 19, 20, 55, 56, 57, 109, 123, 124, 125, 130, 131, 132, 133, 134, 211, 212, 213, 214, 215, 216, 218, 219, 220, 222, 223, 224, 225, 226, 244, 245, 246, 247, 248, 249, 250, 251, 332, 333, 334, 335, 336, 337, 338, 339, 340, 341, 343, 344, 345, 348, 349, 350, 351, 352, 377, 378, 379, 380, 381, 382, 383, 386, 387, 388, 393, 394, 395, 399, 400, 401]	1_415_5jhf.1.F_5cd53dc408cc8f5b20c3705f.pdb
Q06410	Q06410+Q07732_interface@_group6	[19, 56, 124, 131, 132, 212, 215, 219, 223, 225, 245, 249, 250, 333, 336, 337, 339, 340, 344, 350, 351, 378, 380, 382, 387, 394, 400]	27	[16, 18, 19, 20, 55, 56, 57, 109, 123, 124, 125, 130, 131, 132, 133, 134, 211, 212, 213, 214, 215, 216, 218, 219, 220, 222, 223, 224, 225, 226, 244, 245, 246, 247, 248, 249, 250, 251, 332, 333, 334, 335, 336, 337, 338, 339, 340, 341, 343, 344, 345, 348, 349, 350, 351, 352, 377, 378, 379, 380, 381, 382, 383, 386, 387, 388, 393, 394, 395, 399, 400, 401]	1_415_5jhf.1.F_5cd53dc408cc8f5b20c3705f.pdb
Q06410	Q06410+Q07887_interface@_group7	[19, 56, 124, 131, 132, 212, 215, 219, 223, 225, 245, 249, 250, 333, 336, 337, 339, 340, 344, 350, 351, 378, 380, 382, 387, 394, 400]	27	[16, 18, 19, 20, 55, 56, 57, 109, 123, 124, 125, 130, 131, 132, 133, 134, 211, 212, 213, 214, 215, 216, 218, 219, 220, 222, 223, 224, 225, 226, 244, 245, 246, 247, 248, 249, 250, 251, 332, 333, 334, 335, 336, 337, 338, 339, 340, 341, 343, 344, 345, 348, 349, 350, 351, 352, 377, 378, 379, 380, 381, 382, 383, 386, 387, 388, 393, 394, 395, 399, 400, 401]	1_415_5jhf.1.F_5cd53dc408cc8f5b20c3705f.pdb
Q06410	Q06410+Q08204_interface@_group8	[19, 56, 124, 131, 132, 212, 215, 219, 223, 225, 245, 249, 250, 333, 336, 337, 339, 340, 344, 350, 351, 378, 380, 382, 387, 394, 400]	27	[16, 18, 19, 20, 55, 56, 57, 109, 123, 124, 125, 130, 131, 132, 133, 134, 211, 212, 213, 214, 215, 216, 218, 219, 220, 222, 223, 224, 225, 226, 244, 245, 246, 247, 248, 249, 250, 251, 332, 333, 334, 335, 336, 337, 338, 339, 340, 341, 343, 344, 345, 348, 349, 350, 351, 352, 377, 378, 379, 380, 381, 382, 383, 386, 387, 388, 393, 394, 395, 399, 400, 401]	1_415_5jhf.1.F_5cd53dc408cc8f5b20c3705f.pdb
Q06410	Q06410+Q08817_interface@_group9	[19, 56, 124, 131, 132, 212, 215, 219, 223, 225, 245, 249, 250, 333, 336, 337, 339, 340, 344, 350, 351, 378, 380, 382, 387, 394, 400]	27	[16, 18, 19, 20, 55, 56, 57, 109, 123, 124, 125, 130, 131, 132, 133, 134, 211, 212, 213, 214, 215, 216, 218, 219, 220, 222, 223, 224, 225, 226, 244, 245, 246, 247, 248, 249, 250, 251, 332, 333, 334, 335, 336, 337, 338, 339, 340, 341, 343, 344, 345, 348, 349, 350, 351, 352, 377, 378, 379, 380, 381, 382, 383, 386, 387, 388, 393, 394, 395, 399, 400, 401]	1_415_5jhf.1.F_5cd53dc408cc8f5b20c3705f.pdb
Q06410	Q06410+Q12056_interface@_group10	[127, 131, 219, 223, 394]	5	[126, 127, 128, 130, 131, 132, 134, 218, 219, 220, 222, 223, 224, 393, 394, 395]	1_415_5jhf.1.F_5cd53dc408cc8f5b20c3705f.pdb
Q06410	Q06410+Q12092_interface@_group11	[19, 56, 124, 131, 132, 212, 215, 219, 223, 225, 245, 249, 250, 333, 336, 337, 339, 340, 344, 350, 351, 378, 380, 382, 387, 394, 400]	27	[16, 18, 19, 20, 55, 56, 57, 109, 123, 124, 125, 130, 131, 132, 133, 134, 211, 212, 213, 214, 215, 216, 218, 219, 220, 222, 223, 224, 225, 226, 244, 245, 246, 247, 248, 249, 250, 251, 332, 333, 334, 335, 336, 337, 338, 339, 340, 341, 343, 344, 345, 348, 349, 350, 351, 352, 377, 378, 379, 380, 381, 382, 383, 386, 387, 388, 393, 394, 395, 399, 400, 401]	1_415_5jhf.1.F_5cd53dc408cc8f5b20c3705f.pdb
Q06410	Q06410+Q12125_interface@_group12	[14, 127, 131, 219, 222, 223, 245, 353, 354, 394]	10	[11, 13, 14, 15, 126, 127, 128, 130, 131, 132, 134, 218, 219, 220, 221, 222, 223, 224, 244, 245, 246, 352, 353, 354, 355, 356, 393, 394, 395]	1_415_5jhf.1.F_5cd53dc408cc8f5b20c3705f.pdb
Q06410	Q06410+Q12208_interface@_group13	[19, 56, 124, 131, 132, 212, 215, 219, 223, 225, 245, 249, 250, 333, 336, 337, 339, 340, 344, 350, 351, 378, 380, 382, 387, 394, 400]	27	[16, 18, 19, 20, 55, 56, 57, 109, 123, 124, 125, 130, 131, 132, 133, 134, 211, 212, 213, 214, 215, 216, 218, 219, 220, 222, 223, 224, 225, 226, 244, 245, 246, 247, 248, 249, 250, 251, 332, 333, 334, 335, 336, 337, 338, 339, 340, 341, 343, 344, 345, 348, 349, 350, 351, 352, 377, 378, 379, 380, 381, 382, 383, 386, 387, 388, 393, 394, 395, 399, 400, 401]	1_415_5jhf.1.F_5cd53dc408cc8f5b20c3705f.pdb
Q06410	Q06410+Q12259_interface@_group14	[19, 56, 124, 131, 132, 212, 215, 219, 223, 225, 245, 249, 250, 333, 336, 337, 339, 340, 344, 350, 351, 378, 380, 382, 387, 394, 400]	27	[16, 18, 19, 20, 55, 56, 57, 109, 123, 124, 125, 130, 131, 132, 133, 134, 211, 212, 213, 214, 215, 216, 218, 219, 220, 222, 223, 224, 225, 226, 244, 245, 246, 247, 248, 249, 250, 251, 332, 333, 334, 335, 336, 337, 338, 339, 340, 341, 343, 344, 345, 348, 349, 350, 351, 352, 377, 378, 379, 380, 381, 382, 383, 386, 387, 388, 393, 394, 395, 399, 400, 401]	1_415_5jhf.1.F_5cd53dc408cc8f5b20c3705f.pdb
Q06410	Q06410+Q12421_interface@_group15	[19, 56, 124, 131, 132, 212, 215, 219, 223, 225, 245, 249, 250, 333, 336, 337, 339, 340, 344, 350, 351, 378, 380, 382, 387, 394, 400]	27	[16, 18, 19, 20, 55, 56, 57, 109, 123, 124, 125, 130, 131, 132, 133, 134, 211, 212, 213, 214, 215, 216, 218, 219, 220, 222, 223, 224, 225, 226, 244, 245, 246, 247, 248, 249, 250, 251, 332, 333, 334, 335, 336, 337, 338, 339, 340, 341, 343, 344, 345, 348, 349, 350, 351, 352, 377, 378, 379, 380, 381, 382, 383, 386, 387, 388, 393, 394, 395, 399, 400, 401]	1_415_5jhf.1.F_5cd53dc408cc8f5b20c3705f.pdb
Q06410	Q06410+Q12493_interface@_group16	[19, 56, 124, 131, 132, 212, 215, 219, 223, 225, 245, 249, 250, 333, 336, 337, 339, 340, 344, 350, 351, 378, 380, 382, 387, 394, 400]	27	[16, 18, 19, 20, 55, 56, 57, 109, 123, 124, 125, 130, 131, 132, 133, 134, 211, 212, 213, 214, 215, 216, 218, 219, 220, 222, 223, 224, 225, 226, 244, 245, 246, 247, 248, 249, 250, 251, 332, 333, 334, 335, 336, 337, 338, 339, 340, 341, 343, 344, 345, 348, 349, 350, 351, 352, 377, 378, 379, 380, 381, 382, 383, 386, 387, 388, 393, 394, 395, 399, 400, 401]	1_415_5jhf.1.F_5cd53dc408cc8f5b20c3705f.pdb
Q06410	Q06410+Q12513_interface@_group17	[19, 56, 124, 131, 132, 212, 215, 219, 223, 225, 245, 249, 250, 333, 336, 337, 339, 340, 344, 350, 351, 378, 380, 382, 387, 394, 400]	27	[16, 18, 19, 20, 55, 56, 57, 109, 123, 124, 125, 130, 131, 132, 133, 134, 211, 212, 213, 214, 215, 216, 218, 219, 220, 222, 223, 224, 225, 226, 244, 245, 246, 247, 248, 249, 250, 251, 332, 333, 334, 335, 336, 337, 338, 339, 340, 341, 343, 344, 345, 348, 349, 350, 351, 352, 377, 378, 379, 380, 381, 382, 383, 386, 387, 388, 393, 394, 395, 399, 400, 401]	1_415_5jhf.1.F_5cd53dc408cc8f5b20c3705f.pdb
Q06410	Q06410+Q99373_interface@_group18	[19, 56, 124, 131, 132, 212, 215, 219, 223, 225, 245, 249, 250, 333, 336, 337, 339, 340, 344, 350, 351, 378, 380, 382, 387, 394, 400]	27	[16, 18, 19, 20, 55, 56, 57, 109, 123, 124, 125, 130, 131, 132, 133, 134, 211, 212, 213, 214, 215, 216, 218, 219, 220, 222, 223, 224, 225, 226, 244, 245, 246, 247, 248, 249, 250, 251, 332, 333, 334, 335, 336, 337, 338, 339, 340, 341, 343, 344, 345, 348, 349, 350, 351, 352, 377, 378, 379, 380, 381, 382, 383, 386, 387, 388, 393, 394, 395, 399, 400, 401]	1_415_5jhf.1.F_5cd53dc408cc8f5b20c3705f.pdb
Q06410	O13539+Q06410_interface@_group19	[19, 56, 124, 131, 132, 212, 215, 219, 223, 225, 245, 249, 250, 333, 336, 337, 339, 340, 344, 350, 351, 378, 380, 382, 387, 394, 400]	27	[16, 18, 19, 20, 55, 56, 57, 109, 123, 124, 125, 130, 131, 132, 133, 134, 211, 212, 213, 214, 215, 216, 218, 219, 220, 222, 223, 224, 225, 226, 244, 245, 246, 247, 248, 249, 250, 251, 332, 333, 334, 335, 336, 337, 338, 339, 340, 341, 343, 344, 345, 348, 349, 350, 351, 352, 377, 378, 379, 380, 381, 382, 383, 386, 387, 388, 393, 394, 395, 399, 400, 401]	1_415_5jhf.1.F_5cd53dc408cc8f5b20c3705f.pdb
Q06410	P06774+Q06410_interface@_group20	[19, 56, 124, 131, 132, 212, 215, 219, 223, 225, 245, 249, 250, 333, 336, 337, 339, 340, 344, 350, 351, 378, 380, 382, 387, 394, 400]	27	[16, 18, 19, 20, 55, 56, 57, 109, 123, 124, 125, 130, 131, 132, 133, 134, 211, 212, 213, 214, 215, 216, 218, 219, 220, 222, 223, 224, 225, 226, 244, 245, 246, 247, 248, 249, 250, 251, 332, 333, 334, 335, 336, 337, 338, 339, 340, 341, 343, 344, 345, 348, 349, 350, 351, 352, 377, 378, 379, 380, 381, 382, 383, 386, 387, 388, 393, 394, 395, 399, 400, 401]	1_415_5jhf.1.F_5cd53dc408cc8f5b20c3705f.pdb
Q06410	P06780+Q06410_interface@_group21	[127, 131, 219, 222, 223, 245, 354, 394]	8	[126, 127, 128, 130, 131, 132, 134, 218, 219, 220, 221, 222, 223, 224, 244, 245, 246, 353, 354, 355, 393, 394, 395]	1_415_5jhf.1.F_5cd53dc408cc8f5b20c3705f.pdb
Q06410	P06781+Q06410_interface@_group22	[131, 219, 222, 223, 354, 394]	6	[130, 131, 132, 134, 218, 219, 220, 221, 222, 223, 224, 353, 354, 355, 393, 394, 395]	1_415_5jhf.1.F_5cd53dc408cc8f5b20c3705f.pdb
Q06410	P08964+Q06410_interface@_group23	[19, 56, 124, 131, 132, 212, 215, 219, 223, 225, 245, 249, 250, 333, 336, 337, 339, 340, 344, 350, 351, 378, 380, 382, 387, 394, 400]	27	[16, 18, 19, 20, 55, 56, 57, 109, 123, 124, 125, 130, 131, 132, 133, 134, 211, 212, 213, 214, 215, 216, 218, 219, 220, 222, 223, 224, 225, 226, 244, 245, 246, 247, 248, 249, 250, 251, 332, 333, 334, 335, 336, 337, 338, 339, 340, 341, 343, 344, 345, 348, 349, 350, 351, 352, 377, 378, 379, 380, 381, 382, 383, 386, 387, 388, 393, 394, 395, 399, 400, 401]	1_415_5jhf.1.F_5cd53dc408cc8f5b20c3705f.pdb
Q06410	P14907+Q06410_interface@_group24	[19, 56, 124, 131, 132, 212, 215, 219, 223, 225, 245, 249, 250, 333, 336, 337, 339, 340, 344, 350, 351, 378, 380, 382, 387, 394, 400]	27	[16, 18, 19, 20, 55, 56, 57, 109, 123, 124, 125, 130, 131, 132, 133, 134, 211, 212, 213, 214, 215, 216, 218, 219, 220, 222, 223, 224, 225, 226, 244, 245, 246, 247, 248, 249, 250, 251, 332, 333, 334, 335, 336, 337, 338, 339, 340, 341, 343, 344, 345, 348, 349, 350, 351, 352, 377, 378, 379, 380, 381, 382, 383, 386, 387, 388, 393, 394, 395, 399, 400, 401]	1_415_5jhf.1.F_5cd53dc408cc8f5b20c3705f.pdb
Q06410	P17558+Q06410_interface@_group25	[19, 56, 124, 131, 132, 212, 215, 219, 223, 225, 245, 249, 250, 333, 336, 337, 339, 340, 344, 350, 351, 378, 380, 382, 387, 394, 400]	27	[16, 18, 19, 20, 55, 56, 57, 109, 123, 124, 125, 130, 131, 132, 133, 134, 211, 212, 213, 214, 215, 216, 218, 219, 220, 222, 223, 224, 225, 226, 244, 245, 246, 247, 248, 249, 250, 251, 332, 333, 334, 335, 336, 337, 338, 339, 340, 341, 343, 344, 345, 348, 349, 350, 351, 352, 377, 378, 379, 380, 381, 382, 383, 386, 387, 388, 393, 394, 395, 399, 400, 401]	1_415_5jhf.1.F_5cd53dc408cc8f5b20c3705f.pdb
Q06410	P17629+Q06410_interface@_group26	[19, 56, 124, 131, 132, 212, 215, 219, 223, 225, 245, 249, 250, 333, 336, 337, 339, 340, 344, 350, 351, 378, 380, 382, 387, 394, 400]	27	[16, 18, 19, 20, 55, 56, 57, 109, 123, 124, 125, 130, 131, 132, 133, 134, 211, 212, 213, 214, 215, 216, 218, 219, 220, 222, 223, 224, 225, 226, 244, 245, 246, 247, 248, 249, 250, 251, 332, 333, 334, 335, 336, 337, 338, 339, 340, 341, 343, 344, 345, 348, 349, 350, 351, 352, 377, 378, 379, 380, 381, 382, 383, 386, 387, 388, 393, 394, 395, 399, 400, 401]	1_415_5jhf.1.F_5cd53dc408cc8f5b20c3705f.pdb
Q06410	P19262+Q06410_interface@_group27	[19, 56, 124, 131, 132, 212, 215, 219, 223, 225, 245, 249, 250, 333, 336, 337, 339, 340, 344, 350, 351, 378, 380, 382, 387, 394, 400]	27	[16, 18, 19, 20, 55, 56, 57, 109, 123, 124, 125, 130, 131, 132, 133, 134, 211, 212, 213, 214, 215, 216, 218, 219, 220, 222, 223, 224, 225, 226, 244, 245, 246, 247, 248, 249, 250, 251, 332, 333, 334, 335, 336, 337, 338, 339, 340, 341, 343, 344, 345, 348, 349, 350, 351, 352, 377, 378, 379, 380, 381, 382, 383, 386, 387, 388, 393, 394, 395, 399, 400, 401]	1_415_5jhf.1.F_5cd53dc408cc8f5b20c3705f.pdb
Q06410	P25344+Q06410_interface@_group28	[19, 56, 124, 131, 132, 212, 215, 219, 223, 225, 245, 249, 250, 333, 336, 337, 339, 340, 344, 350, 351, 378, 380, 382, 387, 394, 400]	27	[16, 18, 19, 20, 55, 56, 57, 109, 123, 124, 125, 130, 131, 132, 133, 134, 211, 212, 213, 214, 215, 216, 218, 219, 220, 222, 223, 224, 225, 226, 244, 245, 246, 247, 248, 249, 250, 251, 332, 333, 334, 335, 336, 337, 338, 339, 340, 341, 343, 344, 345, 348, 349, 350, 351, 352, 377, 378, 379, 380, 381, 382, 383, 386, 387, 388, 393, 394, 395, 399, 400, 401]	1_415_5jhf.1.F_5cd53dc408cc8f5b20c3705f.pdb
Q06410	P25591+Q06410_interface@_group29	[19, 56, 124, 131, 132, 212, 215, 219, 223, 225, 245, 249, 250, 333, 336, 337, 339, 340, 344, 350, 351, 378, 380, 382, 387, 394, 400]	27	[16, 18, 19, 20, 55, 56, 57, 109, 123, 124, 125, 130, 131, 132, 133, 134, 211, 212, 213, 214, 215, 216, 218, 219, 220, 222, 223, 224, 225, 226, 244, 245, 246, 247, 248, 249, 250, 251, 332, 333, 334, 335, 336, 337, 338, 339, 340, 341, 343, 344, 345, 348, 349, 350, 351, 352, 377, 378, 379, 380, 381, 382, 383, 386, 387, 388, 393, 394, 395, 399, 400, 401]	1_415_5jhf.1.F_5cd53dc408cc8f5b20c3705f.pdb
Q06410	P25649+Q06410_interface@_group30	[19, 56, 124, 131, 132, 212, 215, 219, 223, 225, 245, 249, 250, 333, 336, 337, 339, 340, 344, 350, 351, 378, 380, 382, 387, 394, 400]	27	[16, 18, 19, 20, 55, 56, 57, 109, 123, 124, 125, 130, 131, 132, 133, 134, 211, 212, 213, 214, 215, 216, 218, 219, 220, 222, 223, 224, 225, 226, 244, 245, 246, 247, 248, 249, 250, 251, 332, 333, 334, 335, 336, 337, 338, 339, 340, 341, 343, 344, 345, 348, 349, 350, 351, 352, 377, 378, 379, 380, 381, 382, 383, 386, 387, 388, 393, 394, 395, 399, 400, 401]	1_415_5jhf.1.F_5cd53dc408cc8f5b20c3705f.pdb
Q06410	P28004+Q06410_interface@_group31	[19, 56, 124, 131, 132, 212, 215, 219, 223, 225, 245, 249, 250, 333, 336, 337, 339, 340, 344, 350, 351, 378, 380, 382, 387, 394, 400]	27	[16, 18, 19, 20, 55, 56, 57, 109, 123, 124, 125, 130, 131, 132, 133, 134, 211, 212, 213, 214, 215, 216, 218, 219, 220, 222, 223, 224, 225, 226, 244, 245, 246, 247, 248, 249, 250, 251, 332, 333, 334, 335, 336, 337, 338, 339, 340, 341, 343, 344, 345, 348, 349, 350, 351, 352, 377, 378, 379, 380, 381, 382, 383, 386, 387, 388, 393, 394, 395, 399, 400, 401]	1_415_5jhf.1.F_5cd53dc408cc8f5b20c3705f.pdb
Q06410	P32325+Q06410_interface@_group32	[19, 56, 124, 131, 132, 212, 215, 219, 223, 225, 245, 249, 250, 333, 336, 337, 339, 340, 344, 350, 351, 378, 380, 382, 387, 394, 400]	27	[16, 18, 19, 20, 55, 56, 57, 109, 123, 124, 125, 130, 131, 132, 133, 134, 211, 212, 213, 214, 215, 216, 218, 219, 220, 222, 223, 224, 225, 226, 244, 245, 246, 247, 248, 249, 250, 251, 332, 333, 334, 335, 336, 337, 338, 339, 340, 341, 343, 344, 345, 348, 349, 350, 351, 352, 377, 378, 379, 380, 381, 382, 383, 386, 387, 388, 393, 394, 395, 399, 400, 401]	1_415_5jhf.1.F_5cd53dc408cc8f5b20c3705f.pdb
Q06410	P32364+Q06410_interface@_group33	[19, 56, 124, 131, 132, 212, 215, 219, 223, 225, 245, 249, 250, 333, 336, 337, 339, 340, 344, 350, 351, 378, 380, 382, 387, 394, 400]	27	[16, 18, 19, 20, 55, 56, 57, 109, 123, 124, 125, 130, 131, 132, 133, 134, 211, 212, 213, 214, 215, 216, 218, 219, 220, 222, 223, 224, 225, 226, 244, 245, 246, 247, 248, 249, 250, 251, 332, 333, 334, 335, 336, 337, 338, 339, 340, 341, 343, 344, 345, 348, 349, 350, 351, 352, 377, 378, 379, 380, 381, 382, 383, 386, 387, 388, 393, 394, 395, 399, 400, 401]	1_415_5jhf.1.F_5cd53dc408cc8f5b20c3705f.pdb
Q06410	P32367+Q06410_interface@_group34	[19, 56, 124, 131, 132, 212, 215, 219, 223, 225, 245, 249, 250, 333, 336, 337, 339, 340, 344, 350, 351, 378, 380, 382, 387, 394, 400]	27	[16, 18, 19, 20, 55, 56, 57, 109, 123, 124, 125, 130, 131, 132, 133, 134, 211, 212, 213, 214, 215, 216, 218, 219, 220, 222, 223, 224, 225, 226, 244, 245, 246, 247, 248, 249, 250, 251, 332, 333, 334, 335, 336, 337, 338, 339, 340, 341, 343, 344, 345, 348, 349, 350, 351, 352, 377, 378, 379, 380, 381, 382, 383, 386, 387, 388, 393, 394, 395, 399, 400, 401]	1_415_5jhf.1.F_5cd53dc408cc8f5b20c3705f.pdb
Q06410	P32383+Q06410_interface@_group35	[19, 56, 124, 131, 132, 212, 215, 219, 223, 225, 245, 249, 250, 333, 336, 337, 339, 340, 344, 350, 351, 378, 380, 382, 387, 394, 400]	27	[16, 18, 19, 20, 55, 56, 57, 109, 123, 124, 125, 130, 131, 132, 133, 134, 211, 212, 213, 214, 215, 216, 218, 219, 220, 222, 223, 224, 225, 226, 244, 245, 246, 247, 248, 249, 250, 251, 332, 333, 334, 335, 336, 337, 338, 339, 340, 341, 343, 344, 345, 348, 349, 350, 351, 352, 377, 378, 379, 380, 381, 382, 383, 386, 387, 388, 393, 394, 395, 399, 400, 401]	1_415_5jhf.1.F_5cd53dc408cc8f5b20c3705f.pdb
Q06410	P32464+Q06410_interface@_group36	[19, 56, 124, 131, 132, 212, 215, 219, 223, 225, 245, 249, 250, 333, 336, 337, 339, 340, 344, 350, 351, 378, 380, 382, 387, 394, 400]	27	[16, 18, 19, 20, 55, 56, 57, 109, 123, 124, 125, 130, 131, 132, 133, 134, 211, 212, 213, 214, 215, 216, 218, 219, 220, 222, 223, 224, 225, 226, 244, 245, 246, 247, 248, 249, 250, 251, 332, 333, 334, 335, 336, 337, 338, 339, 340, 341, 343, 344, 345, 348, 349, 350, 351, 352, 377, 378, 379, 380, 381, 382, 383, 386, 387, 388, 393, 394, 395, 399, 400, 401]	1_415_5jhf.1.F_5cd53dc408cc8f5b20c3705f.pdb
Q06410	P32494+Q06410_interface@_group37	[19, 56, 124, 131, 132, 212, 215, 219, 223, 225, 245, 249, 250, 333, 336, 337, 339, 340, 344, 350, 351, 378, 380, 382, 387, 394, 400]	27	[16, 18, 19, 20, 55, 56, 57, 109, 123, 124, 125, 130, 131, 132, 133, 134, 211, 212, 213, 214, 215, 216, 218, 219, 220, 222, 223, 224, 225, 226, 244, 245, 246, 247, 248, 249, 250, 251, 332, 333, 334, 335, 336, 337, 338, 339, 340, 341, 343, 344, 345, 348, 349, 350, 351, 352, 377, 378, 379, 380, 381, 382, 383, 386, 387, 388, 393, 394, 395, 399, 400, 401]	1_415_5jhf.1.F_5cd53dc408cc8f5b20c3705f.pdb
Q06410	P32502+Q06410_interface@_group38	[19, 56, 124, 131, 132, 212, 215, 219, 223, 225, 245, 249, 250, 333, 336, 337, 339, 340, 344, 350, 351, 378, 380, 382, 387, 394, 400]	27	[16, 18, 19, 20, 55, 56, 57, 109, 123, 124, 125, 130, 131, 132, 133, 134, 211, 212, 213, 214, 215, 216, 218, 219, 220, 222, 223, 224, 225, 226, 244, 245, 246, 247, 248, 249, 250, 251, 332, 333, 334, 335, 336, 337, 338, 339, 340, 341, 343, 344, 345, 348, 349, 350, 351, 352, 377, 378, 379, 380, 381, 382, 383, 386, 387, 388, 393, 394, 395, 399, 400, 401]	1_415_5jhf.1.F_5cd53dc408cc8f5b20c3705f.pdb
Q06410	P32776+Q06410_interface@_group39	[19, 56, 124, 131, 132, 212, 215, 219, 223, 225, 245, 249, 250, 333, 336, 337, 339, 340, 344, 350, 351, 378, 380, 382, 387, 394, 400]	27	[16, 18, 19, 20, 55, 56, 57, 109, 123, 124, 125, 130, 131, 132, 133, 134, 211, 212, 213, 214, 215, 216, 218, 219, 220, 222, 223, 224, 225, 226, 244, 245, 246, 247, 248, 249, 250, 251, 332, 333, 334, 335, 336, 337, 338, 339, 340, 341, 343, 344, 345, 348, 349, 350, 351, 352, 377, 378, 379, 380, 381, 382, 383, 386, 387, 388, 393, 394, 395, 399, 400, 401]	1_415_5jhf.1.F_5cd53dc408cc8f5b20c3705f.pdb
Q06410	P32902+Q06410_interface@_group40	[19, 56, 124, 131, 132, 212, 215, 219, 223, 225, 245, 249, 250, 333, 336, 337, 339, 340, 344, 350, 351, 378, 380, 382, 387, 394, 400]	27	[16, 18, 19, 20, 55, 56, 57, 109, 123, 124, 125, 130, 131, 132, 133, 134, 211, 212, 213, 214, 215, 216, 218, 219, 220, 222, 223, 224, 225, 226, 244, 245, 246, 247, 248, 249, 250, 251, 332, 333, 334, 335, 336, 337, 338, 339, 340, 341, 343, 344, 345, 348, 349, 350, 351, 352, 377, 378, 379, 380, 381, 382, 383, 386, 387, 388, 393, 394, 395, 399, 400, 401]	1_415_5jhf.1.F_5cd53dc408cc8f5b20c3705f.pdb
Q06410	P32912+Q06410_interface@_group41	[131, 219, 223, 245, 337, 353, 354, 394]	8	[130, 131, 132, 134, 218, 219, 220, 222, 223, 224, 244, 245, 246, 334, 336, 337, 338, 340, 352, 353, 354, 355, 356, 393, 394, 395]	1_415_5jhf.1.F_5cd53dc408cc8f5b20c3705f.pdb
Q06410	P33297+Q06410_interface@_group42	[19, 56, 124, 131, 132, 212, 215, 219, 223, 225, 245, 249, 250, 333, 336, 337, 339, 340, 344, 350, 351, 378, 380, 382, 387, 394, 400]	27	[16, 18, 19, 20, 55, 56, 57, 109, 123, 124, 125, 130, 131, 132, 133, 134, 211, 212, 213, 214, 215, 216, 218, 219, 220, 222, 223, 224, 225, 226, 244, 245, 246, 247, 248, 249, 250, 251, 332, 333, 334, 335, 336, 337, 338, 339, 340, 341, 343, 344, 345, 348, 349, 350, 351, 352, 377, 378, 379, 380, 381, 382, 383, 386, 387, 388, 393, 394, 395, 399, 400, 401]	1_415_5jhf.1.F_5cd53dc408cc8f5b20c3705f.pdb
Q06410	P33304+Q06410_interface@_group43	[19, 56, 124, 131, 132, 212, 215, 219, 223, 225, 245, 249, 250, 333, 336, 337, 339, 340, 344, 350, 351, 378, 380, 382, 387, 394, 400]	27	[16, 18, 19, 20, 55, 56, 57, 109, 123, 124, 125, 130, 131, 132, 133, 134, 211, 212, 213, 214, 215, 216, 218, 219, 220, 222, 223, 224, 225, 226, 244, 245, 246, 247, 248, 249, 250, 251, 332, 333, 334, 335, 336, 337, 338, 339, 340, 341, 343, 344, 345, 348, 349, 350, 351, 352, 377, 378, 379, 380, 381, 382, 383, 386, 387, 388, 393, 394, 395, 399, 400, 401]	1_415_5jhf.1.F_5cd53dc408cc8f5b20c3705f.pdb
Q06410	P33419+Q06410_interface@_group44	[19, 56, 124, 131, 132, 212, 215, 219, 223, 225, 245, 249, 250, 333, 336, 337, 339, 340, 344, 350, 351, 378, 380, 382, 387, 394, 400]	27	[16, 18, 19, 20, 55, 56, 57, 109, 123, 124, 125, 130, 131, 132, 133, 134, 211, 212, 213, 214, 215, 216, 218, 219, 220, 222, 223, 224, 225, 226, 244, 245, 246, 247, 248, 249, 250, 251, 332, 333, 334, 335, 336, 337, 338, 339, 340, 341, 343, 344, 345, 348, 349, 350, 351, 352, 377, 378, 379, 380, 381, 382, 383, 386, 387, 388, 393, 394, 395, 399, 400, 401]	1_415_5jhf.1.F_5cd53dc408cc8f5b20c3705f.pdb
Q06410	P33420+Q06410_interface@_group45	[19, 56, 124, 131, 132, 212, 215, 219, 223, 225, 245, 249, 250, 333, 336, 337, 339, 340, 344, 350, 351, 378, 380, 382, 387, 394, 400]	27	[16, 18, 19, 20, 55, 56, 57, 109, 123, 124, 125, 130, 131, 132, 133, 134, 211, 212, 213, 214, 215, 216, 218, 219, 220, 222, 223, 224, 225, 226, 244, 245, 246, 247, 248, 249, 250, 251, 332, 333, 334, 335, 336, 337, 338, 339, 340, 341, 343, 344, 345, 348, 349, 350, 351, 352, 377, 378, 379, 380, 381, 382, 383, 386, 387, 388, 393, 394, 395, 399, 400, 401]	1_415_5jhf.1.F_5cd53dc408cc8f5b20c3705f.pdb
Q06410	P33441+Q06410_interface@_group46	[19, 56, 124, 131, 132, 212, 215, 219, 223, 225, 245, 249, 250, 333, 336, 337, 339, 340, 344, 350, 351, 378, 380, 382, 387, 394, 400]	27	[16, 18, 19, 20, 55, 56, 57, 109, 123, 124, 125, 130, 131, 132, 133, 134, 211, 212, 213, 214, 215, 216, 218, 219, 220, 222, 223, 224, 225, 226, 244, 245, 246, 247, 248, 249, 250, 251, 332, 333, 334, 335, 336, 337, 338, 339, 340, 341, 343, 344, 345, 348, 349, 350, 351, 352, 377, 378, 379, 380, 381, 382, 383, 386, 387, 388, 393, 394, 395, 399, 400, 401]	1_415_5jhf.1.F_5cd53dc408cc8f5b20c3705f.pdb
Q06410	P35736+Q06410_interface@_group47	[19, 56, 124, 131, 132, 212, 215, 219, 223, 225, 245, 249, 250, 333, 336, 337, 339, 340, 344, 350, 351, 378, 380, 382, 387, 394, 400]	27	[16, 18, 19, 20, 55, 56, 57, 109, 123, 124, 125, 130, 131, 132, 133, 134, 211, 212, 213, 214, 215, 216, 218, 219, 220, 222, 223, 224, 225, 226, 244, 245, 246, 247, 248, 249, 250, 251, 332, 333, 334, 335, 336, 337, 338, 339, 340, 341, 343, 344, 345, 348, 349, 350, 351, 352, 377, 378, 379, 380, 381, 382, 383, 386, 387, 388, 393, 394, 395, 399, 400, 401]	1_415_5jhf.1.F_5cd53dc408cc8f5b20c3705f.pdb
Q06410	P36084+Q06410_interface@_group48	[19, 56, 124, 131, 132, 212, 215, 219, 223, 225, 245, 249, 250, 333, 336, 337, 339, 340, 344, 350, 351, 378, 380, 382, 387, 394, 400]	27	[16, 18, 19, 20, 55, 56, 57, 109, 123, 124, 125, 130, 131, 132, 133, 134, 211, 212, 213, 214, 215, 216, 218, 219, 220, 222, 223, 224, 225, 226, 244, 245, 246, 247, 248, 249, 250, 251, 332, 333, 334, 335, 336, 337, 338, 339, 340, 341, 343, 344, 345, 348, 349, 350, 351, 352, 377, 378, 379, 380, 381, 382, 383, 386, 387, 388, 393, 394, 395, 399, 400, 401]	1_415_5jhf.1.F_5cd53dc408cc8f5b20c3705f.pdb
Q06410	P36108+Q06410_interface@_group49	[127, 131, 219, 222, 223, 340, 354, 394]	8	[126, 127, 128, 130, 131, 132, 134, 218, 219, 220, 221, 222, 223, 224, 337, 339, 340, 341, 353, 354, 355, 393, 394, 395]	1_415_5jhf.1.F_5cd53dc408cc8f5b20c3705f.pdb
Q06410	P36131+Q06410_interface@_group50	[19, 56, 124, 131, 132, 212, 215, 219, 223, 225, 245, 249, 250, 333, 336, 337, 339, 340, 344, 350, 351, 378, 380, 382, 387, 394, 400]	27	[16, 18, 19, 20, 55, 56, 57, 109, 123, 124, 125, 130, 131, 132, 133, 134, 211, 212, 213, 214, 215, 216, 218, 219, 220, 222, 223, 224, 225, 226, 244, 245, 246, 247, 248, 249, 250, 251, 332, 333, 334, 335, 336, 337, 338, 339, 340, 341, 343, 344, 345, 348, 349, 350, 351, 352, 377, 378, 379, 380, 381, 382, 383, 386, 387, 388, 393, 394, 395, 399, 400, 401]	1_415_5jhf.1.F_5cd53dc408cc8f5b20c3705f.pdb
Q06410	P36162+Q06410_interface@_group51	[19, 56, 124, 131, 132, 212, 215, 219, 223, 225, 245, 249, 250, 333, 336, 337, 339, 340, 344, 350, 351, 378, 380, 382, 387, 394, 400]	27	[16, 18, 19, 20, 55, 56, 57, 109, 123, 124, 125, 130, 131, 132, 133, 134, 211, 212, 213, 214, 215, 216, 218, 219, 220, 222, 223, 224, 225, 226, 244, 245, 246, 247, 248, 249, 250, 251, 332, 333, 334, 335, 336, 337, 338, 339, 340, 341, 343, 344, 345, 348, 349, 350, 351, 352, 377, 378, 379, 380, 381, 382, 383, 386, 387, 388, 393, 394, 395, 399, 400, 401]	1_415_5jhf.1.F_5cd53dc408cc8f5b20c3705f.pdb
Q06410	P36517+Q06410_interface@_group52	[19, 56, 124, 131, 132, 212, 215, 219, 223, 225, 245, 249, 250, 333, 336, 337, 339, 340, 344, 350, 351, 378, 380, 382, 387, 394, 400]	27	[16, 18, 19, 20, 55, 56, 57, 109, 123, 124, 125, 130, 131, 132, 133, 134, 211, 212, 213, 214, 215, 216, 218, 219, 220, 222, 223, 224, 225, 226, 244, 245, 246, 247, 248, 249, 250, 251, 332, 333, 334, 335, 336, 337, 338, 339, 340, 341, 343, 344, 345, 348, 349, 350, 351, 352, 377, 378, 379, 380, 381, 382, 383, 386, 387, 388, 393, 394, 395, 399, 400, 401]	1_415_5jhf.1.F_5cd53dc408cc8f5b20c3705f.pdb
Q06410	P36534+Q06410_interface@_group53	[14, 131, 219, 222, 223, 340, 388, 394]	8	[11, 13, 14, 15, 130, 131, 132, 134, 218, 219, 220, 221, 222, 223, 224, 337, 339, 340, 341, 387, 388, 389, 393, 394, 395]	1_415_5jhf.1.F_5cd53dc408cc8f5b20c3705f.pdb
Q06410	P38128+Q06410_interface@_group54	[19, 56, 124, 131, 132, 212, 215, 219, 223, 225, 245, 249, 250, 333, 336, 337, 339, 340, 344, 350, 351, 378, 380, 382, 387, 394, 400]	27	[16, 18, 19, 20, 55, 56, 57, 109, 123, 124, 125, 130, 131, 132, 133, 134, 211, 212, 213, 214, 215, 216, 218, 219, 220, 222, 223, 224, 225, 226, 244, 245, 246, 247, 248, 249, 250, 251, 332, 333, 334, 335, 336, 337, 338, 339, 340, 341, 343, 344, 345, 348, 349, 350, 351, 352, 377, 378, 379, 380, 381, 382, 383, 386, 387, 388, 393, 394, 395, 399, 400, 401]	1_415_5jhf.1.F_5cd53dc408cc8f5b20c3705f.pdb
Q06410	P38163+Q06410_interface@_group55	[19, 56, 124, 131, 132, 212, 215, 219, 223, 225, 245, 249, 250, 333, 336, 337, 339, 340, 344, 350, 351, 378, 380, 382, 387, 394, 400]	27	[16, 18, 19, 20, 55, 56, 57, 109, 123, 124, 125, 130, 131, 132, 133, 134, 211, 212, 213, 214, 215, 216, 218, 219, 220, 222, 223, 224, 225, 226, 244, 245, 246, 247, 248, 249, 250, 251, 332, 333, 334, 335, 336, 337, 338, 339, 340, 341, 343, 344, 345, 348, 349, 350, 351, 352, 377, 378, 379, 380, 381, 382, 383, 386, 387, 388, 393, 394, 395, 399, 400, 401]	1_415_5jhf.1.F_5cd53dc408cc8f5b20c3705f.pdb
Q06410	P38261+Q06410_interface@_group56	[19, 56, 124, 131, 132, 212, 215, 219, 223, 225, 245, 249, 250, 333, 336, 337, 339, 340, 344, 350, 351, 378, 380, 382, 387, 394, 400]	27	[16, 18, 19, 20, 55, 56, 57, 109, 123, 124, 125, 130, 131, 132, 133, 134, 211, 212, 213, 214, 215, 216, 218, 219, 220, 222, 223, 224, 225, 226, 244, 245, 246, 247, 248, 249, 250, 251, 332, 333, 334, 335, 336, 337, 338, 339, 340, 341, 343, 344, 345, 348, 349, 350, 351, 352, 377, 378, 379, 380, 381, 382, 383, 386, 387, 388, 393, 394, 395, 399, 400, 401]	1_415_5jhf.1.F_5cd53dc408cc8f5b20c3705f.pdb
Q06410	P38272+Q06410_interface@_group57	[19, 56, 124, 131, 132, 212, 215, 219, 223, 225, 245, 249, 250, 333, 336, 337, 339, 340, 344, 350, 351, 378, 380, 382, 387, 394, 400]	27	[16, 18, 19, 20, 55, 56, 57, 109, 123, 124, 125, 130, 131, 132, 133, 134, 211, 212, 213, 214, 215, 216, 218, 219, 220, 222, 223, 224, 225, 226, 244, 245, 246, 247, 248, 249, 250, 251, 332, 333, 334, 335, 336, 337, 338, 339, 340, 341, 343, 344, 345, 348, 349, 350, 351, 352, 377, 378, 379, 380, 381, 382, 383, 386, 387, 388, 393, 394, 395, 399, 400, 401]	1_415_5jhf.1.F_5cd53dc408cc8f5b20c3705f.pdb
Q06410	P38316+Q06410_interface@_group58	[19, 56, 124, 131, 132, 212, 215, 219, 223, 225, 245, 249, 250, 333, 336, 337, 339, 340, 344, 350, 351, 378, 380, 382, 387, 394, 400]	27	[16, 18, 19, 20, 55, 56, 57, 109, 123, 124, 125, 130, 131, 132, 133, 134, 211, 212, 213, 214, 215, 216, 218, 219, 220, 222, 223, 224, 225, 226, 244, 245, 246, 247, 248, 249, 250, 251, 332, 333, 334, 335, 336, 337, 338, 339, 340, 341, 343, 344, 345, 348, 349, 350, 351, 352, 377, 378, 379, 380, 381, 382, 383, 386, 387, 388, 393, 394, 395, 399, 400, 401]	1_415_5jhf.1.F_5cd53dc408cc8f5b20c3705f.pdb
Q06410	P38346+Q06410_interface@_group59	[19, 56, 124, 131, 132, 212, 215, 219, 223, 225, 245, 249, 250, 333, 336, 337, 339, 340, 344, 350, 351, 378, 380, 382, 387, 394, 400]	27	[16, 18, 19, 20, 55, 56, 57, 109, 123, 124, 125, 130, 131, 132, 133, 134, 211, 212, 213, 214, 215, 216, 218, 219, 220, 222, 223, 224, 225, 226, 244, 245, 246, 247, 248, 249, 250, 251, 332, 333, 334, 335, 336, 337, 338, 339, 340, 341, 343, 344, 345, 348, 349, 350, 351, 352, 377, 378, 379, 380, 381, 382, 383, 386, 387, 388, 393, 394, 395, 399, 400, 401]	1_415_5jhf.1.F_5cd53dc408cc8f5b20c3705f.pdb
Q06410	P38523+Q06410_interface@_group60	[14, 131, 219, 222, 223, 245, 353, 387, 394]	9	[11, 13, 14, 15, 130, 131, 132, 134, 218, 219, 220, 221, 222, 223, 224, 244, 245, 246, 352, 353, 354, 356, 386, 387, 388, 393, 394, 395]	1_415_5jhf.1.F_5cd53dc408cc8f5b20c3705f.pdb
Q06410	P38633+Q06410_interface@_group61	[19, 56, 124, 131, 132, 212, 215, 219, 223, 225, 245, 249, 250, 333, 336, 337, 339, 340, 344, 350, 351, 378, 380, 382, 387, 394, 400]	27	[16, 18, 19, 20, 55, 56, 57, 109, 123, 124, 125, 130, 131, 132, 133, 134, 211, 212, 213, 214, 215, 216, 218, 219, 220, 222, 223, 224, 225, 226, 244, 245, 246, 247, 248, 249, 250, 251, 332, 333, 334, 335, 336, 337, 338, 339, 340, 341, 343, 344, 345, 348, 349, 350, 351, 352, 377, 378, 379, 380, 381, 382, 383, 386, 387, 388, 393, 394, 395, 399, 400, 401]	1_415_5jhf.1.F_5cd53dc408cc8f5b20c3705f.pdb
Q06410	P38773+Q06410_interface@_group62	[131, 219, 222, 223, 340, 394, 400]	7	[130, 131, 132, 134, 218, 219, 220, 221, 222, 223, 224, 337, 339, 340, 341, 393, 394, 395, 399, 400, 401]	1_415_5jhf.1.F_5cd53dc408cc8f5b20c3705f.pdb
Q06410	P38822+Q06410_interface@_group63	[19, 56, 124, 131, 132, 212, 215, 219, 223, 225, 245, 249, 250, 333, 336, 337, 339, 340, 344, 350, 351, 378, 380, 382, 387, 394, 400]	27	[16, 18, 19, 20, 55, 56, 57, 109, 123, 124, 125, 130, 131, 132, 133, 134, 211, 212, 213, 214, 215, 216, 218, 219, 220, 222, 223, 224, 225, 226, 244, 245, 246, 247, 248, 249, 250, 251, 332, 333, 334, 335, 336, 337, 338, 339, 340, 341, 343, 344, 345, 348, 349, 350, 351, 352, 377, 378, 379, 380, 381, 382, 383, 386, 387, 388, 393, 394, 395, 399, 400, 401]	1_415_5jhf.1.F_5cd53dc408cc8f5b20c3705f.pdb
Q06410	P38883+Q06410_interface@_group64	[19, 56, 124, 131, 132, 212, 215, 219, 223, 225, 245, 249, 250, 333, 336, 337, 339, 340, 344, 350, 351, 378, 380, 382, 387, 394, 400]	27	[16, 18, 19, 20, 55, 56, 57, 109, 123, 124, 125, 130, 131, 132, 133, 134, 211, 212, 213, 214, 215, 216, 218, 219, 220, 222, 223, 224, 225, 226, 244, 245, 246, 247, 248, 249, 250, 251, 332, 333, 334, 335, 336, 337, 338, 339, 340, 341, 343, 344, 345, 348, 349, 350, 351, 352, 377, 378, 379, 380, 381, 382, 383, 386, 387, 388, 393, 394, 395, 399, 400, 401]	1_415_5jhf.1.F_5cd53dc408cc8f5b20c3705f.pdb
Q06410	P38987+Q06410_interface@_group65	[14, 127, 131, 219, 222, 223, 394]	7	[11, 13, 14, 15, 126, 127, 128, 130, 131, 132, 134, 218, 219, 220, 221, 222, 223, 224, 393, 394, 395]	1_415_5jhf.1.F_5cd53dc408cc8f5b20c3705f.pdb
Q06410	P39081+Q06410_interface@_group66	[19, 56, 124, 131, 132, 212, 215, 219, 223, 225, 245, 249, 250, 333, 336, 337, 339, 340, 344, 350, 351, 378, 380, 382, 387, 394, 400]	27	[16, 18, 19, 20, 55, 56, 57, 109, 123, 124, 125, 130, 131, 132, 133, 134, 211, 212, 213, 214, 215, 216, 218, 219, 220, 222, 223, 224, 225, 226, 244, 245, 246, 247, 248, 249, 250, 251, 332, 333, 334, 335, 336, 337, 338, 339, 340, 341, 343, 344, 345, 348, 349, 350, 351, 352, 377, 378, 379, 380, 381, 382, 383, 386, 387, 388, 393, 394, 395, 399, 400, 401]	1_415_5jhf.1.F_5cd53dc408cc8f5b20c3705f.pdb
Q06410	P39523+Q06410_interface@_group67	[19, 56, 124, 131, 132, 212, 215, 219, 223, 225, 245, 249, 250, 333, 336, 337, 339, 340, 344, 350, 351, 378, 380, 382, 387, 394, 400]	27	[16, 18, 19, 20, 55, 56, 57, 109, 123, 124, 125, 130, 131, 132, 133, 134, 211, 212, 213, 214, 215, 216, 218, 219, 220, 222, 223, 224, 225, 226, 244, 245, 246, 247, 248, 249, 250, 251, 332, 333, 334, 335, 336, 337, 338, 339, 340, 341, 343, 344, 345, 348, 349, 350, 351, 352, 377, 378, 379, 380, 381, 382, 383, 386, 387, 388, 393, 394, 395, 399, 400, 401]	1_415_5jhf.1.F_5cd53dc408cc8f5b20c3705f.pdb
Q06410	P39729+Q06410_interface@_group68	[19, 56, 124, 131, 132, 212, 215, 219, 223, 225, 245, 249, 250, 333, 336, 337, 339, 340, 344, 350, 351, 378, 380, 382, 387, 394, 400]	27	[16, 18, 19, 20, 55, 56, 57, 109, 123, 124, 125, 130, 131, 132, 133, 134, 211, 212, 213, 214, 215, 216, 218, 219, 220, 222, 223, 224, 225, 226, 244, 245, 246, 247, 248, 249, 250, 251, 332, 333, 334, 335, 336, 337, 338, 339, 340, 341, 343, 344, 345, 348, 349, 350, 351, 352, 377, 378, 379, 380, 381, 382, 383, 386, 387, 388, 393, 394, 395, 399, 400, 401]	1_415_5jhf.1.F_5cd53dc408cc8f5b20c3705f.pdb
Q06410	P40003+Q06410_interface@_group69	[19, 56, 124, 131, 132, 212, 215, 219, 223, 225, 245, 249, 250, 333, 336, 337, 339, 340, 344, 350, 351, 378, 380, 382, 387, 394, 400]	27	[16, 18, 19, 20, 55, 56, 57, 109, 123, 124, 125, 130, 131, 132, 133, 134, 211, 212, 213, 214, 215, 216, 218, 219, 220, 222, 223, 224, 225, 226, 244, 245, 246, 247, 248, 249, 250, 251, 332, 333, 334, 335, 336, 337, 338, 339, 340, 341, 343, 344, 345, 348, 349, 350, 351, 352, 377, 378, 379, 380, 381, 382, 383, 386, 387, 388, 393, 394, 395, 399, 400, 401]	1_415_5jhf.1.F_5cd53dc408cc8f5b20c3705f.pdb
Q06410	P40060+Q06410_interface@_group70	[19, 56, 124, 131, 132, 212, 215, 219, 223, 225, 245, 249, 250, 333, 336, 337, 339, 340, 344, 350, 351, 378, 380, 382, 387, 394, 400]	27	[16, 18, 19, 20, 55, 56, 57, 109, 123, 124, 125, 130, 131, 132, 133, 134, 211, 212, 213, 214, 215, 216, 218, 219, 220, 222, 223, 224, 225, 226, 244, 245, 246, 247, 248, 249, 250, 251, 332, 333, 334, 335, 336, 337, 338, 339, 340, 341, 343, 344, 345, 348, 349, 350, 351, 352, 377, 378, 379, 380, 381, 382, 383, 386, 387, 388, 393, 394, 395, 399, 400, 401]	1_415_5jhf.1.F_5cd53dc408cc8f5b20c3705f.pdb
Q06410	P40079+Q06410_interface@_group71	[127, 131, 219, 222, 223, 245, 340, 354, 394]	9	[126, 127, 128, 130, 131, 132, 134, 218, 219, 220, 221, 222, 223, 224, 244, 245, 246, 337, 339, 340, 341, 353, 354, 355, 393, 394, 395]	1_415_5jhf.1.F_5cd53dc408cc8f5b20c3705f.pdb
Q06410	P40356+Q06410_interface@_group72	[19, 56, 124, 131, 132, 212, 215, 219, 223, 225, 245, 249, 250, 333, 336, 337, 339, 340, 344, 350, 351, 378, 380, 382, 387, 394, 400]	27	[16, 18, 19, 20, 55, 56, 57, 109, 123, 124, 125, 130, 131, 132, 133, 134, 211, 212, 213, 214, 215, 216, 218, 219, 220, 222, 223, 224, 225, 226, 244, 245, 246, 247, 248, 249, 250, 251, 332, 333, 334, 335, 336, 337, 338, 339, 340, 341, 343, 344, 345, 348, 349, 350, 351, 352, 377, 378, 379, 380, 381, 382, 383, 386, 387, 388, 393, 394, 395, 399, 400, 401]	1_415_5jhf.1.F_5cd53dc408cc8f5b20c3705f.pdb
Q06410	P40368+Q06410_interface@_group73	[19, 56, 124, 131, 132, 212, 215, 219, 223, 225, 245, 249, 250, 333, 336, 337, 339, 340, 344, 350, 351, 378, 380, 382, 387, 394, 400]	27	[16, 18, 19, 20, 55, 56, 57, 109, 123, 124, 125, 130, 131, 132, 133, 134, 211, 212, 213, 214, 215, 216, 218, 219, 220, 222, 223, 224, 225, 226, 244, 245, 246, 247, 248, 249, 250, 251, 332, 333, 334, 335, 336, 337, 338, 339, 340, 341, 343, 344, 345, 348, 349, 350, 351, 352, 377, 378, 379, 380, 381, 382, 383, 386, 387, 388, 393, 394, 395, 399, 400, 401]	1_415_5jhf.1.F_5cd53dc408cc8f5b20c3705f.pdb
Q06410	P40454+Q06410_interface@_group74	[19, 56, 124, 131, 132, 212, 215, 219, 223, 225, 245, 249, 250, 333, 336, 337, 339, 340, 344, 350, 351, 378, 380, 382, 387, 394, 400]	27	[16, 18, 19, 20, 55, 56, 57, 109, 123, 124, 125, 130, 131, 132, 133, 134, 211, 212, 213, 214, 215, 216, 218, 219, 220, 222, 223, 224, 225, 226, 244, 245, 246, 247, 248, 249, 250, 251, 332, 333, 334, 335, 336, 337, 338, 339, 340, 341, 343, 344, 345, 348, 349, 350, 351, 352, 377, 378, 379, 380, 381, 382, 383, 386, 387, 388, 393, 394, 395, 399, 400, 401]	1_415_5jhf.1.F_5cd53dc408cc8f5b20c3705f.pdb
Q06410	P40455+Q06410_interface@_group75	[19, 56, 124, 131, 132, 212, 215, 219, 223, 225, 245, 249, 250, 333, 336, 337, 339, 340, 344, 350, 351, 378, 380, 382, 387, 394, 400]	27	[16, 18, 19, 20, 55, 56, 57, 109, 123, 124, 125, 130, 131, 132, 133, 134, 211, 212, 213, 214, 215, 216, 218, 219, 220, 222, 223, 224, 225, 226, 244, 245, 246, 247, 248, 249, 250, 251, 332, 333, 334, 335, 336, 337, 338, 339, 340, 341, 343, 344, 345, 348, 349, 350, 351, 352, 377, 378, 379, 380, 381, 382, 383, 386, 387, 388, 393, 394, 395, 399, 400, 401]	1_415_5jhf.1.F_5cd53dc408cc8f5b20c3705f.pdb
Q06410	P40460+Q06410_interface@_group76	[19, 56, 124, 131, 132, 212, 215, 219, 223, 225, 245, 249, 250, 333, 336, 337, 339, 340, 344, 350, 351, 378, 380, 382, 387, 394, 400]	27	[16, 18, 19, 20, 55, 56, 57, 109, 123, 124, 125, 130, 131, 132, 133, 134, 211, 212, 213, 214, 215, 216, 218, 219, 220, 222, 223, 224, 225, 226, 244, 245, 246, 247, 248, 249, 250, 251, 332, 333, 334, 335, 336, 337, 338, 339, 340, 341, 343, 344, 345, 348, 349, 350, 351, 352, 377, 378, 379, 380, 381, 382, 383, 386, 387, 388, 393, 394, 395, 399, 400, 401]	1_415_5jhf.1.F_5cd53dc408cc8f5b20c3705f.pdb
Q06410	P40485+Q06410_interface@_group77	[19, 56, 124, 131, 132, 212, 215, 219, 223, 225, 245, 249, 250, 333, 336, 337, 339, 340, 344, 350, 351, 378, 380, 382, 387, 394, 400]	27	[16, 18, 19, 20, 55, 56, 57, 109, 123, 124, 125, 130, 131, 132, 133, 134, 211, 212, 213, 214, 215, 216, 218, 219, 220, 222, 223, 224, 225, 226, 244, 245, 246, 247, 248, 249, 250, 251, 332, 333, 334, 335, 336, 337, 338, 339, 340, 341, 343, 344, 345, 348, 349, 350, 351, 352, 377, 378, 379, 380, 381, 382, 383, 386, 387, 388, 393, 394, 395, 399, 400, 401]	1_415_5jhf.1.F_5cd53dc408cc8f5b20c3705f.pdb
Q06410	P40497+Q06410_interface@_group78	[19, 56, 124, 131, 132, 212, 215, 219, 223, 225, 245, 249, 250, 333, 336, 337, 339, 340, 344, 350, 351, 378, 380, 382, 387, 394, 400]	27	[16, 18, 19, 20, 55, 56, 57, 109, 123, 124, 125, 130, 131, 132, 133, 134, 211, 212, 213, 214, 215, 216, 218, 219, 220, 222, 223, 224, 225, 226, 244, 245, 246, 247, 248, 249, 250, 251, 332, 333, 334, 335, 336, 337, 338, 339, 340, 341, 343, 344, 345, 348, 349, 350, 351, 352, 377, 378, 379, 380, 381, 382, 383, 386, 387, 388, 393, 394, 395, 399, 400, 401]	1_415_5jhf.1.F_5cd53dc408cc8f5b20c3705f.pdb
Q06410	P40505+Q06410_interface@_group79	[19, 56, 124, 131, 132, 212, 215, 219, 223, 225, 245, 249, 250, 333, 336, 337, 339, 340, 344, 350, 351, 378, 380, 382, 387, 394, 400]	27	[16, 18, 19, 20, 55, 56, 57, 109, 123, 124, 125, 130, 131, 132, 133, 134, 211, 212, 213, 214, 215, 216, 218, 219, 220, 222, 223, 224, 225, 226, 244, 245, 246, 247, 248, 249, 250, 251, 332, 333, 334, 335, 336, 337, 338, 339, 340, 341, 343, 344, 345, 348, 349, 350, 351, 352, 377, 378, 379, 380, 381, 382, 383, 386, 387, 388, 393, 394, 395, 399, 400, 401]	1_415_5jhf.1.F_5cd53dc408cc8f5b20c3705f.pdb
Q06410	P40507+Q06410_interface@_group80	[19, 56, 124, 131, 132, 212, 215, 219, 223, 225, 245, 249, 250, 333, 336, 337, 339, 340, 344, 350, 351, 378, 380, 382, 387, 394, 400]	27	[16, 18, 19, 20, 55, 56, 57, 109, 123, 124, 125, 130, 131, 132, 133, 134, 211, 212, 213, 214, 215, 216, 218, 219, 220, 222, 223, 224, 225, 226, 244, 245, 246, 247, 248, 249, 250, 251, 332, 333, 334, 335, 336, 337, 338, 339, 340, 341, 343, 344, 345, 348, 349, 350, 351, 352, 377, 378, 379, 380, 381, 382, 383, 386, 387, 388, 393, 394, 395, 399, 400, 401]	1_415_5jhf.1.F_5cd53dc408cc8f5b20c3705f.pdb
Q06410	P40573+Q06410_interface@_group81	[19, 56, 124, 131, 132, 212, 215, 219, 223, 225, 245, 249, 250, 333, 336, 337, 339, 340, 344, 350, 351, 378, 380, 382, 387, 394, 400]	27	[16, 18, 19, 20, 55, 56, 57, 109, 123, 124, 125, 130, 131, 132, 133, 134, 211, 212, 213, 214, 215, 216, 218, 219, 220, 222, 223, 224, 225, 226, 244, 245, 246, 247, 248, 249, 250, 251, 332, 333, 334, 335, 336, 337, 338, 339, 340, 341, 343, 344, 345, 348, 349, 350, 351, 352, 377, 378, 379, 380, 381, 382, 383, 386, 387, 388, 393, 394, 395, 399, 400, 401]	1_415_5jhf.1.F_5cd53dc408cc8f5b20c3705f.pdb
Q06410	P40957+Q06410_interface@_group82	[19, 56, 124, 131, 132, 212, 215, 219, 223, 225, 245, 249, 250, 333, 336, 337, 339, 340, 344, 350, 351, 378, 380, 382, 387, 394, 400]	27	[16, 18, 19, 20, 55, 56, 57, 109, 123, 124, 125, 130, 131, 132, 133, 134, 211, 212, 213, 214, 215, 216, 218, 219, 220, 222, 223, 224, 225, 226, 244, 245, 246, 247, 248, 249, 250, 251, 332, 333, 334, 335, 336, 337, 338, 339, 340, 341, 343, 344, 345, 348, 349, 350, 351, 352, 377, 378, 379, 380, 381, 382, 383, 386, 387, 388, 393, 394, 395, 399, 400, 401]	1_415_5jhf.1.F_5cd53dc408cc8f5b20c3705f.pdb
Q06410	P40969+Q06410_interface@_group83	[19, 56, 124, 131, 132, 212, 215, 219, 223, 225, 245, 249, 250, 333, 336, 337, 339, 340, 344, 350, 351, 378, 380, 382, 387, 394, 400]	27	[16, 18, 19, 20, 55, 56, 57, 109, 123, 124, 125, 130, 131, 132, 133, 134, 211, 212, 213, 214, 215, 216, 218, 219, 220, 222, 223, 224, 225, 226, 244, 245, 246, 247, 248, 249, 250, 251, 332, 333, 334, 335, 336, 337, 338, 339, 340, 341, 343, 344, 345, 348, 349, 350, 351, 352, 377, 378, 379, 380, 381, 382, 383, 386, 387, 388, 393, 394, 395, 399, 400, 401]	1_415_5jhf.1.F_5cd53dc408cc8f5b20c3705f.pdb
Q06410	P40992+Q06410_interface@_group84	[19, 56, 124, 131, 132, 212, 215, 219, 223, 225, 245, 249, 250, 333, 336, 337, 339, 340, 344, 350, 351, 378, 380, 382, 387, 394, 400]	27	[16, 18, 19, 20, 55, 56, 57, 109, 123, 124, 125, 130, 131, 132, 133, 134, 211, 212, 213, 214, 215, 216, 218, 219, 220, 222, 223, 224, 225, 226, 244, 245, 246, 247, 248, 249, 250, 251, 332, 333, 334, 335, 336, 337, 338, 339, 340, 341, 343, 344, 345, 348, 349, 350, 351, 352, 377, 378, 379, 380, 381, 382, 383, 386, 387, 388, 393, 394, 395, 399, 400, 401]	1_415_5jhf.1.F_5cd53dc408cc8f5b20c3705f.pdb
Q06410	P43592+Q06410_interface@_group85	[19, 56, 124, 131, 132, 212, 215, 219, 223, 225, 245, 249, 250, 333, 336, 337, 339, 340, 344, 350, 351, 378, 380, 382, 387, 394, 400]	27	[16, 18, 19, 20, 55, 56, 57, 109, 123, 124, 125, 130, 131, 132, 133, 134, 211, 212, 213, 214, 215, 216, 218, 219, 220, 222, 223, 224, 225, 226, 244, 245, 246, 247, 248, 249, 250, 251, 332, 333, 334, 335, 336, 337, 338, 339, 340, 341, 343, 344, 345, 348, 349, 350, 351, 352, 377, 378, 379, 380, 381, 382, 383, 386, 387, 388, 393, 394, 395, 399, 400, 401]	1_415_5jhf.1.F_5cd53dc408cc8f5b20c3705f.pdb
Q06410	P46674+Q06410_interface@_group86	[19, 56, 124, 131, 132, 212, 215, 219, 223, 225, 245, 249, 250, 333, 336, 337, 339, 340, 344, 350, 351, 378, 380, 382, 387, 394, 400]	27	[16, 18, 19, 20, 55, 56, 57, 109, 123, 124, 125, 130, 131, 132, 133, 134, 211, 212, 213, 214, 215, 216, 218, 219, 220, 222, 223, 224, 225, 226, 244, 245, 246, 247, 248, 249, 250, 251, 332, 333, 334, 335, 336, 337, 338, 339, 340, 341, 343, 344, 345, 348, 349, 350, 351, 352, 377, 378, 379, 380, 381, 382, 383, 386, 387, 388, 393, 394, 395, 399, 400, 401]	1_415_5jhf.1.F_5cd53dc408cc8f5b20c3705f.pdb
Q06410	P46682+Q06410_interface@_group87	[19, 56, 124, 131, 132, 212, 215, 219, 223, 225, 245, 249, 250, 333, 336, 337, 339, 340, 344, 350, 351, 378, 380, 382, 387, 394, 400]	27	[16, 18, 19, 20, 55, 56, 57, 109, 123, 124, 125, 130, 131, 132, 133, 134, 211, 212, 213, 214, 215, 216, 218, 219, 220, 222, 223, 224, 225, 226, 244, 245, 246, 247, 248, 249, 250, 251, 332, 333, 334, 335, 336, 337, 338, 339, 340, 341, 343, 344, 345, 348, 349, 350, 351, 352, 377, 378, 379, 380, 381, 382, 383, 386, 387, 388, 393, 394, 395, 399, 400, 401]	1_415_5jhf.1.F_5cd53dc408cc8f5b20c3705f.pdb
Q06410	P46956+Q06410_interface@_group88	[19, 56, 124, 131, 132, 212, 215, 219, 223, 225, 245, 249, 250, 333, 336, 337, 339, 340, 344, 350, 351, 378, 380, 382, 387, 394, 400]	27	[16, 18, 19, 20, 55, 56, 57, 109, 123, 124, 125, 130, 131, 132, 133, 134, 211, 212, 213, 214, 215, 216, 218, 219, 220, 222, 223, 224, 225, 226, 244, 245, 246, 247, 248, 249, 250, 251, 332, 333, 334, 335, 336, 337, 338, 339, 340, 341, 343, 344, 345, 348, 349, 350, 351, 352, 377, 378, 379, 380, 381, 382, 383, 386, 387, 388, 393, 394, 395, 399, 400, 401]	1_415_5jhf.1.F_5cd53dc408cc8f5b20c3705f.pdb
Q06410	P47041+Q06410_interface@_group89	[19, 56, 124, 131, 132, 212, 215, 219, 223, 225, 245, 249, 250, 333, 336, 337, 339, 340, 344, 350, 351, 378, 380, 382, 387, 394, 400]	27	[16, 18, 19, 20, 55, 56, 57, 109, 123, 124, 125, 130, 131, 132, 133, 134, 211, 212, 213, 214, 215, 216, 218, 219, 220, 222, 223, 224, 225, 226, 244, 245, 246, 247, 248, 249, 250, 251, 332, 333, 334, 335, 336, 337, 338, 339, 340, 341, 343, 344, 345, 348, 349, 350, 351, 352, 377, 378, 379, 380, 381, 382, 383, 386, 387, 388, 393, 394, 395, 399, 400, 401]	1_415_5jhf.1.F_5cd53dc408cc8f5b20c3705f.pdb
Q06410	P47049+Q06410_interface@_group90	[19, 56, 124, 131, 132, 212, 215, 219, 223, 225, 245, 249, 250, 333, 336, 337, 339, 340, 344, 350, 351, 378, 380, 382, 387, 394, 400]	27	[16, 18, 19, 20, 55, 56, 57, 109, 123, 124, 125, 130, 131, 132, 133, 134, 211, 212, 213, 214, 215, 216, 218, 219, 220, 222, 223, 224, 225, 226, 244, 245, 246, 247, 248, 249, 250, 251, 332, 333, 334, 335, 336, 337, 338, 339, 340, 341, 343, 344, 345, 348, 349, 350, 351, 352, 377, 378, 379, 380, 381, 382, 383, 386, 387, 388, 393, 394, 395, 399, 400, 401]	1_415_5jhf.1.F_5cd53dc408cc8f5b20c3705f.pdb
Q06410	P47057+Q06410_interface@_group91	[14, 131, 219, 222, 223, 245, 350, 353, 354, 394]	10	[11, 13, 14, 15, 130, 131, 132, 134, 218, 219, 220, 221, 222, 223, 224, 244, 245, 246, 349, 350, 351, 352, 353, 354, 355, 356, 393, 394, 395]	1_415_5jhf.1.F_5cd53dc408cc8f5b20c3705f.pdb
Q06410	P47084+Q06410_interface@_group92	[19, 56, 124, 131, 132, 212, 215, 219, 223, 225, 245, 249, 250, 333, 336, 337, 339, 340, 344, 350, 351, 378, 380, 382, 387, 394, 400]	27	[16, 18, 19, 20, 55, 56, 57, 109, 123, 124, 125, 130, 131, 132, 133, 134, 211, 212, 213, 214, 215, 216, 218, 219, 220, 222, 223, 224, 225, 226, 244, 245, 246, 247, 248, 249, 250, 251, 332, 333, 334, 335, 336, 337, 338, 339, 340, 341, 343, 344, 345, 348, 349, 350, 351, 352, 377, 378, 379, 380, 381, 382, 383, 386, 387, 388, 393, 394, 395, 399, 400, 401]	1_415_5jhf.1.F_5cd53dc408cc8f5b20c3705f.pdb
Q06410	P47095+Q06410_interface@_group93	[127, 131, 219, 222, 223, 245, 348, 387, 394]	9	[126, 127, 128, 130, 131, 132, 134, 218, 219, 220, 221, 222, 223, 224, 244, 245, 246, 345, 347, 348, 349, 351, 386, 387, 388, 393, 394, 395]	1_415_5jhf.1.F_5cd53dc408cc8f5b20c3705f.pdb
Q06410	P47141+Q06410_interface@_group94	[14, 131, 219, 222, 223, 394]	6	[11, 13, 14, 15, 130, 131, 132, 134, 218, 219, 220, 221, 222, 223, 224, 393, 394, 395]	1_415_5jhf.1.F_5cd53dc408cc8f5b20c3705f.pdb
Q06410	P47988+Q06410_interface@_group95	[19, 56, 124, 131, 132, 212, 215, 219, 223, 225, 245, 249, 250, 333, 336, 337, 339, 340, 344, 350, 351, 378, 380, 382, 387, 394, 400]	27	[16, 18, 19, 20, 55, 56, 57, 109, 123, 124, 125, 130, 131, 132, 133, 134, 211, 212, 213, 214, 215, 216, 218, 219, 220, 222, 223, 224, 225, 226, 244, 245, 246, 247, 248, 249, 250, 251, 332, 333, 334, 335, 336, 337, 338, 339, 340, 341, 343, 344, 345, 348, 349, 350, 351, 352, 377, 378, 379, 380, 381, 382, 383, 386, 387, 388, 393, 394, 395, 399, 400, 401]	1_415_5jhf.1.F_5cd53dc408cc8f5b20c3705f.pdb
Q06410	P48232+Q06410_interface@_group96	[19, 56, 124, 131, 132, 212, 215, 219, 223, 225, 245, 249, 250, 333, 336, 337, 339, 340, 344, 350, 351, 378, 380, 382, 387, 394, 400]	27	[16, 18, 19, 20, 55, 56, 57, 109, 123, 124, 125, 130, 131, 132, 133, 134, 211, 212, 213, 214, 215, 216, 218, 219, 220, 222, 223, 224, 225, 226, 244, 245, 246, 247, 248, 249, 250, 251, 332, 333, 334, 335, 336, 337, 338, 339, 340, 341, 343, 344, 345, 348, 349, 350, 351, 352, 377, 378, 379, 380, 381, 382, 383, 386, 387, 388, 393, 394, 395, 399, 400, 401]	1_415_5jhf.1.F_5cd53dc408cc8f5b20c3705f.pdb
Q06410	P48837+Q06410_interface@_group97	[19, 56, 124, 131, 132, 212, 215, 219, 223, 225, 245, 249, 250, 333, 336, 337, 339, 340, 344, 350, 351, 378, 380, 382, 387, 394, 400]	27	[16, 18, 19, 20, 55, 56, 57, 109, 123, 124, 125, 130, 131, 132, 133, 134, 211, 212, 213, 214, 215, 216, 218, 219, 220, 222, 223, 224, 225, 226, 244, 245, 246, 247, 248, 249, 250, 251, 332, 333, 334, 335, 336, 337, 338, 339, 340, 341, 343, 344, 345, 348, 349, 350, 351, 352, 377, 378, 379, 380, 381, 382, 383, 386, 387, 388, 393, 394, 395, 399, 400, 401]	1_415_5jhf.1.F_5cd53dc408cc8f5b20c3705f.pdb
Q06410	P52893+Q06410_interface@_group98	[19, 56, 124, 131, 132, 212, 215, 219, 223, 225, 245, 249, 250, 333, 336, 337, 339, 340, 344, 350, 351, 378, 380, 382, 387, 394, 400]	27	[16, 18, 19, 20, 55, 56, 57, 109, 123, 124, 125, 130, 131, 132, 133, 134, 211, 212, 213, 214, 215, 216, 218, 219, 220, 222, 223, 224, 225, 226, 244, 245, 246, 247, 248, 249, 250, 251, 332, 333, 334, 335, 336, 337, 338, 339, 340, 341, 343, 344, 345, 348, 349, 350, 351, 352, 377, 378, 379, 380, 381, 382, 383, 386, 387, 388, 393, 394, 395, 399, 400, 401]	1_415_5jhf.1.F_5cd53dc408cc8f5b20c3705f.pdb
Q06410	P53104+Q06410_interface@_group99	[19, 56, 124, 131, 132, 212, 215, 219, 223, 225, 245, 249, 250, 333, 336, 337, 339, 340, 344, 350, 351, 378, 380, 382, 387, 394, 400]	27	[16, 18, 19, 20, 55, 56, 57, 109, 123, 124, 125, 130, 131, 132, 133, 134, 211, 212, 213, 214, 215, 216, 218, 219, 220, 222, 223, 224, 225, 226, 244, 245, 246, 247, 248, 249, 250, 251, 332, 333, 334, 335, 336, 337, 338, 339, 340, 341, 343, 344, 345, 348, 349, 350, 351, 352, 377, 378, 379, 380, 381, 382, 383, 386, 387, 388, 393, 394, 395, 399, 400, 401]	1_415_5jhf.1.F_5cd53dc408cc8f5b20c3705f.pdb
Q06410	P53148+Q06410_interface@_group100	[19, 56, 124, 131, 132, 212, 215, 219, 223, 225, 245, 249, 250, 333, 336, 337, 339, 340, 344, 350, 351, 378, 380, 382, 387, 394, 400]	27	[16, 18, 19, 20, 55, 56, 57, 109, 123, 124, 125, 130, 131, 132, 133, 134, 211, 212, 213, 214, 215, 216, 218, 219, 220, 222, 223, 224, 225, 226, 244, 245, 246, 247, 248, 249, 250, 251, 332, 333, 334, 335, 336, 337, 338, 339, 340, 341, 343, 344, 345, 348, 349, 350, 351, 352, 377, 378, 379, 380, 381, 382, 383, 386, 387, 388, 393, 394, 395, 399, 400, 401]	1_415_5jhf.1.F_5cd53dc408cc8f5b20c3705f.pdb
Q06410	P53267+Q06410_interface@_group101	[19, 56, 124, 131, 132, 212, 215, 219, 223, 225, 245, 249, 250, 333, 336, 337, 339, 340, 344, 350, 351, 378, 380, 382, 387, 394, 400]	27	[16, 18, 19, 20, 55, 56, 57, 109, 123, 124, 125, 130, 131, 132, 133, 134, 211, 212, 213, 214, 215, 216, 218, 219, 220, 222, 223, 224, 225, 226, 244, 245, 246, 247, 248, 249, 250, 251, 332, 333, 334, 335, 336, 337, 338, 339, 340, 341, 343, 344, 345, 348, 349, 350, 351, 352, 377, 378, 379, 380, 381, 382, 383, 386, 387, 388, 393, 394, 395, 399, 400, 401]	1_415_5jhf.1.F_5cd53dc408cc8f5b20c3705f.pdb
Q06410	P53271+Q06410_interface@_group102	[19, 56, 124, 131, 132, 212, 215, 219, 223, 225, 245, 249, 250, 333, 336, 337, 339, 340, 344, 350, 351, 378, 380, 382, 387, 394, 400]	27	[16, 18, 19, 20, 55, 56, 57, 109, 123, 124, 125, 130, 131, 132, 133, 134, 211, 212, 213, 214, 215, 216, 218, 219, 220, 222, 223, 224, 225, 226, 244, 245, 246, 247, 248, 249, 250, 251, 332, 333, 334, 335, 336, 337, 338, 339, 340, 341, 343, 344, 345, 348, 349, 350, 351, 352, 377, 378, 379, 380, 381, 382, 383, 386, 387, 388, 393, 394, 395, 399, 400, 401]	1_415_5jhf.1.F_5cd53dc408cc8f5b20c3705f.pdb
Q06410	P53549+Q06410_interface@_group103	[127, 131, 219, 222, 223, 245, 248, 249, 351, 352, 354, 394]	12	[126, 127, 128, 130, 131, 132, 134, 218, 219, 220, 221, 222, 223, 224, 244, 245, 246, 247, 248, 249, 250, 348, 350, 351, 352, 353, 354, 355, 393, 394, 395]	1_415_5jhf.1.F_5cd53dc408cc8f5b20c3705f.pdb
Q06410	P53829+Q06410_interface@_group104	[127, 131, 219, 222, 223, 245, 247, 248, 249, 337, 351, 353, 354, 394]	14	[126, 127, 128, 130, 131, 132, 134, 218, 219, 220, 221, 222, 223, 224, 244, 245, 246, 247, 248, 249, 250, 334, 336, 337, 338, 340, 348, 350, 351, 352, 353, 354, 355, 356, 393, 394, 395]	1_415_5jhf.1.F_5cd53dc408cc8f5b20c3705f.pdb
Q06410	P53861+Q06410_interface@_group105	[19, 56, 124, 131, 132, 212, 215, 219, 223, 225, 245, 249, 250, 333, 336, 337, 339, 340, 344, 350, 351, 378, 380, 382, 387, 394, 400]	27	[16, 18, 19, 20, 55, 56, 57, 109, 123, 124, 125, 130, 131, 132, 133, 134, 211, 212, 213, 214, 215, 216, 218, 219, 220, 222, 223, 224, 225, 226, 244, 245, 246, 247, 248, 249, 250, 251, 332, 333, 334, 335, 336, 337, 338, 339, 340, 341, 343, 344, 345, 348, 349, 350, 351, 352, 377, 378, 379, 380, 381, 382, 383, 386, 387, 388, 393, 394, 395, 399, 400, 401]	1_415_5jhf.1.F_5cd53dc408cc8f5b20c3705f.pdb
Q06410	P53877+Q06410_interface@_group106	[19, 56, 124, 131, 132, 212, 215, 219, 223, 225, 245, 249, 250, 333, 336, 337, 339, 340, 344, 350, 351, 378, 380, 382, 387, 394, 400]	27	[16, 18, 19, 20, 55, 56, 57, 109, 123, 124, 125, 130, 131, 132, 133, 134, 211, 212, 213, 214, 215, 216, 218, 219, 220, 222, 223, 224, 225, 226, 244, 245, 246, 247, 248, 249, 250, 251, 332, 333, 334, 335, 336, 337, 338, 339, 340, 341, 343, 344, 345, 348, 349, 350, 351, 352, 377, 378, 379, 380, 381, 382, 383, 386, 387, 388, 393, 394, 395, 399, 400, 401]	1_415_5jhf.1.F_5cd53dc408cc8f5b20c3705f.pdb
Q06410	P53939+Q06410_interface@_group107	[19, 56, 124, 131, 132, 212, 215, 219, 223, 225, 245, 249, 250, 333, 336, 337, 339, 340, 344, 350, 351, 378, 380, 382, 387, 394, 400]	27	[16, 18, 19, 20, 55, 56, 57, 109, 123, 124, 125, 130, 131, 132, 133, 134, 211, 212, 213, 214, 215, 216, 218, 219, 220, 222, 223, 224, 225, 226, 244, 245, 246, 247, 248, 249, 250, 251, 332, 333, 334, 335, 336, 337, 338, 339, 340, 341, 343, 344, 345, 348, 349, 350, 351, 352, 377, 378, 379, 380, 381, 382, 383, 386, 387, 388, 393, 394, 395, 399, 400, 401]	1_415_5jhf.1.F_5cd53dc408cc8f5b20c3705f.pdb
Q06410	P69852+Q06410_interface@_group108	[19, 56, 124, 131, 132, 212, 215, 219, 223, 225, 245, 249, 250, 333, 336, 337, 339, 340, 344, 350, 351, 378, 380, 382, 387, 394, 400]	27	[16, 18, 19, 20, 55, 56, 57, 109, 123, 124, 125, 130, 131, 132, 133, 134, 211, 212, 213, 214, 215, 216, 218, 219, 220, 222, 223, 224, 225, 226, 244, 245, 246, 247, 248, 249, 250, 251, 332, 333, 334, 335, 336, 337, 338, 339, 340, 341, 343, 344, 345, 348, 349, 350, 351, 352, 377, 378, 379, 380, 381, 382, 383, 386, 387, 388, 393, 394, 395, 399, 400, 401]	1_415_5jhf.1.F_5cd53dc408cc8f5b20c3705f.pdb
Q06410	Q02831+Q06410_interface@_group109	[19, 56, 124, 131, 132, 212, 215, 219, 223, 225, 245, 249, 250, 333, 336, 337, 339, 340, 344, 350, 351, 378, 380, 382, 387, 394, 400]	27	[16, 18, 19, 20, 55, 56, 57, 109, 123, 124, 125, 130, 131, 132, 133, 134, 211, 212, 213, 214, 215, 216, 218, 219, 220, 222, 223, 224, 225, 226, 244, 245, 246, 247, 248, 249, 250, 251, 332, 333, 334, 335, 336, 337, 338, 339, 340, 341, 343, 344, 345, 348, 349, 350, 351, 352, 377, 378, 379, 380, 381, 382, 383, 386, 387, 388, 393, 394, 395, 399, 400, 401]	1_415_5jhf.1.F_5cd53dc408cc8f5b20c3705f.pdb
Q06410	Q03246+Q06410_interface@_group110	[19, 56, 124, 131, 132, 212, 215, 219, 223, 225, 245, 249, 250, 333, 336, 337, 339, 340, 344, 350, 351, 378, 380, 382, 387, 394, 400]	27	[16, 18, 19, 20, 55, 56, 57, 109, 123, 124, 125, 130, 131, 132, 133, 134, 211, 212, 213, 214, 215, 216, 218, 219, 220, 222, 223, 224, 225, 226, 244, 245, 246, 247, 248, 249, 250, 251, 332, 333, 334, 335, 336, 337, 338, 339, 340, 341, 343, 344, 345, 348, 349, 350, 351, 352, 377, 378, 379, 380, 381, 382, 383, 386, 387, 388, 393, 394, 395, 399, 400, 401]	1_415_5jhf.1.F_5cd53dc408cc8f5b20c3705f.pdb
Q06410	Q03338+Q06410_interface@_group111	[131, 219, 222, 223, 249, 387, 394]	7	[130, 131, 132, 134, 218, 219, 220, 221, 222, 223, 224, 248, 249, 250, 386, 387, 388, 393, 394, 395]	1_415_5jhf.1.F_5cd53dc408cc8f5b20c3705f.pdb
Q06410	Q03433+Q06410_interface@_group112	[19, 56, 124, 131, 132, 212, 215, 219, 223, 225, 245, 249, 250, 333, 336, 337, 339, 340, 344, 350, 351, 378, 380, 382, 387, 394, 400]	27	[16, 18, 19, 20, 55, 56, 57, 109, 123, 124, 125, 130, 131, 132, 133, 134, 211, 212, 213, 214, 215, 216, 218, 219, 220, 222, 223, 224, 225, 226, 244, 245, 246, 247, 248, 249, 250, 251, 332, 333, 334, 335, 336, 337, 338, 339, 340, 341, 343, 344, 345, 348, 349, 350, 351, 352, 377, 378, 379, 380, 381, 382, 383, 386, 387, 388, 393, 394, 395, 399, 400, 401]	1_415_5jhf.1.F_5cd53dc408cc8f5b20c3705f.pdb
Q06410	Q03654+Q06410_interface@_group113	[19, 56, 124, 131, 132, 212, 215, 219, 223, 225, 245, 249, 250, 333, 336, 337, 339, 340, 344, 350, 351, 378, 380, 382, 387, 394, 400]	27	[16, 18, 19, 20, 55, 56, 57, 109, 123, 124, 125, 130, 131, 132, 133, 134, 211, 212, 213, 214, 215, 216, 218, 219, 220, 222, 223, 224, 225, 226, 244, 245, 246, 247, 248, 249, 250, 251, 332, 333, 334, 335, 336, 337, 338, 339, 340, 341, 343, 344, 345, 348, 349, 350, 351, 352, 377, 378, 379, 380, 381, 382, 383, 386, 387, 388, 393, 394, 395, 399, 400, 401]	1_415_5jhf.1.F_5cd53dc408cc8f5b20c3705f.pdb
Q06410	Q03694+Q06410_interface@_group114	[19, 56, 124, 131, 132, 212, 215, 219, 223, 225, 245, 249, 250, 333, 336, 337, 339, 340, 344, 350, 351, 378, 380, 382, 387, 394, 400]	27	[16, 18, 19, 20, 55, 56, 57, 109, 123, 124, 125, 130, 131, 132, 133, 134, 211, 212, 213, 214, 215, 216, 218, 219, 220, 222, 223, 224, 225, 226, 244, 245, 246, 247, 248, 249, 250, 251, 332, 333, 334, 335, 336, 337, 338, 339, 340, 341, 343, 344, 345, 348, 349, 350, 351, 352, 377, 378, 379, 380, 381, 382, 383, 386, 387, 388, 393, 394, 395, 399, 400, 401]	1_415_5jhf.1.F_5cd53dc408cc8f5b20c3705f.pdb
Q06410	Q03782+Q06410_interface@_group115	[19, 56, 124, 131, 132, 212, 215, 219, 223, 225, 245, 249, 250, 333, 336, 337, 339, 340, 344, 350, 351, 378, 380, 382, 387, 394, 400]	27	[16, 18, 19, 20, 55, 56, 57, 109, 123, 124, 125, 130, 131, 132, 133, 134, 211, 212, 213, 214, 215, 216, 218, 219, 220, 222, 223, 224, 225, 226, 244, 245, 246, 247, 248, 249, 250, 251, 332, 333, 334, 335, 336, 337, 338, 339, 340, 341, 343, 344, 345, 348, 349, 350, 351, 352, 377, 378, 379, 380, 381, 382, 383, 386, 387, 388, 393, 394, 395, 399, 400, 401]	1_415_5jhf.1.F_5cd53dc408cc8f5b20c3705f.pdb
Q06410	Q03935+Q06410_interface@_group116	[19, 56, 124, 131, 132, 212, 215, 219, 223, 225, 245, 249, 250, 333, 336, 337, 339, 340, 344, 350, 351, 378, 380, 382, 387, 394, 400]	27	[16, 18, 19, 20, 55, 56, 57, 109, 123, 124, 125, 130, 131, 132, 133, 134, 211, 212, 213, 214, 215, 216, 218, 219, 220, 222, 223, 224, 225, 226, 244, 245, 246, 247, 248, 249, 250, 251, 332, 333, 334, 335, 336, 337, 338, 339, 340, 341, 343, 344, 345, 348, 349, 350, 351, 352, 377, 378, 379, 380, 381, 382, 383, 386, 387, 388, 393, 394, 395, 399, 400, 401]	1_415_5jhf.1.F_5cd53dc408cc8f5b20c3705f.pdb
Q06410	Q04359+Q06410_interface@_group117	[219, 223, 340, 394]	4	[218, 219, 220, 222, 223, 224, 337, 339, 340, 341, 393, 394, 395]	1_415_5jhf.1.F_5cd53dc408cc8f5b20c3705f.pdb
Q06410	Q04368+Q06410_interface@_group118	[19, 56, 124, 131, 132, 212, 215, 219, 223, 225, 245, 249, 250, 333, 336, 337, 339, 340, 344, 350, 351, 378, 380, 382, 387, 394, 400]	27	[16, 18, 19, 20, 55, 56, 57, 109, 123, 124, 125, 130, 131, 132, 133, 134, 211, 212, 213, 214, 215, 216, 218, 219, 220, 222, 223, 224, 225, 226, 244, 245, 246, 247, 248, 249, 250, 251, 332, 333, 334, 335, 336, 337, 338, 339, 340, 341, 343, 344, 345, 348, 349, 350, 351, 352, 377, 378, 379, 380, 381, 382, 383, 386, 387, 388, 393, 394, 395, 399, 400, 401]	1_415_5jhf.1.F_5cd53dc408cc8f5b20c3705f.pdb
Q06410	Q04675+Q06410_interface@_group119	[14, 131, 219, 222, 223, 387, 394]	7	[11, 13, 14, 15, 130, 131, 132, 134, 218, 219, 220, 221, 222, 223, 224, 386, 387, 388, 393, 394, 395]	1_415_5jhf.1.F_5cd53dc408cc8f5b20c3705f.pdb
Q06410	Q04712+Q06410_interface@_group120	[19, 56, 124, 131, 132, 212, 215, 219, 223, 225, 245, 249, 250, 333, 336, 337, 339, 340, 344, 350, 351, 378, 380, 382, 387, 394, 400]	27	[16, 18, 19, 20, 55, 56, 57, 109, 123, 124, 125, 130, 131, 132, 133, 134, 211, 212, 213, 214, 215, 216, 218, 219, 220, 222, 223, 224, 225, 226, 244, 245, 246, 247, 248, 249, 250, 251, 332, 333, 334, 335, 336, 337, 338, 339, 340, 341, 343, 344, 345, 348, 349, 350, 351, 352, 377, 378, 379, 380, 381, 382, 383, 386, 387, 388, 393, 394, 395, 399, 400, 401]	1_415_5jhf.1.F_5cd53dc408cc8f5b20c3705f.pdb
Q06410	Q04749+Q06410_interface@_group121	[19, 56, 124, 131, 132, 212, 215, 219, 223, 225, 245, 249, 250, 333, 336, 337, 339, 340, 344, 350, 351, 378, 380, 382, 387, 394, 400]	27	[16, 18, 19, 20, 55, 56, 57, 109, 123, 124, 125, 130, 131, 132, 133, 134, 211, 212, 213, 214, 215, 216, 218, 219, 220, 222, 223, 224, 225, 226, 244, 245, 246, 247, 248, 249, 250, 251, 332, 333, 334, 335, 336, 337, 338, 339, 340, 341, 343, 344, 345, 348, 349, 350, 351, 352, 377, 378, 379, 380, 381, 382, 383, 386, 387, 388, 393, 394, 395, 399, 400, 401]	1_415_5jhf.1.F_5cd53dc408cc8f5b20c3705f.pdb
Q06410	Q04934+Q06410_interface@_group122	[131, 219, 222, 223, 245, 348, 353, 394]	8	[130, 131, 132, 134, 218, 219, 220, 221, 222, 223, 224, 244, 245, 246, 345, 347, 348, 349, 351, 352, 353, 354, 356, 393, 394, 395]	1_415_5jhf.1.F_5cd53dc408cc8f5b20c3705f.pdb
Q06410	Q05080+Q06410_interface@_group123	[19, 56, 124, 131, 132, 212, 215, 219, 223, 225, 245, 249, 250, 333, 336, 337, 339, 340, 344, 350, 351, 378, 380, 382, 387, 394, 400]	27	[16, 18, 19, 20, 55, 56, 57, 109, 123, 124, 125, 130, 131, 132, 133, 134, 211, 212, 213, 214, 215, 216, 218, 219, 220, 222, 223, 224, 225, 226, 244, 245, 246, 247, 248, 249, 250, 251, 332, 333, 334, 335, 336, 337, 338, 339, 340, 341, 343, 344, 345, 348, 349, 350, 351, 352, 377, 378, 379, 380, 381, 382, 383, 386, 387, 388, 393, 394, 395, 399, 400, 401]	1_415_5jhf.1.F_5cd53dc408cc8f5b20c3705f.pdb
Q06410	Q06096+Q06410_interface@_group124	[19, 56, 124, 131, 132, 212, 215, 219, 223, 225, 245, 249, 250, 333, 336, 337, 339, 340, 344, 350, 351, 378, 380, 382, 387, 394, 400]	27	[16, 18, 19, 20, 55, 56, 57, 109, 123, 124, 125, 130, 131, 132, 133, 134, 211, 212, 213, 214, 215, 216, 218, 219, 220, 222, 223, 224, 225, 226, 244, 245, 246, 247, 248, 249, 250, 251, 332, 333, 334, 335, 336, 337, 338, 339, 340, 341, 343, 344, 345, 348, 349, 350, 351, 352, 377, 378, 379, 380, 381, 382, 383, 386, 387, 388, 393, 394, 395, 399, 400, 401]	1_415_5jhf.1.F_5cd53dc408cc8f5b20c3705f.pdb
Q06410	Q06162+Q06410_interface@_group125	[19, 56, 124, 131, 132, 212, 215, 219, 223, 225, 245, 249, 250, 333, 336, 337, 339, 340, 344, 350, 351, 378, 380, 382, 387, 394, 400]	27	[16, 18, 19, 20, 55, 56, 57, 109, 123, 124, 125, 130, 131, 132, 133, 134, 211, 212, 213, 214, 215, 216, 218, 219, 220, 222, 223, 224, 225, 226, 244, 245, 246, 247, 248, 249, 250, 251, 332, 333, 334, 335, 336, 337, 338, 339, 340, 341, 343, 344, 345, 348, 349, 350, 351, 352, 377, 378, 379, 380, 381, 382, 383, 386, 387, 388, 393, 394, 395, 399, 400, 401]	1_415_5jhf.1.F_5cd53dc408cc8f5b20c3705f.pdb
Q06410	Q06333+Q06410_interface@_group126	[19, 56, 124, 131, 132, 212, 215, 219, 223, 225, 245, 249, 250, 333, 336, 337, 339, 340, 344, 350, 351, 378, 380, 382, 387, 394, 400]	27	[16, 18, 19, 20, 55, 56, 57, 109, 123, 124, 125, 130, 131, 132, 133, 134, 211, 212, 213, 214, 215, 216, 218, 219, 220, 222, 223, 224, 225, 226, 244, 245, 246, 247, 248, 249, 250, 251, 332, 333, 334, 335, 336, 337, 338, 339, 340, 341, 343, 344, 345, 348, 349, 350, 351, 352, 377, 378, 379, 380, 381, 382, 383, 386, 387, 388, 393, 394, 395, 399, 400, 401]	1_415_5jhf.1.F_5cd53dc408cc8f5b20c3705f.pdb
Q06410	Q06390+Q06410_interface@_group127	[19, 56, 124, 131, 132, 212, 215, 219, 223, 225, 245, 249, 250, 333, 336, 337, 339, 340, 344, 350, 351, 378, 380, 382, 387, 394, 400]	27	[16, 18, 19, 20, 55, 56, 57, 109, 123, 124, 125, 130, 131, 132, 133, 134, 211, 212, 213, 214, 215, 216, 218, 219, 220, 222, 223, 224, 225, 226, 244, 245, 246, 247, 248, 249, 250, 251, 332, 333, 334, 335, 336, 337, 338, 339, 340, 341, 343, 344, 345, 348, 349, 350, 351, 352, 377, 378, 379, 380, 381, 382, 383, 386, 387, 388, 393, 394, 395, 399, 400, 401]	1_415_5jhf.1.F_5cd53dc408cc8f5b20c3705f.pdb
Q06410	Q06410+Q06410_interface@_group128	[19, 56, 124, 131, 132, 212, 215, 219, 223, 225, 245, 249, 250, 333, 336, 337, 339, 340, 344, 350, 351, 378, 380, 382, 387, 394, 400]	27	[16, 18, 19, 20, 55, 56, 57, 109, 123, 124, 125, 130, 131, 132, 133, 134, 211, 212, 213, 214, 215, 216, 218, 219, 220, 222, 223, 224, 225, 226, 244, 245, 246, 247, 248, 249, 250, 251, 332, 333, 334, 335, 336, 337, 338, 339, 340, 341, 343, 344, 345, 348, 349, 350, 351, 352, 377, 378, 379, 380, 381, 382, 383, 386, 387, 388, 393, 394, 395, 399, 400, 401]	1_415_5jhf.1.F_5cd53dc408cc8f5b20c3705f.pdb
