P53197	Mutagenesis@_group0	[12]	1	[5, 6, 7, 11, 13, 15, 16, 17, 19, 23, 24, 25, 26, 27, 38, 47, 48, 49, 51, 54, 55, 56, 57, 58, 59, 60, 61, 62, 63, 64, 65, 66, 75, 76, 77, 78, 79, 87, 88, 89, 90, 91, 92, 100, 101, 102, 103, 104, 105, 106, 107, 108, 109, 110, 113, 114, 115, 116, 117, 118, 119, 120, 123, 124, 125, 137, 138, 139, 144, 145, 146, 147, 171, 172, 173, 174, 175, 176, 192, 194, 195, 196, 197, 198, 199, 200, 201, 208, 210, 211, 212, 213, 214, 215, 216, 217, 219, 224, 225, 226, 235, 236, 237, 238, 239, 240, 241, 242, 250, 251, 252, 260, 261, 262, 263, 264, 265, 266, 267, 268, 269, 270, 271, 273, 274, 275, 276, 277, 278, 279, 280, 281, 282, 283, 284, 285, 286, 287, 288, 289, 290, 291, 292, 293, 294, 295, 296, 297, 298, 299, 301, 302, 303, 305, 306, 307, 313, 314, 315, 316, 321, 322, 323, 324, 326, 327, 328, 330, 331, 332, 334, 336, 337, 338, 339, 340, 341, 345, 346]	225_546_5a31.1.R_5cd71dd63b85d1a66633f6c7.pdb
P53197	Mutagenesis@_group1	[16]	1	[5, 6, 7, 11, 13, 15, 16, 17, 19, 23, 24, 25, 26, 27, 38, 47, 48, 49, 51, 54, 55, 56, 57, 58, 59, 60, 61, 62, 63, 64, 65, 66, 75, 76, 77, 78, 79, 87, 88, 89, 90, 91, 92, 100, 101, 102, 103, 104, 105, 106, 107, 108, 109, 110, 113, 114, 115, 116, 117, 118, 119, 120, 123, 124, 125, 137, 138, 139, 144, 145, 146, 147, 171, 172, 173, 174, 175, 176, 192, 194, 195, 196, 197, 198, 199, 200, 201, 208, 210, 211, 212, 213, 214, 215, 216, 217, 219, 224, 225, 226, 235, 236, 237, 238, 239, 240, 241, 242, 250, 251, 252, 260, 261, 262, 263, 264, 265, 266, 267, 268, 269, 270, 271, 273, 274, 275, 276, 277, 278, 279, 280, 281, 282, 283, 284, 285, 286, 287, 288, 289, 290, 291, 292, 293, 294, 295, 296, 297, 298, 299, 301, 302, 303, 305, 306, 307, 313, 314, 315, 316, 321, 322, 323, 324, 326, 327, 328, 330, 331, 332, 334, 336, 337, 338, 339, 340, 341, 345, 346]	225_546_5a31.1.R_5cd71dd63b85d1a66633f6c7.pdb
P53197	Mutagenesis@_group2	[42]	1	[5, 6, 7, 11, 13, 15, 16, 17, 19, 23, 24, 25, 26, 27, 38, 47, 48, 49, 51, 54, 55, 56, 57, 58, 59, 60, 61, 62, 63, 64, 65, 66, 75, 76, 77, 78, 79, 87, 88, 89, 90, 91, 92, 100, 101, 102, 103, 104, 105, 106, 107, 108, 109, 110, 113, 114, 115, 116, 117, 118, 119, 120, 123, 124, 125, 137, 138, 139, 144, 145, 146, 147, 171, 172, 173, 174, 175, 176, 192, 194, 195, 196, 197, 198, 199, 200, 201, 208, 210, 211, 212, 213, 214, 215, 216, 217, 219, 224, 225, 226, 235, 236, 237, 238, 239, 240, 241, 242, 250, 251, 252, 260, 261, 262, 263, 264, 265, 266, 267, 268, 269, 270, 271, 273, 274, 275, 276, 277, 278, 279, 280, 281, 282, 283, 284, 285, 286, 287, 288, 289, 290, 291, 292, 293, 294, 295, 296, 297, 298, 299, 301, 302, 303, 305, 306, 307, 313, 314, 315, 316, 321, 322, 323, 324, 326, 327, 328, 330, 331, 332, 334, 336, 337, 338, 339, 340, 341, 345, 346]	225_546_5a31.1.R_5cd71dd63b85d1a66633f6c7.pdb
P53197	Mutagenesis@_group3	[157]	1	[5, 6, 7, 11, 13, 15, 16, 17, 19, 23, 24, 25, 26, 27, 38, 47, 48, 49, 51, 54, 55, 56, 57, 58, 59, 60, 61, 62, 63, 64, 65, 66, 75, 76, 77, 78, 79, 87, 88, 89, 90, 91, 92, 100, 101, 102, 103, 104, 105, 106, 107, 108, 109, 110, 113, 114, 115, 116, 117, 118, 119, 120, 123, 124, 125, 137, 138, 139, 144, 145, 146, 147, 171, 172, 173, 174, 175, 176, 192, 194, 195, 196, 197, 198, 199, 200, 201, 208, 210, 211, 212, 213, 214, 215, 216, 217, 219, 224, 225, 226, 235, 236, 237, 238, 239, 240, 241, 242, 250, 251, 252, 260, 261, 262, 263, 264, 265, 266, 267, 268, 269, 270, 271, 273, 274, 275, 276, 277, 278, 279, 280, 281, 282, 283, 284, 285, 286, 287, 288, 289, 290, 291, 292, 293, 294, 295, 296, 297, 298, 299, 301, 302, 303, 305, 306, 307, 313, 314, 315, 316, 321, 322, 323, 324, 326, 327, 328, 330, 331, 332, 334, 336, 337, 338, 339, 340, 341, 345, 346]	225_546_5a31.1.R_5cd71dd63b85d1a66633f6c7.pdb
P53197	Mutagenesis@_group4	[169]	1	[5, 6, 7, 11, 13, 15, 16, 17, 19, 23, 24, 25, 26, 27, 38, 47, 48, 49, 51, 54, 55, 56, 57, 58, 59, 60, 61, 62, 63, 64, 65, 66, 75, 76, 77, 78, 79, 87, 88, 89, 90, 91, 92, 100, 101, 102, 103, 104, 105, 106, 107, 108, 109, 110, 113, 114, 115, 116, 117, 118, 119, 120, 123, 124, 125, 137, 138, 139, 144, 145, 146, 147, 171, 172, 173, 174, 175, 176, 192, 194, 195, 196, 197, 198, 199, 200, 201, 208, 210, 211, 212, 213, 214, 215, 216, 217, 219, 224, 225, 226, 235, 236, 237, 238, 239, 240, 241, 242, 250, 251, 252, 260, 261, 262, 263, 264, 265, 266, 267, 268, 269, 270, 271, 273, 274, 275, 276, 277, 278, 279, 280, 281, 282, 283, 284, 285, 286, 287, 288, 289, 290, 291, 292, 293, 294, 295, 296, 297, 298, 299, 301, 302, 303, 305, 306, 307, 313, 314, 315, 316, 321, 322, 323, 324, 326, 327, 328, 330, 331, 332, 334, 336, 337, 338, 339, 340, 341, 345, 346]	225_546_5a31.1.R_5cd71dd63b85d1a66633f6c7.pdb
P53197	Mutagenesis@_group5	[173]	1	[5, 6, 7, 11, 13, 15, 16, 17, 19, 23, 24, 25, 26, 27, 38, 47, 48, 49, 51, 54, 55, 56, 57, 58, 59, 60, 61, 62, 63, 64, 65, 66, 75, 76, 77, 78, 79, 87, 88, 89, 90, 91, 92, 100, 101, 102, 103, 104, 105, 106, 107, 108, 109, 110, 113, 114, 115, 116, 117, 118, 119, 120, 123, 124, 125, 137, 138, 139, 144, 145, 146, 147, 171, 172, 173, 174, 175, 176, 192, 194, 195, 196, 197, 198, 199, 200, 201, 208, 210, 211, 212, 213, 214, 215, 216, 217, 219, 224, 225, 226, 235, 236, 237, 238, 239, 240, 241, 242, 250, 251, 252, 260, 261, 262, 263, 264, 265, 266, 267, 268, 269, 270, 271, 273, 274, 275, 276, 277, 278, 279, 280, 281, 282, 283, 284, 285, 286, 287, 288, 289, 290, 291, 292, 293, 294, 295, 296, 297, 298, 299, 301, 302, 303, 305, 306, 307, 313, 314, 315, 316, 321, 322, 323, 324, 326, 327, 328, 330, 331, 332, 334, 336, 337, 338, 339, 340, 341, 345, 346]	225_546_5a31.1.R_5cd71dd63b85d1a66633f6c7.pdb
P53197	Mutagenesis@_group6	[176]	1	[5, 6, 7, 11, 13, 15, 16, 17, 19, 23, 24, 25, 26, 27, 38, 47, 48, 49, 51, 54, 55, 56, 57, 58, 59, 60, 61, 62, 63, 64, 65, 66, 75, 76, 77, 78, 79, 87, 88, 89, 90, 91, 92, 100, 101, 102, 103, 104, 105, 106, 107, 108, 109, 110, 113, 114, 115, 116, 117, 118, 119, 120, 123, 124, 125, 137, 138, 139, 144, 145, 146, 147, 171, 172, 173, 174, 175, 176, 192, 194, 195, 196, 197, 198, 199, 200, 201, 208, 210, 211, 212, 213, 214, 215, 216, 217, 219, 224, 225, 226, 235, 236, 237, 238, 239, 240, 241, 242, 250, 251, 252, 260, 261, 262, 263, 264, 265, 266, 267, 268, 269, 270, 271, 273, 274, 275, 276, 277, 278, 279, 280, 281, 282, 283, 284, 285, 286, 287, 288, 289, 290, 291, 292, 293, 294, 295, 296, 297, 298, 299, 301, 302, 303, 305, 306, 307, 313, 314, 315, 316, 321, 322, 323, 324, 326, 327, 328, 330, 331, 332, 334, 336, 337, 338, 339, 340, 341, 345, 346]	225_546_5a31.1.R_5cd71dd63b85d1a66633f6c7.pdb
P53197	Mutagenesis@_group7	[227]	1	[226, 227, 228]	225_546_5a31.1.R_5cd71dd63b85d1a66633f6c7.pdb
P53197	Mutagenesis@_group8	[239]	1	[238, 239, 240]	225_546_5a31.1.R_5cd71dd63b85d1a66633f6c7.pdb
P53197	Modified residue@_group9	[213]	1	[238, 239, 240]	225_546_5a31.1.R_5cd71dd63b85d1a66633f6c7.pdb
P53197	Compositional bias@_group10	[32, 33, 34, 35, 36, 37, 38]	7	[238, 239, 240]	225_546_5a31.1.R_5cd71dd63b85d1a66633f6c7.pdb
P53197	Motif@_group11	[55, 56, 57, 58, 59, 60, 61]	7	[238, 239, 240]	225_546_5a31.1.R_5cd71dd63b85d1a66633f6c7.pdb
P53197	Repeat@_group12	[258, 259, 260, 261, 262, 263, 264, 265, 266, 267, 268, 269, 270, 271, 272, 273, 274, 275, 276, 277, 278, 279, 280, 281, 282, 283, 284, 285, 286, 287, 288, 289, 290, 291, 292, 293, 294, 295, 296, 297, 298]	41	[257, 258, 259, 260, 261, 262, 263, 264, 265, 266, 267, 268, 269, 270, 271, 272, 273, 274, 275, 276, 277, 278, 279, 280, 281, 282, 283, 284, 285, 286, 287, 288, 289, 290, 291, 292, 293, 294, 295, 296, 297, 298, 299, 300, 304, 520, 535]	225_546_5a31.1.R_5cd71dd63b85d1a66633f6c7.pdb
P53197	Repeat@_group13	[300, 301, 302, 303, 304, 305, 306, 307, 308, 309, 310, 311, 312, 313, 314, 315, 316, 317, 318, 319, 320, 321, 322, 323, 324, 325, 326, 327, 328, 329, 330, 331, 332, 333, 334, 335, 336, 337, 338, 339]	40	[283, 284, 299, 300, 301, 302, 303, 304, 305, 306, 307, 308, 309, 310, 311, 312, 313, 314, 315, 316, 317, 318, 319, 320, 321, 322, 323, 324, 325, 326, 327, 328, 329, 330, 331, 332, 333, 334, 335, 336, 337, 338, 339, 340, 343, 345, 346]	225_546_5a31.1.R_5cd71dd63b85d1a66633f6c7.pdb
P53197	Repeat@_group14	[342, 343, 344, 345, 346, 347, 348, 349, 350, 351, 352, 353, 354, 355, 356, 357, 358, 359, 360, 361, 362, 363, 364, 365, 366, 367, 368, 369, 370, 371, 372, 373, 374, 375, 376, 377, 378, 379]	38	[322, 324, 341, 342, 343, 344, 345, 346, 347, 348, 349, 350, 351, 352, 353, 354, 355, 356, 357, 358, 359, 360, 361, 362, 363, 364, 365, 366, 367, 368, 369, 370, 371, 372, 373, 374, 375, 376, 377, 378, 379, 380, 381, 382, 387]	225_546_5a31.1.R_5cd71dd63b85d1a66633f6c7.pdb
P53197	Repeat@_group15	[383, 384, 385, 386, 387, 388, 389, 390, 391, 392, 393, 394, 395, 396, 397, 398, 399, 400, 401, 402, 403, 404, 405, 406, 407, 408, 409, 410, 411, 412, 413, 414, 415, 416, 417, 418, 419, 420, 421, 422]	40	[362, 382, 383, 384, 385, 386, 387, 388, 389, 390, 391, 392, 393, 394, 395, 396, 397, 398, 399, 400, 401, 402, 403, 404, 405, 406, 407, 408, 409, 410, 411, 412, 413, 414, 415, 416, 417, 418, 419, 420, 421, 422, 423, 424, 429, 430, 431]	225_546_5a31.1.R_5cd71dd63b85d1a66633f6c7.pdb
P53197	Repeat@_group16	[425, 426, 427, 428, 429, 430, 431, 432, 433, 434, 435, 436, 437, 438, 439, 440, 441, 442, 443, 444, 445, 446, 447, 448, 449, 450, 451, 452, 453, 454, 455, 456, 457, 458, 459, 460, 461, 462, 463, 464, 465, 466, 467]	43	[390, 403, 405, 407, 424, 425, 426, 427, 428, 429, 430, 431, 432, 433, 434, 435, 436, 437, 438, 439, 440, 441, 442, 443, 444, 445, 446, 447, 448, 449, 450, 451, 452, 453, 454, 455, 456, 457, 458, 459, 460, 461, 462, 463, 464, 465, 466, 467, 468, 469, 473, 476]	225_546_5a31.1.R_5cd71dd63b85d1a66633f6c7.pdb
P53197	Repeat@_group17	[469, 470, 471, 472, 473, 474, 475, 476, 477, 478, 479, 480, 481, 482, 483, 484, 485, 486, 487, 488, 489, 490, 491, 492, 493, 494, 495, 496, 497, 498, 499, 500, 501, 502, 503, 504, 505, 506, 507, 508, 509, 510]	42	[432, 448, 449, 452, 453, 468, 469, 470, 471, 472, 473, 474, 475, 476, 477, 478, 479, 480, 481, 482, 483, 484, 485, 486, 487, 488, 489, 490, 491, 492, 493, 494, 495, 496, 497, 498, 499, 500, 501, 502, 503, 504, 505, 506, 507, 508, 509, 510, 511, 512, 517]	225_546_5a31.1.R_5cd71dd63b85d1a66633f6c7.pdb
P53197	Repeat@_group18	[513, 514, 515, 516, 517, 518, 519, 520, 521, 522, 523, 524, 525, 526, 527, 528, 529, 530, 531, 532, 533, 534, 535, 536, 537, 538, 539, 540, 541, 542, 543, 544, 545, 546, 547, 548, 549, 550, 551, 552]	40	[251, 254, 255, 257, 262, 267, 491, 512, 513, 514, 515, 516, 517, 518, 519, 520, 521, 522, 523, 524, 525, 526, 527, 528, 529, 530, 531, 532, 533, 534, 535, 536, 537, 538, 539, 540, 541, 542, 543, 544, 545, 546]	225_546_5a31.1.R_5cd71dd63b85d1a66633f6c7.pdb
P53197	Beta strand@_group19	[252, 253, 254, 255, 256]	5	[251, 252, 253, 254, 255, 256, 257, 539, 540]	225_546_5a31.1.R_5cd71dd63b85d1a66633f6c7.pdb
P53197	Beta strand@_group20	[269, 270, 271]	3	[268, 269, 270, 271, 272, 277, 279]	225_546_5a31.1.R_5cd71dd63b85d1a66633f6c7.pdb
P53197	Beta strand@_group21	[275, 276, 277, 278, 279, 280, 281]	7	[260, 269, 271, 274, 275, 276, 277, 278, 279, 280, 281, 282, 285, 287, 289]	225_546_5a31.1.R_5cd71dd63b85d1a66633f6c7.pdb
P53197	Beta strand@_group22	[284, 285, 286, 287, 288, 289]	6	[276, 278, 280, 283, 284, 285, 286, 287, 288, 289, 290, 295, 296, 297, 300]	225_546_5a31.1.R_5cd71dd63b85d1a66633f6c7.pdb
P53197	Beta strand@_group23	[295, 296, 297, 298, 299, 300]	6	[284, 286, 287, 288, 294, 295, 296, 297, 298, 299, 300, 301]	225_546_5a31.1.R_5cd71dd63b85d1a66633f6c7.pdb
P53197	Beta strand@_group24	[305, 306, 307, 308, 309, 310]	6	[304, 305, 306, 307, 308, 309, 310, 311, 317, 319, 320, 321]	225_546_5a31.1.R_5cd71dd63b85d1a66633f6c7.pdb
P53197	Beta strand@_group25	[314, 315, 316, 317, 318, 319, 320, 321]	8	[305, 306, 307, 308, 310, 313, 314, 315, 316, 317, 318, 319, 320, 321, 322, 326, 328, 330]	225_546_5a31.1.R_5cd71dd63b85d1a66633f6c7.pdb
P53197	Beta strand@_group26	[326, 327, 328, 329, 330]	5	[316, 318, 320, 325, 326, 327, 328, 329, 330, 331, 336, 339]	225_546_5a31.1.R_5cd71dd63b85d1a66633f6c7.pdb
P53197	Beta strand@_group27	[335, 336, 337, 338, 339, 340]	6	[327, 329, 334, 335, 336, 337, 338, 339, 340, 341]	225_546_5a31.1.R_5cd71dd63b85d1a66633f6c7.pdb
P53197	Beta strand@_group28	[347, 348, 349, 350, 351, 352, 353]	7	[346, 347, 348, 349, 350, 351, 352, 353, 354, 357, 359, 361]	225_546_5a31.1.R_5cd71dd63b85d1a66633f6c7.pdb
P53197	Beta strand@_group29	[356, 357, 358, 359, 360, 361, 362, 363, 364]	9	[347, 350, 352, 355, 356, 357, 358, 359, 360, 361, 362, 363, 364, 365, 366, 368, 370, 387]	225_546_5a31.1.R_5cd71dd63b85d1a66633f6c7.pdb
P53197	Beta strand@_group30	[366, 367, 368, 369, 370]	5	[356, 358, 360, 365, 366, 367, 368, 369, 370, 371, 377, 380, 381]	225_546_5a31.1.R_5cd71dd63b85d1a66633f6c7.pdb
P53197	Beta strand@_group31	[373, 374, 375, 376]	4	[372, 373, 374, 375, 376, 377]	225_546_5a31.1.R_5cd71dd63b85d1a66633f6c7.pdb
P53197	Beta strand@_group32	[378, 379, 380, 381]	4	[366, 367, 377, 378, 379, 380, 381, 382]	225_546_5a31.1.R_5cd71dd63b85d1a66633f6c7.pdb
P53197	Beta strand@_group33	[388, 389, 390, 391, 392, 393]	6	[387, 388, 389, 390, 391, 392, 393, 394, 400, 402, 403, 404, 431]	225_546_5a31.1.R_5cd71dd63b85d1a66633f6c7.pdb
P53197	Beta strand@_group34	[395, 396, 397]	3	[394, 395, 396, 397, 398]	225_546_5a31.1.R_5cd71dd63b85d1a66633f6c7.pdb
P53197	Beta strand@_group35	[399, 400, 401, 402, 403, 404]	6	[388, 390, 391, 393, 398, 399, 400, 401, 402, 403, 404, 405, 409, 411, 413, 430]	225_546_5a31.1.R_5cd71dd63b85d1a66633f6c7.pdb
P53197	Beta strand@_group36	[409, 410, 411, 412, 413]	5	[399, 401, 403, 408, 409, 410, 411, 412, 413, 414, 419, 422]	225_546_5a31.1.R_5cd71dd63b85d1a66633f6c7.pdb
P53197	Beta strand@_group37	[420, 421, 422, 423]	4	[410, 419, 420, 421, 422, 423, 424]	225_546_5a31.1.R_5cd71dd63b85d1a66633f6c7.pdb
P53197	Beta strand@_group38	[430, 431, 432, 433, 434, 435]	6	[390, 403, 429, 430, 431, 432, 433, 434, 435, 436, 443, 445, 447, 476]	225_546_5a31.1.R_5cd71dd63b85d1a66633f6c7.pdb
P53197	Beta strand@_group39	[437, 438, 439]	3	[436, 437, 438, 439, 440]	225_546_5a31.1.R_5cd71dd63b85d1a66633f6c7.pdb
P53197	Beta strand@_group40	[442, 443, 444, 445, 446, 447]	6	[430, 433, 435, 441, 442, 443, 444, 445, 446, 447, 448, 452, 454, 456, 458]	225_546_5a31.1.R_5cd71dd63b85d1a66633f6c7.pdb
P53197	Beta strand@_group41	[453, 454, 455, 456, 457, 458]	6	[442, 444, 446, 452, 453, 454, 455, 456, 457, 458, 459, 464, 467, 469]	225_546_5a31.1.R_5cd71dd63b85d1a66633f6c7.pdb
P53197	Beta strand@_group42	[463, 464, 465, 466, 467, 468, 469]	7	[453, 455, 457, 462, 463, 464, 465, 466, 467, 468, 469, 470]	225_546_5a31.1.R_5cd71dd63b85d1a66633f6c7.pdb
P53197	Beta strand@_group43	[474, 475, 476, 477, 478, 479]	6	[432, 473, 474, 475, 476, 477, 478, 479, 480, 486, 488, 490]	225_546_5a31.1.R_5cd71dd63b85d1a66633f6c7.pdb
P53197	Beta strand@_group44	[481, 482, 483, 484]	4	[480, 481, 482, 483, 484, 485]	225_546_5a31.1.R_5cd71dd63b85d1a66633f6c7.pdb
P53197	Beta strand@_group45	[486, 487, 488, 489, 490]	5	[474, 477, 479, 485, 486, 487, 488, 489, 490, 491, 497, 499, 500]	225_546_5a31.1.R_5cd71dd63b85d1a66633f6c7.pdb
P53197	Beta strand@_group46	[497, 498, 499, 500]	4	[486, 487, 489, 496, 497, 498, 499, 500, 501, 507, 510, 511]	225_546_5a31.1.R_5cd71dd63b85d1a66633f6c7.pdb
P53197	Beta strand@_group47	[502, 503, 504]	3	[501, 502, 503, 504, 505]	225_546_5a31.1.R_5cd71dd63b85d1a66633f6c7.pdb
P53197	Beta strand@_group48	[507, 508, 509, 510, 511]	5	[497, 498, 500, 506, 507, 508, 509, 510, 511, 512]	225_546_5a31.1.R_5cd71dd63b85d1a66633f6c7.pdb
P53197	Beta strand@_group49	[518, 519, 520, 521, 522, 523]	6	[267, 517, 518, 519, 520, 521, 522, 523, 524, 530, 532, 533, 534]	225_546_5a31.1.R_5cd71dd63b85d1a66633f6c7.pdb
P53197	Beta strand@_group50	[527, 528, 529, 530, 531, 532, 533, 534]	8	[518, 520, 521, 523, 524, 526, 527, 528, 529, 530, 531, 532, 533, 534, 535, 539, 541, 543, 545]	225_546_5a31.1.R_5cd71dd63b85d1a66633f6c7.pdb
P53197	Beta strand@_group51	[538, 539, 540, 541, 542, 543]	6	[251, 254, 255, 529, 531, 533, 537, 538, 539, 540, 541, 542, 543, 544]	225_546_5a31.1.R_5cd71dd63b85d1a66633f6c7.pdb
P53197	Turn@_group52	[290, 291, 292]	3	[289, 290, 291, 292, 293]	225_546_5a31.1.R_5cd71dd63b85d1a66633f6c7.pdb
P53197	Turn@_group53	[331, 332, 333, 334]	4	[330, 331, 332, 333, 334, 335]	225_546_5a31.1.R_5cd71dd63b85d1a66633f6c7.pdb
P53197	Turn@_group54	[449, 450, 451]	3	[427, 448, 449, 450, 451, 452, 473]	225_546_5a31.1.R_5cd71dd63b85d1a66633f6c7.pdb
P53197	Turn@_group55	[459, 460, 461, 462]	4	[441, 458, 459, 460, 461, 462, 463]	225_546_5a31.1.R_5cd71dd63b85d1a66633f6c7.pdb
P53197	Turn@_group56	[535, 536, 537]	3	[257, 262, 534, 535, 536, 537, 538]	225_546_5a31.1.R_5cd71dd63b85d1a66633f6c7.pdb
P53197	P53197+Q00684_interface@_group57	[248, 249, 250, 251, 252, 253, 254, 255, 256, 258, 259, 262, 263, 265, 267, 273, 274, 275, 283, 286, 289, 290, 291, 292, 293, 294, 295, 297, 300, 302, 312, 313, 315, 316, 323, 325, 332, 333, 334, 336, 337, 338, 339, 341, 342, 344, 345, 354, 355, 362, 364, 365, 371, 372, 373, 374, 375, 376, 377, 378, 382, 385, 386, 392, 395, 396, 398, 405, 407, 413, 415, 416, 417, 418, 420, 422, 424, 427, 437, 438, 439, 440, 449, 450, 452, 453, 460, 461, 462, 463, 465, 467, 468, 469, 470, 471, 481, 482, 484, 492, 493, 494, 495, 503, 504, 505, 506, 507, 508, 510, 512, 513, 515, 516, 525, 526, 537, 538, 543]	119	[512, 513, 515, 516, 525, 526, 537, 538, 543, 248, 249, 250, 251, 252, 253, 254, 255, 256, 258, 259, 262, 263, 265, 267, 273, 274, 275, 283, 286, 289, 290, 291, 292, 293, 294, 295, 297, 300, 302, 312, 313, 315, 316, 323, 325, 332, 333, 334, 336, 337, 338, 339, 341, 342, 344, 345, 354, 355, 362, 364, 365, 371, 372, 373, 374, 375, 376, 377, 378, 382, 385, 386, 392, 395, 396, 398, 405, 407, 413, 415, 416, 417, 418, 420, 422, 424, 427, 437, 438, 439, 440, 449, 450, 452, 453, 460, 461, 462, 463, 465, 467, 468, 469, 470, 471, 481, 482, 484, 492, 493, 494, 495, 503, 504, 505, 506, 507, 508, 510]	225_546_5a31.1.R_5cd71dd63b85d1a66633f6c7.pdb
P53197	P53197+Q08981_interface@_group58	[253, 258, 259, 261, 262, 266, 274, 283, 333, 355, 362, 364, 365, 372, 392, 406, 427, 431, 437, 439, 440, 452, 453, 481, 484, 492, 517, 526, 540, 543]	30	[252, 253, 254, 257, 258, 259, 260, 261, 262, 263, 265, 266, 267, 273, 274, 275, 282, 283, 284, 304, 332, 333, 334, 354, 355, 356, 361, 362, 363, 364, 365, 366, 371, 372, 373, 382, 387, 390, 391, 392, 393, 405, 406, 407, 426, 427, 428, 430, 431, 432, 436, 437, 438, 439, 440, 441, 447, 451, 452, 453, 454, 469, 473, 480, 481, 482, 483, 484, 485, 491, 492, 493, 516, 517, 518, 525, 526, 527, 529, 535, 539, 540, 541, 542, 543, 544]	225_546_5a31.1.R_5cd71dd63b85d1a66633f6c7.pdb
P53197	P00546+P53197_interface@_group59	[249, 250, 251, 252, 253, 254, 255, 256, 258, 259, 262, 263, 265, 267, 286, 295, 334, 338, 339, 342, 355, 362, 364, 372, 385, 386, 405, 437, 438, 439, 440, 449, 450, 452, 469, 470, 471, 492, 493, 494, 503, 507, 508, 510, 512, 513, 515, 516, 536, 537, 538]	51	[248, 249, 250, 251, 252, 253, 254, 255, 256, 257, 258, 259, 260, 261, 262, 263, 264, 265, 266, 267, 268, 285, 286, 287, 288, 294, 295, 296, 297, 327, 331, 333, 334, 335, 337, 338, 339, 340, 341, 342, 343, 354, 355, 356, 361, 362, 363, 364, 365, 371, 372, 373, 384, 385, 386, 387, 404, 405, 406, 429, 436, 437, 438, 439, 440, 441, 447, 448, 449, 450, 451, 452, 453, 468, 469, 470, 471, 472, 473, 491, 492, 493, 494, 495, 496, 498, 500, 502, 503, 504, 506, 507, 508, 509, 510, 511, 512, 513, 514, 515, 516, 517, 520, 535, 536, 537, 538, 539, 540, 542]	225_546_5a31.1.R_5cd71dd63b85d1a66633f6c7.pdb
P53197	P24869+P53197_interface@_group60	[248, 249, 250, 251, 252, 253, 254, 255, 256, 258, 259, 262, 263, 265, 267, 273, 274, 275, 283, 286, 289, 290, 291, 292, 293, 294, 295, 297, 300, 302, 312, 313, 315, 316, 323, 325, 332, 333, 334, 336, 337, 338, 339, 341, 342, 344, 345, 354, 355, 362, 364, 365, 371, 372, 373, 374, 375, 376, 377, 378, 382, 385, 386, 392, 395, 396, 398, 405, 407, 413, 415, 416, 417, 418, 420, 422, 424, 427, 437, 438, 439, 440, 449, 450, 452, 453, 460, 461, 462, 463, 465, 467, 468, 469, 470, 471, 481, 482, 484, 492, 493, 494, 495, 503, 504, 505, 506, 507, 508, 510, 512, 513, 515, 516, 525, 526, 537, 538, 543]	119	[512, 513, 515, 516, 525, 526, 537, 538, 543, 248, 249, 250, 251, 252, 253, 254, 255, 256, 258, 259, 262, 263, 265, 267, 273, 274, 275, 283, 286, 289, 290, 291, 292, 293, 294, 295, 297, 300, 302, 312, 313, 315, 316, 323, 325, 332, 333, 334, 336, 337, 338, 339, 341, 342, 344, 345, 354, 355, 362, 364, 365, 371, 372, 373, 374, 375, 376, 377, 378, 382, 385, 386, 392, 395, 396, 398, 405, 407, 413, 415, 416, 417, 418, 420, 422, 424, 427, 437, 438, 439, 440, 449, 450, 452, 453, 460, 461, 462, 463, 465, 467, 468, 469, 470, 471, 481, 482, 484, 492, 493, 494, 495, 503, 504, 505, 506, 507, 508, 510]	225_546_5a31.1.R_5cd71dd63b85d1a66633f6c7.pdb
P53197	P30283+P53197_interface@_group61	[248, 249, 250, 251, 252, 253, 254, 255, 256, 258, 259, 262, 263, 265, 267, 273, 274, 275, 283, 286, 289, 290, 291, 292, 293, 294, 295, 297, 300, 302, 312, 313, 315, 316, 323, 325, 332, 333, 334, 336, 337, 338, 339, 341, 342, 344, 345, 354, 355, 362, 364, 365, 371, 372, 373, 374, 375, 376, 377, 378, 382, 385, 386, 392, 395, 396, 398, 405, 407, 413, 415, 416, 417, 418, 420, 422, 424, 427, 437, 438, 439, 440, 449, 450, 452, 453, 460, 461, 462, 463, 465, 467, 468, 469, 470, 471, 481, 482, 484, 492, 493, 494, 495, 503, 504, 505, 506, 507, 508, 510, 512, 513, 515, 516, 525, 526, 537, 538, 543]	119	[512, 513, 515, 516, 525, 526, 537, 538, 543, 248, 249, 250, 251, 252, 253, 254, 255, 256, 258, 259, 262, 263, 265, 267, 273, 274, 275, 283, 286, 289, 290, 291, 292, 293, 294, 295, 297, 300, 302, 312, 313, 315, 316, 323, 325, 332, 333, 334, 336, 337, 338, 339, 341, 342, 344, 345, 354, 355, 362, 364, 365, 371, 372, 373, 374, 375, 376, 377, 378, 382, 385, 386, 392, 395, 396, 398, 405, 407, 413, 415, 416, 417, 418, 420, 422, 424, 427, 437, 438, 439, 440, 449, 450, 452, 453, 460, 461, 462, 463, 465, 467, 468, 469, 470, 471, 481, 482, 484, 492, 493, 494, 495, 503, 504, 505, 506, 507, 508, 510]	225_546_5a31.1.R_5cd71dd63b85d1a66633f6c7.pdb
P53197	P32562+P53197_interface@_group62	[249, 250, 251, 252, 253, 254, 255, 256, 258, 259, 262, 263, 265, 273, 286, 292, 293, 294, 295, 297, 300, 312, 313, 315, 325, 332, 333, 336, 337, 338, 339, 341, 342, 344, 355, 362, 372, 373, 374, 375, 376, 377, 378, 386, 395, 405, 417, 418, 420, 437, 438, 439, 440, 449, 450, 452, 453, 461, 462, 463, 465, 469, 470, 481, 492, 493, 494, 495, 503, 504, 506, 507, 508, 510, 512, 513, 515, 516, 537]	79	[248, 249, 250, 251, 252, 253, 254, 255, 256, 257, 258, 259, 260, 261, 262, 263, 264, 265, 266, 272, 273, 274, 284, 285, 286, 287, 288, 291, 292, 293, 294, 295, 296, 297, 298, 299, 300, 301, 311, 312, 313, 314, 315, 316, 324, 325, 326, 327, 329, 331, 332, 333, 334, 335, 336, 337, 338, 339, 340, 341, 342, 343, 344, 345, 354, 355, 356, 361, 362, 363, 369, 371, 372, 373, 374, 375, 376, 377, 378, 379, 385, 386, 387, 394, 395, 396, 404, 405, 406, 416, 417, 418, 419, 420, 421, 429, 436, 437, 438, 439, 440, 441, 447, 448, 449, 450, 451, 452, 453, 454, 460, 461, 462, 463, 464, 465, 466, 468, 469, 470, 471, 473, 480, 481, 482, 491, 492, 493, 494, 495, 496, 498, 500, 502, 503, 504, 505, 506, 507, 508, 509, 510, 511, 512, 513, 514, 515, 516, 517, 535, 536, 537, 538, 539, 540, 542]	225_546_5a31.1.R_5cd71dd63b85d1a66633f6c7.pdb
P53197	P34244+P53197_interface@_group63	[249, 250, 251, 252, 253, 254, 255, 256, 258, 259, 262, 263, 265, 273, 286, 292, 293, 294, 295, 297, 300, 312, 313, 315, 325, 332, 333, 336, 337, 338, 339, 341, 342, 344, 355, 362, 372, 373, 374, 375, 376, 377, 378, 386, 395, 405, 417, 418, 420, 437, 438, 439, 440, 449, 450, 452, 453, 461, 462, 463, 465, 469, 470, 481, 492, 493, 494, 495, 503, 504, 506, 507, 508, 510, 512, 513, 515, 516, 537]	79	[248, 249, 250, 251, 252, 253, 254, 255, 256, 257, 258, 259, 260, 261, 262, 263, 264, 265, 266, 272, 273, 274, 284, 285, 286, 287, 288, 291, 292, 293, 294, 295, 296, 297, 298, 299, 300, 301, 311, 312, 313, 314, 315, 316, 324, 325, 326, 327, 329, 331, 332, 333, 334, 335, 336, 337, 338, 339, 340, 341, 342, 343, 344, 345, 354, 355, 356, 361, 362, 363, 369, 371, 372, 373, 374, 375, 376, 377, 378, 379, 385, 386, 387, 394, 395, 396, 404, 405, 406, 416, 417, 418, 419, 420, 421, 429, 436, 437, 438, 439, 440, 441, 447, 448, 449, 450, 451, 452, 453, 454, 460, 461, 462, 463, 464, 465, 466, 468, 469, 470, 471, 473, 480, 481, 482, 491, 492, 493, 494, 495, 496, 498, 500, 502, 503, 504, 505, 506, 507, 508, 509, 510, 511, 512, 513, 514, 515, 516, 517, 535, 536, 537, 538, 539, 540, 542]	225_546_5a31.1.R_5cd71dd63b85d1a66633f6c7.pdb
P53197	P40316+P53197_interface@_group64	[249, 250, 251, 252, 253, 254, 255, 256, 258, 259, 262, 263, 265, 273, 286, 292, 293, 294, 295, 297, 300, 312, 313, 315, 325, 332, 333, 336, 337, 338, 339, 341, 342, 344, 355, 362, 372, 373, 374, 375, 376, 377, 378, 386, 395, 405, 417, 418, 420, 437, 438, 439, 440, 449, 450, 452, 453, 461, 462, 463, 465, 469, 470, 481, 492, 493, 494, 495, 503, 504, 506, 507, 508, 510, 512, 513, 515, 516, 537]	79	[248, 249, 250, 251, 252, 253, 254, 255, 256, 257, 258, 259, 260, 261, 262, 263, 264, 265, 266, 272, 273, 274, 284, 285, 286, 287, 288, 291, 292, 293, 294, 295, 296, 297, 298, 299, 300, 301, 311, 312, 313, 314, 315, 316, 324, 325, 326, 327, 329, 331, 332, 333, 334, 335, 336, 337, 338, 339, 340, 341, 342, 343, 344, 345, 354, 355, 356, 361, 362, 363, 369, 371, 372, 373, 374, 375, 376, 377, 378, 379, 385, 386, 387, 394, 395, 396, 404, 405, 406, 416, 417, 418, 419, 420, 421, 429, 436, 437, 438, 439, 440, 441, 447, 448, 449, 450, 451, 452, 453, 454, 460, 461, 462, 463, 464, 465, 466, 468, 469, 470, 471, 473, 480, 481, 482, 491, 492, 493, 494, 495, 496, 498, 500, 502, 503, 504, 505, 506, 507, 508, 509, 510, 511, 512, 513, 514, 515, 516, 517, 535, 536, 537, 538, 539, 540, 542]	225_546_5a31.1.R_5cd71dd63b85d1a66633f6c7.pdb
