P09624	Nucleotide binding@_group0	[56, 57, 58, 59, 60, 61, 62, 63, 64, 65]	10	[33, 34, 35, 55, 56, 57, 58, 59, 60, 61, 62, 63, 64, 65, 66, 69, 70, 137, 138]	22_499_1jeh.1.B_5cd65f6cd60c598579d49842.pdb
P09624	Nucleotide binding@_group1	[174, 175, 176]	3	[33, 173, 174, 175, 176, 177, 308, 309, 346, 347]	22_499_1jeh.1.B_5cd65f6cd60c598579d49842.pdb
P09624	Nucleotide binding@_group2	[211, 212, 213, 214, 215, 216, 217, 218]	8	[210, 211, 212, 213, 214, 215, 216, 217, 218, 219, 220, 239, 240, 303, 304]	22_499_1jeh.1.B_5cd65f6cd60c598579d49842.pdb
P09624	Nucleotide binding@_group3	[352, 353, 354, 355]	4	[351, 352, 353, 354, 355, 356, 357, 358]	22_499_1jeh.1.B_5cd65f6cd60c598579d49842.pdb
P09624	Binding site@_group4	[74]	1	[73, 74, 75, 77]	22_499_1jeh.1.B_5cd65f6cd60c598579d49842.pdb
P09624	Binding site@_group5	[139]	1	[138, 139, 140, 149]	22_499_1jeh.1.B_5cd65f6cd60c598579d49842.pdb
P09624	Binding site@_group6	[234]	1	[233, 234, 235, 264]	22_499_1jeh.1.B_5cd65f6cd60c598579d49842.pdb
P09624	Binding site@_group7	[268]	1	[267, 268, 269, 284]	22_499_1jeh.1.B_5cd65f6cd60c598579d49842.pdb
P09624	Binding site@_group8	[305]	1	[304, 305, 306]	22_499_1jeh.1.B_5cd65f6cd60c598579d49842.pdb
P09624	Binding site@_group9	[346]	1	[175, 345, 346, 347]	22_499_1jeh.1.B_5cd65f6cd60c598579d49842.pdb
P09624	Active site@_group10	[478]	1	[477, 478, 479]	22_499_1jeh.1.B_5cd65f6cd60c598579d49842.pdb
P09624	Disulfide bond@_group11	[65, 66, 67, 68, 69, 70]	6	[62, 64, 65, 66, 67, 68, 69, 70, 71]	22_499_1jeh.1.B_5cd65f6cd60c598579d49842.pdb
P09624	Transit peptide@_group12	[1, 2, 3, 4, 5, 6, 7, 8, 9, 10, 11, 12, 13, 14, 15, 16, 17, 18, 19, 20, 21]	21	[62, 64, 65, 66, 67, 68, 69, 70, 71]	22_499_1jeh.1.B_5cd65f6cd60c598579d49842.pdb
P09624	Beta strand@_group13	[23, 24, 25, 26, 27, 28, 29, 30, 31, 32]	10	[22, 23, 24, 25, 26, 27, 28, 29, 30, 31, 32, 33, 51, 52, 53, 54, 163, 164, 166, 169, 171, 172]	22_499_1jeh.1.B_5cd65f6cd60c598579d49842.pdb
P09624	Beta strand@_group14	[52, 53, 54, 55, 56, 57, 58, 59, 60, 61, 62]	11	[29, 30, 31, 33, 34, 35, 51, 52, 53, 54, 55, 56, 57, 58, 59, 60, 61, 62, 63, 66, 133, 135, 137, 138]	22_499_1jeh.1.B_5cd65f6cd60c598579d49842.pdb
P09624	Beta strand@_group15	[95, 96, 97]	3	[91, 94, 95, 96, 97, 98]	22_499_1jeh.1.B_5cd65f6cd60c598579d49842.pdb
P09624	Beta strand@_group16	[101, 102, 103]	3	[100, 101, 102, 103, 104]	22_499_1jeh.1.B_5cd65f6cd60c598579d49842.pdb
P09624	Beta strand@_group17	[133, 134, 135, 136, 137, 138, 139, 140, 141, 142, 143, 144, 145, 146, 147, 148, 149, 150]	18	[53, 55, 57, 132, 133, 134, 135, 136, 137, 138, 139, 140, 141, 142, 143, 144, 145, 146, 147, 148, 149, 150, 151, 162, 163, 164, 166, 313]	22_499_1jeh.1.B_5cd65f6cd60c598579d49842.pdb
P09624	Beta strand@_group18	[153, 154, 155, 156]	4	[152, 153, 154, 155, 156, 157]	22_499_1jeh.1.B_5cd65f6cd60c598579d49842.pdb
P09624	Beta strand@_group19	[163, 164, 165, 166, 167, 168, 169, 170, 171, 172]	10	[23, 24, 26, 29, 31, 32, 146, 148, 149, 162, 163, 164, 165, 166, 167, 168, 169, 170, 171, 172, 173, 340, 341, 342, 343]	22_499_1jeh.1.B_5cd65f6cd60c598579d49842.pdb
P09624	Beta strand@_group20	[176, 177, 178]	3	[175, 176, 177, 178, 179, 306, 308, 309]	22_499_1jeh.1.B_5cd65f6cd60c598579d49842.pdb
P09624	Beta strand@_group21	[188, 189, 190, 191, 192]	5	[187, 188, 189, 190, 191, 192, 193, 196, 299, 300]	22_499_1jeh.1.B_5cd65f6cd60c598579d49842.pdb
P09624	Beta strand@_group22	[205, 206, 207, 208, 209, 210]	6	[204, 205, 206, 207, 208, 209, 210, 211, 228, 229, 230, 231, 232, 233, 300, 301]	22_499_1jeh.1.B_5cd65f6cd60c598579d49842.pdb
P09624	Beta strand@_group23	[229, 230, 231, 232, 233]	5	[206, 207, 208, 209, 210, 228, 229, 230, 231, 232, 233, 234, 261, 263]	22_499_1jeh.1.B_5cd65f6cd60c598579d49842.pdb
P09624	Beta strand@_group24	[235, 236, 237, 238, 239, 240, 241, 242, 243]	9	[212, 213, 234, 235, 236, 237, 238, 239, 240, 241, 242, 243, 244, 265, 266, 267]	22_499_1jeh.1.B_5cd65f6cd60c598579d49842.pdb
P09624	Beta strand@_group25	[261, 262, 263]	3	[231, 233, 260, 261, 262, 263, 264]	22_499_1jeh.1.B_5cd65f6cd60c598579d49842.pdb
P09624	Beta strand@_group26	[265, 266, 267, 268, 269, 270, 271, 272, 273, 274]	10	[235, 236, 237, 264, 265, 266, 267, 268, 269, 270, 271, 272, 273, 274, 275, 280, 282, 284, 286]	22_499_1jeh.1.B_5cd65f6cd60c598579d49842.pdb
P09624	Beta strand@_group27	[279, 280, 281, 282, 283, 284, 285, 286]	8	[266, 268, 271, 273, 278, 279, 280, 281, 282, 283, 284, 285, 286, 287, 292, 294, 295, 296, 298]	22_499_1jeh.1.B_5cd65f6cd60c598579d49842.pdb
P09624	Beta strand@_group28	[291, 292, 293, 294, 295, 296, 297, 298, 299, 300, 301, 302]	12	[190, 191, 193, 208, 209, 279, 281, 282, 283, 285, 290, 291, 292, 293, 294, 295, 296, 297, 298, 299, 300, 301, 302, 303]	22_499_1jeh.1.B_5cd65f6cd60c598579d49842.pdb
P09624	Beta strand@_group29	[306, 307, 308]	3	[176, 178, 179, 305, 306, 307, 308, 309, 347]	22_499_1jeh.1.B_5cd65f6cd60c598579d49842.pdb
P09624	Beta strand@_group30	[341, 342, 343]	3	[170, 171, 172, 335, 340, 341, 342, 343, 344]	22_499_1jeh.1.B_5cd65f6cd60c598579d49842.pdb
P09624	Beta strand@_group31	[348, 349, 350]	3	[328, 347, 348, 349, 350, 351]	22_499_1jeh.1.B_5cd65f6cd60c598579d49842.pdb
P09624	Beta strand@_group32	[382, 383, 384]	3	[381, 382, 383, 384, 385, 390, 391]	22_499_1jeh.1.B_5cd65f6cd60c598579d49842.pdb
P09624	Beta strand@_group33	[386, 387, 388, 389, 390, 391, 392, 393, 394]	9	[381, 383, 384, 385, 386, 387, 388, 389, 390, 391, 392, 393, 394, 395, 443, 445, 447, 448, 449]	22_499_1jeh.1.B_5cd65f6cd60c598579d49842.pdb
P09624	Beta strand@_group34	[407, 408, 409, 410, 411, 412, 413]	7	[406, 407, 408, 409, 410, 411, 412, 413, 414, 429, 431, 433, 435, 436, 488, 491, 492]	22_499_1jeh.1.B_5cd65f6cd60c598579d49842.pdb
P09624	Beta strand@_group35	[429, 430, 431, 432, 433, 434, 435]	7	[407, 409, 411, 413, 428, 429, 430, 431, 432, 433, 434, 435, 436, 439, 441, 444, 445, 446]	22_499_1jeh.1.B_5cd65f6cd60c598579d49842.pdb
P09624	Beta strand@_group36	[440, 441, 442, 443, 444, 445, 446, 447, 448]	9	[388, 390, 392, 394, 395, 428, 430, 431, 432, 434, 439, 440, 441, 442, 443, 444, 445, 446, 447, 448, 449, 467]	22_499_1jeh.1.B_5cd65f6cd60c598579d49842.pdb
P09624	Helix@_group37	[36, 37, 38, 39, 40, 41, 42, 43, 44, 45, 46, 47]	12	[34, 35, 36, 37, 38, 39, 40, 41, 42, 43, 44, 45, 46, 47, 48, 50, 357, 358, 361]	22_499_1jeh.1.B_5cd65f6cd60c598579d49842.pdb
P09624	Helix@_group38	[63, 64, 65, 66, 67, 68]	6	[35, 62, 63, 64, 65, 66, 67, 68, 69, 70, 71]	22_499_1jeh.1.B_5cd65f6cd60c598579d49842.pdb
P09624	Helix@_group39	[70, 71, 72, 73, 74, 75, 76, 77, 78, 79, 80, 81, 82, 83, 84, 85, 86, 87, 88]	19	[65, 66, 69, 70, 71, 72, 73, 74, 75, 76, 77, 78, 79, 80, 81, 82, 83, 84, 85, 86, 87, 88, 89, 90]	22_499_1jeh.1.B_5cd65f6cd60c598579d49842.pdb
P09624	Helix@_group40	[91, 92, 93]	3	[90, 91, 92, 93, 94, 95]	22_499_1jeh.1.B_5cd65f6cd60c598579d49842.pdb
P09624	Helix@_group41	[105, 106, 107, 108, 109, 110, 111, 112, 113, 114, 115, 116, 117, 118, 119, 120, 121, 122, 123, 124, 125, 126, 127, 128, 129]	25	[104, 105, 106, 107, 108, 109, 110, 111, 112, 113, 114, 115, 116, 117, 118, 119, 120, 121, 122, 123, 124, 125, 126, 127, 128, 129, 130, 131, 132]	22_499_1jeh.1.B_5cd65f6cd60c598579d49842.pdb
P09624	Helix@_group42	[194, 195, 196, 197]	4	[188, 192, 193, 194, 195, 196, 197, 198]	22_499_1jeh.1.B_5cd65f6cd60c598579d49842.pdb
P09624	Helix@_group43	[214, 215, 216, 217, 218, 219, 220, 221, 222, 223, 224, 225]	12	[213, 214, 215, 216, 217, 218, 219, 220, 221, 222, 223, 224, 225, 226, 228]	22_499_1jeh.1.B_5cd65f6cd60c598579d49842.pdb
P09624	Helix@_group44	[245, 246, 247, 248, 249, 250, 251, 252, 253, 254, 255, 256, 257]	13	[244, 245, 246, 247, 248, 249, 250, 251, 252, 253, 254, 255, 256, 257, 258, 260]	22_499_1jeh.1.B_5cd65f6cd60c598579d49842.pdb
P09624	Helix@_group45	[345, 346, 347]	3	[175, 308, 344, 345, 346, 347, 348, 357]	22_499_1jeh.1.B_5cd65f6cd60c598579d49842.pdb
P09624	Helix@_group46	[354, 355, 356, 357, 358, 359, 360, 361, 362, 363, 364, 365, 366, 367, 368, 369, 370]	17	[37, 41, 345, 353, 354, 355, 356, 357, 358, 359, 360, 361, 362, 363, 364, 365, 366, 367, 368, 369, 370, 371, 372]	22_499_1jeh.1.B_5cd65f6cd60c598579d49842.pdb
P09624	Helix@_group47	[377, 378, 379]	3	[376, 377, 378, 379, 380]	22_499_1jeh.1.B_5cd65f6cd60c598579d49842.pdb
P09624	Helix@_group48	[397, 398, 399, 400, 401, 402]	6	[396, 397, 398, 399, 400, 401, 402, 403]	22_499_1jeh.1.B_5cd65f6cd60c598579d49842.pdb
P09624	Helix@_group49	[414, 415, 416]	3	[413, 414, 415, 416, 417, 426]	22_499_1jeh.1.B_5cd65f6cd60c598579d49842.pdb
P09624	Helix@_group50	[418, 419, 420, 421, 422]	5	[417, 418, 419, 420, 421, 422, 423, 480]	22_499_1jeh.1.B_5cd65f6cd60c598579d49842.pdb
P09624	Helix@_group51	[451, 452, 453, 454, 455, 456, 457, 458, 459, 460, 461, 462, 463]	13	[450, 451, 452, 453, 454, 455, 456, 457, 458, 459, 460, 461, 462, 463, 464, 466]	22_499_1jeh.1.B_5cd65f6cd60c598579d49842.pdb
P09624	Helix@_group52	[468, 469, 470, 471, 472]	5	[467, 468, 469, 470, 471, 472, 473, 486, 489, 490]	22_499_1jeh.1.B_5cd65f6cd60c598579d49842.pdb
P09624	Helix@_group53	[483, 484, 485, 486, 487, 488, 489, 490, 491, 492, 493]	11	[410, 411, 412, 468, 472, 482, 483, 484, 485, 486, 487, 488, 489, 490, 491, 492, 493, 494, 495, 496]	22_499_1jeh.1.B_5cd65f6cd60c598579d49842.pdb
P09624	Turn@_group54	[275, 276, 277, 278]	4	[274, 275, 276, 277, 278, 279]	22_499_1jeh.1.B_5cd65f6cd60c598579d49842.pdb
P09624	Turn@_group55	[287, 288, 289, 290]	4	[286, 287, 288, 289, 290, 291]	22_499_1jeh.1.B_5cd65f6cd60c598579d49842.pdb
P09624	Turn@_group56	[311, 312, 313]	3	[140, 310, 311, 312, 313, 314]	22_499_1jeh.1.B_5cd65f6cd60c598579d49842.pdb
P09624	Turn@_group57	[315, 316, 317, 318, 319]	5	[314, 315, 316, 317, 318, 319, 320]	22_499_1jeh.1.B_5cd65f6cd60c598579d49842.pdb
P09624	Turn@_group58	[436, 437, 438]	3	[407, 435, 436, 437, 438, 439]	22_499_1jeh.1.B_5cd65f6cd60c598579d49842.pdb
P09624	P09624+P21375_interface@_group59	[44, 47, 48, 49, 50, 51, 58, 64, 68, 70, 71, 74, 78, 79, 82, 84, 86, 87, 91, 92, 93, 94, 95, 96, 97, 98, 101, 102, 103, 104, 106, 107, 110, 111, 117, 118, 119, 121, 122, 124, 125, 126, 128, 129, 131, 153, 178, 179, 180, 181, 182, 183, 184, 185, 186, 188, 189, 195, 201, 202, 205, 214, 215, 227, 235, 236, 237, 238, 241, 242, 246, 249, 257, 259, 267, 288, 290, 291, 294, 304, 305, 306, 307, 309, 310, 311, 312, 316, 323, 324, 325, 329, 331, 332, 333, 337, 339, 349, 350, 351, 352, 353, 354, 355, 358, 359, 362, 369, 370, 371, 372, 373, 374, 376, 377, 378, 381, 385, 395, 401, 402, 403, 404, 405, 406, 409, 413, 415, 416, 418, 419, 421, 422, 423, 424, 427, 437, 438, 440, 450, 452, 453, 456, 457, 460, 463, 464, 465, 469, 470, 473, 474, 475, 476, 477, 478, 479, 480, 490, 494, 495]	161	[44, 47, 48, 49, 50, 51, 58, 64, 68, 70, 71, 74, 78, 79, 82, 84, 86, 87, 91, 92, 93, 94, 95, 96, 97, 98, 101, 102, 103, 104, 106, 107, 110, 111, 117, 118, 119, 121, 122, 124, 125, 126, 128, 129, 131, 153, 178, 179, 180, 181, 182, 183, 184, 185, 186, 188, 189, 195, 201, 202, 205, 214, 215, 227, 235, 236, 237, 238, 241, 242, 246, 249, 257, 259, 267, 288, 290, 291, 294, 304, 305, 306, 307, 309, 310, 311, 312, 316, 323, 324, 325, 329, 331, 332, 333, 337, 339, 349, 350, 351, 352, 353, 354, 355, 358, 359, 362, 369, 370, 371, 372, 373, 374, 376, 377, 378, 381, 385, 395, 401, 402, 403, 404, 405, 406, 409, 413, 415, 416, 418, 419, 421, 422, 423, 424, 427, 437, 438, 440, 450, 452, 453, 456, 457, 460, 463, 464, 465, 469, 470, 473, 474, 475, 476, 477, 478, 479, 480, 490, 494, 495]	22_499_1jeh.1.B_5cd65f6cd60c598579d49842.pdb
P09624	P09624+P38822_interface@_group60	[39, 44, 47, 48, 65, 70, 71, 74, 78, 79, 82, 83, 85, 86, 91, 92, 93, 94, 95, 96, 97, 98, 99, 100, 101, 102, 103, 104, 107, 111, 115, 118, 119, 125, 126, 129, 130, 180, 181, 182, 183, 215, 354, 355, 358, 359, 362, 366, 372, 374, 376, 377, 379, 381, 383, 385, 389, 415, 416, 418, 419, 421, 422, 423, 424, 450, 452, 453, 456, 457, 460, 463, 464, 465, 466, 470, 473, 474, 475, 476, 477, 478, 479, 480, 482, 486, 490, 494, 495]	89	[37, 38, 39, 40, 42, 43, 44, 45, 46, 47, 48, 49, 64, 65, 66, 69, 70, 71, 72, 73, 74, 75, 77, 78, 79, 80, 81, 82, 83, 84, 85, 86, 87, 89, 90, 91, 92, 93, 94, 95, 96, 97, 98, 99, 100, 101, 102, 103, 104, 105, 106, 107, 108, 110, 111, 112, 114, 115, 116, 117, 118, 119, 120, 122, 123, 124, 125, 126, 127, 128, 129, 130, 131, 179, 180, 181, 182, 183, 184, 214, 215, 216, 353, 354, 355, 356, 357, 358, 359, 360, 361, 362, 363, 365, 366, 367, 371, 372, 373, 374, 375, 376, 377, 378, 379, 380, 381, 382, 383, 384, 385, 386, 387, 388, 389, 390, 391, 393, 414, 415, 416, 417, 418, 419, 420, 421, 422, 423, 424, 425, 426, 449, 450, 451, 452, 453, 454, 455, 456, 457, 458, 459, 460, 461, 462, 463, 464, 465, 466, 467, 469, 470, 471, 472, 473, 474, 475, 476, 477, 478, 479, 480, 481, 482, 483, 485, 486, 487, 489, 490, 491, 493, 494, 495, 496]	22_499_1jeh.1.B_5cd65f6cd60c598579d49842.pdb
P09624	P09624+P53167_interface@_group61	[47, 70, 78, 93, 125, 126, 181, 182, 183, 215, 235, 349, 350, 351, 352, 353, 354, 355, 371, 372, 374, 377, 416, 418, 419, 421, 422, 453, 460, 463, 464, 469, 470, 473, 474, 475, 477, 478, 479, 480, 495]	41	[44, 46, 47, 48, 65, 69, 70, 71, 77, 78, 79, 92, 93, 94, 122, 123, 124, 125, 126, 127, 129, 180, 181, 182, 183, 184, 214, 215, 216, 234, 235, 236, 265, 266, 267, 348, 349, 350, 351, 352, 353, 354, 355, 356, 357, 358, 367, 370, 371, 372, 373, 374, 375, 376, 377, 378, 415, 416, 417, 418, 419, 420, 421, 422, 423, 452, 453, 454, 459, 460, 461, 462, 463, 464, 465, 468, 469, 470, 471, 472, 473, 474, 475, 476, 477, 478, 479, 480, 481, 491, 494, 495, 496]	22_499_1jeh.1.B_5cd65f6cd60c598579d49842.pdb
P09624	P09624+Q08558_interface@_group62	[47, 57, 58, 59, 70, 71, 78, 93, 94, 95, 119, 122, 125, 126, 128, 129, 180, 181, 182, 183, 187, 213, 214, 215, 227, 235, 257, 258, 259, 288, 304, 305, 306, 307, 349, 350, 351, 352, 353, 354, 355, 358, 371, 372, 373, 374, 376, 377, 385, 413, 416, 418, 419, 421, 422, 423, 438, 439, 440, 453, 456, 460, 463, 464, 465, 469, 470, 473, 474, 475, 476, 477, 478, 479, 480]	75	[37, 44, 46, 47, 48, 56, 57, 58, 59, 60, 65, 66, 69, 70, 71, 72, 77, 78, 79, 91, 92, 93, 94, 95, 96, 118, 119, 120, 121, 122, 123, 124, 125, 126, 127, 128, 129, 130, 131, 137, 138, 178, 179, 180, 181, 182, 183, 184, 186, 187, 188, 211, 212, 213, 214, 215, 216, 226, 227, 228, 234, 235, 236, 240, 254, 255, 256, 257, 258, 259, 260, 265, 266, 267, 287, 288, 289, 303, 304, 305, 306, 307, 308, 348, 349, 350, 351, 352, 353, 354, 355, 356, 357, 358, 359, 361, 367, 370, 371, 372, 373, 374, 375, 376, 377, 378, 384, 385, 386, 389, 412, 413, 414, 415, 416, 417, 418, 419, 420, 421, 422, 423, 424, 429, 435, 437, 438, 439, 440, 441, 452, 453, 454, 455, 456, 457, 459, 460, 461, 462, 463, 464, 465, 466, 467, 468, 469, 470, 471, 472, 473, 474, 475, 476, 477, 478, 479, 480, 481]	22_499_1jeh.1.B_5cd65f6cd60c598579d49842.pdb
P09624	P09624+Q99383_interface@_group63	[39, 44, 47, 48, 65, 70, 71, 74, 78, 79, 82, 83, 85, 86, 91, 92, 93, 94, 95, 96, 97, 98, 99, 100, 101, 102, 103, 104, 107, 111, 115, 118, 119, 125, 126, 129, 130, 180, 181, 182, 183, 215, 354, 355, 358, 359, 362, 366, 372, 374, 376, 377, 379, 381, 383, 385, 389, 415, 416, 418, 419, 421, 422, 423, 424, 450, 452, 453, 456, 457, 460, 463, 464, 465, 466, 470, 473, 474, 475, 476, 477, 478, 479, 480, 482, 486, 490, 494, 495]	89	[37, 38, 39, 40, 42, 43, 44, 45, 46, 47, 48, 49, 64, 65, 66, 69, 70, 71, 72, 73, 74, 75, 77, 78, 79, 80, 81, 82, 83, 84, 85, 86, 87, 89, 90, 91, 92, 93, 94, 95, 96, 97, 98, 99, 100, 101, 102, 103, 104, 105, 106, 107, 108, 110, 111, 112, 114, 115, 116, 117, 118, 119, 120, 122, 123, 124, 125, 126, 127, 128, 129, 130, 131, 179, 180, 181, 182, 183, 184, 214, 215, 216, 353, 354, 355, 356, 357, 358, 359, 360, 361, 362, 363, 365, 366, 367, 371, 372, 373, 374, 375, 376, 377, 378, 379, 380, 381, 382, 383, 384, 385, 386, 387, 388, 389, 390, 391, 393, 414, 415, 416, 417, 418, 419, 420, 421, 422, 423, 424, 425, 426, 449, 450, 451, 452, 453, 454, 455, 456, 457, 458, 459, 460, 461, 462, 463, 464, 465, 466, 467, 469, 470, 471, 472, 473, 474, 475, 476, 477, 478, 479, 480, 481, 482, 483, 485, 486, 487, 489, 490, 491, 493, 494, 495, 496]	22_499_1jeh.1.B_5cd65f6cd60c598579d49842.pdb
P09624	P09624+P09624_interface@_group64	[39, 44, 47, 48, 65, 70, 71, 74, 75, 78, 79, 82, 83, 85, 86, 91, 92, 93, 94, 95, 96, 97, 98, 99, 100, 101, 102, 103, 104, 107, 111, 115, 118, 119, 126, 129, 130, 354, 355, 358, 359, 362, 366, 374, 376, 379, 381, 383, 385, 389, 415, 416, 418, 419, 421, 422, 423, 424, 450, 452, 453, 456, 457, 459, 460, 463, 464, 465, 466, 470, 473, 474, 475, 476, 477, 478, 479, 480, 482, 483, 486, 490, 494, 495, 496, 497, 498, 499]	88	[37, 38, 39, 40, 42, 43, 44, 45, 46, 47, 48, 49, 64, 65, 66, 69, 70, 71, 72, 73, 74, 75, 76, 77, 78, 79, 80, 81, 82, 83, 84, 85, 86, 87, 89, 90, 91, 92, 93, 94, 95, 96, 97, 98, 99, 100, 101, 102, 103, 104, 105, 106, 107, 108, 110, 111, 112, 114, 115, 116, 117, 118, 119, 120, 123, 125, 126, 127, 128, 129, 130, 131, 353, 354, 355, 356, 357, 358, 359, 360, 361, 362, 363, 365, 366, 367, 373, 374, 375, 376, 377, 378, 379, 380, 381, 382, 383, 384, 385, 386, 387, 388, 389, 390, 391, 393, 414, 415, 416, 417, 418, 419, 420, 421, 422, 423, 424, 425, 426, 449, 450, 451, 452, 453, 454, 455, 456, 457, 458, 459, 460, 461, 462, 463, 464, 465, 466, 467, 469, 470, 471, 472, 473, 474, 475, 476, 477, 478, 479, 480, 481, 482, 483, 484, 485, 486, 487, 489, 490, 491, 493, 494, 495, 496, 497, 498, 499]	22_499_1jeh.1.B_5cd65f6cd60c598579d49842.pdb
