P40032	Metal binding@_group0	[159]	1	[158, 159, 160]	22_636_3kt4.1.A_5cd7c15e9ffd12261fde8890.pdb
P40032	Metal binding@_group1	[161]	1	[160, 161, 162]	22_636_3kt4.1.A_5cd7c15e9ffd12261fde8890.pdb
P40032	Metal binding@_group2	[227]	1	[191, 226, 227, 228]	22_636_3kt4.1.A_5cd7c15e9ffd12261fde8890.pdb
P40032	Binding site@_group3	[173]	1	[172, 173, 174, 240]	22_636_3kt4.1.A_5cd7c15e9ffd12261fde8890.pdb
P40032	Binding site@_group4	[238]	1	[175, 237, 238, 239]	22_636_3kt4.1.A_5cd7c15e9ffd12261fde8890.pdb
P40032	Mutagenesis@_group5	[159, 160, 161]	3	[158, 159, 160, 161, 162, 225, 226]	22_636_3kt4.1.A_5cd7c15e9ffd12261fde8890.pdb
P40032	Mutagenesis@_group6	[159]	1	[158, 159, 160]	22_636_3kt4.1.A_5cd7c15e9ffd12261fde8890.pdb
P40032	Modified residue@_group7	[607]	1	[606, 607, 608]	22_636_3kt4.1.A_5cd7c15e9ffd12261fde8890.pdb
P40032	Domain [FT]@_group8	[141, 142, 143, 144, 145, 146, 147, 148, 149, 150, 151, 152, 153, 154, 155, 156, 157, 158, 159, 160, 161, 162, 163, 164, 165, 166, 167, 168, 169, 170, 171, 172, 173, 174, 175, 176, 177, 178, 179, 180, 181, 182, 183, 184, 185, 186, 187, 188, 189, 190, 191, 192, 193, 194, 195, 196, 197, 198, 199, 200, 201, 202, 203, 204, 205, 206, 207, 208, 209, 210, 211, 212, 213, 214, 215, 216, 217, 218, 219, 220, 221, 222, 223, 224, 225, 226, 227, 228, 229, 230, 231, 232, 233, 234, 235, 236, 237, 238, 239, 240, 241, 242, 243, 244, 245, 246, 247]	107	[141, 142, 143, 144, 145, 146, 147, 148, 149, 150, 151, 152, 153, 154, 155, 156, 157, 158, 159, 160, 161, 162, 163, 164, 165, 166, 167, 168, 169, 170, 171, 172, 173, 174, 175, 176, 177, 178, 179, 180, 181, 182, 183, 184, 185, 186, 187, 188, 189, 190, 191, 192, 193, 194, 195, 196, 197, 198, 199, 200, 201, 202, 203, 204, 205, 206, 207, 208, 209, 210, 211, 212, 213, 214, 215, 216, 217, 218, 219, 220, 221, 222, 223, 224, 225, 226, 227, 228, 229, 230, 231, 232, 233, 234, 235, 236, 237, 238, 239, 240, 241, 242, 243, 244, 245, 246, 247]	22_636_3kt4.1.A_5cd7c15e9ffd12261fde8890.pdb
P40032	Beta strand@_group9	[51, 52, 53]	3	[50, 51, 52, 53, 54, 193]	22_636_3kt4.1.A_5cd7c15e9ffd12261fde8890.pdb
P40032	Beta strand@_group10	[56, 57, 58, 59, 60]	5	[55, 56, 57, 58, 59, 60, 61, 213, 214, 216]	22_636_3kt4.1.A_5cd7c15e9ffd12261fde8890.pdb
P40032	Beta strand@_group11	[81, 82, 83, 84]	4	[80, 81, 82, 83, 84, 85, 89, 91]	22_636_3kt4.1.A_5cd7c15e9ffd12261fde8890.pdb
P40032	Beta strand@_group12	[86, 87, 88, 89, 90, 91, 92]	7	[81, 82, 84, 85, 86, 87, 88, 89, 90, 91, 92, 93, 148, 154, 156]	22_636_3kt4.1.A_5cd7c15e9ffd12261fde8890.pdb
P40032	Beta strand@_group13	[139, 140, 141, 142]	4	[138, 139, 140, 141, 142, 143, 248]	22_636_3kt4.1.A_5cd7c15e9ffd12261fde8890.pdb
P40032	Beta strand@_group14	[145, 146, 147, 148, 149, 150]	6	[92, 144, 145, 146, 147, 148, 149, 150, 151, 239, 241, 243]	22_636_3kt4.1.A_5cd7c15e9ffd12261fde8890.pdb
P40032	Beta strand@_group15	[155, 156, 157, 158, 159]	5	[88, 154, 155, 156, 157, 158, 159, 160, 228, 229, 231, 410]	22_636_3kt4.1.A_5cd7c15e9ffd12261fde8890.pdb
P40032	Beta strand@_group16	[166, 167, 168, 169, 170, 171, 172, 173]	8	[165, 166, 167, 168, 169, 170, 171, 172, 173, 174, 215, 217, 219, 240, 242, 244, 246]	22_636_3kt4.1.A_5cd7c15e9ffd12261fde8890.pdb
P40032	Beta strand@_group17	[189, 190, 191]	3	[188, 189, 190, 191, 192, 207, 227, 229]	22_636_3kt4.1.A_5cd7c15e9ffd12261fde8890.pdb
P40032	Beta strand@_group18	[194, 195, 196]	3	[193, 194, 195, 196, 197, 200]	22_636_3kt4.1.A_5cd7c15e9ffd12261fde8890.pdb
P40032	Beta strand@_group19	[205, 206, 207, 208]	4	[190, 204, 205, 206, 207, 208, 209]	22_636_3kt4.1.A_5cd7c15e9ffd12261fde8890.pdb
P40032	Beta strand@_group20	[214, 215, 216, 217, 218, 219]	6	[55, 57, 59, 168, 170, 172, 213, 214, 215, 216, 217, 218, 219, 220]	22_636_3kt4.1.A_5cd7c15e9ffd12261fde8890.pdb
P40032	Beta strand@_group21	[227, 228, 229]	3	[156, 158, 189, 191, 226, 227, 228, 229, 230]	22_636_3kt4.1.A_5cd7c15e9ffd12261fde8890.pdb
P40032	Beta strand@_group22	[238, 239, 240, 241, 242, 243, 244, 245, 246]	9	[145, 147, 149, 166, 167, 169, 171, 173, 175, 237, 238, 239, 240, 241, 242, 243, 244, 245, 246, 247]	22_636_3kt4.1.A_5cd7c15e9ffd12261fde8890.pdb
P40032	Beta strand@_group23	[363, 364, 365, 366, 367, 368, 369]	7	[359, 362, 363, 364, 365, 366, 367, 368, 369, 370, 598, 599, 600, 601, 602]	22_636_3kt4.1.A_5cd7c15e9ffd12261fde8890.pdb
P40032	Beta strand@_group24	[415, 416, 417]	3	[405, 414, 415, 416, 417, 418, 503]	22_636_3kt4.1.A_5cd7c15e9ffd12261fde8890.pdb
P40032	Beta strand@_group25	[419, 420, 421]	3	[418, 419, 420, 421, 422, 441, 442, 443]	22_636_3kt4.1.A_5cd7c15e9ffd12261fde8890.pdb
P40032	Beta strand@_group26	[492, 493, 494, 495]	4	[491, 492, 493, 494, 495, 496, 632]	22_636_3kt4.1.A_5cd7c15e9ffd12261fde8890.pdb
P40032	Beta strand@_group27	[497, 498, 499, 500, 501, 502, 503, 504, 505]	9	[289, 291, 292, 416, 418, 496, 497, 498, 499, 500, 501, 502, 503, 504, 505, 506, 510, 624, 626, 628, 630]	22_636_3kt4.1.A_5cd7c15e9ffd12261fde8890.pdb
P40032	Beta strand@_group28	[527, 528, 529, 530, 531, 532, 533, 534, 535, 536, 537, 538, 539, 540]	14	[526, 527, 528, 529, 530, 531, 532, 533, 534, 535, 536, 537, 538, 539, 540, 541, 596, 599, 601, 603, 605, 625, 626, 627, 628, 629, 633]	22_636_3kt4.1.A_5cd7c15e9ffd12261fde8890.pdb
P40032	Beta strand@_group29	[555, 556, 557, 558]	4	[554, 555, 556, 557, 558, 559, 588, 590, 591, 610, 612]	22_636_3kt4.1.A_5cd7c15e9ffd12261fde8890.pdb
P40032	Beta strand@_group30	[588, 589, 590, 591, 592]	5	[556, 557, 558, 587, 588, 589, 590, 591, 592, 593]	22_636_3kt4.1.A_5cd7c15e9ffd12261fde8890.pdb
P40032	Beta strand@_group31	[596, 597, 598, 599, 600, 601, 602, 603, 604]	9	[364, 365, 366, 367, 368, 534, 536, 538, 540, 595, 596, 597, 598, 599, 600, 601, 602, 603, 604, 605]	22_636_3kt4.1.A_5cd7c15e9ffd12261fde8890.pdb
P40032	Beta strand@_group32	[609, 610, 611, 612]	4	[514, 516, 555, 557, 608, 609, 610, 611, 612, 613]	22_636_3kt4.1.A_5cd7c15e9ffd12261fde8890.pdb
P40032	Beta strand@_group33	[623, 624, 625, 626, 627, 628, 629, 630, 631, 632, 633, 634]	12	[495, 498, 500, 502, 504, 529, 535, 536, 537, 538, 539, 622, 623, 624, 625, 626, 627, 628, 629, 630, 631, 632, 633, 634, 635]	22_636_3kt4.1.A_5cd7c15e9ffd12261fde8890.pdb
P40032	Helix@_group34	[27, 28, 29]	3	[26, 27, 28, 29, 30]	22_636_3kt4.1.A_5cd7c15e9ffd12261fde8890.pdb
P40032	Helix@_group35	[32, 33, 34, 35]	4	[31, 32, 33, 34, 35, 36]	22_636_3kt4.1.A_5cd7c15e9ffd12261fde8890.pdb
P40032	Helix@_group36	[37, 38, 39, 40, 41, 42, 43, 44, 45, 46, 47, 48]	12	[36, 37, 38, 39, 40, 41, 42, 43, 44, 45, 46, 47, 48, 49, 132]	22_636_3kt4.1.A_5cd7c15e9ffd12261fde8890.pdb
P40032	Helix@_group37	[64, 65, 66, 67, 68, 69, 70, 71, 72, 73, 74, 75, 76, 77]	14	[63, 64, 65, 66, 67, 68, 69, 70, 71, 72, 73, 74, 75, 76, 77, 78]	22_636_3kt4.1.A_5cd7c15e9ffd12261fde8890.pdb
P40032	Helix@_group38	[111, 112, 113, 114, 115, 116, 117, 118, 119, 120]	10	[110, 111, 112, 113, 114, 115, 116, 117, 118, 119, 120, 121, 122]	22_636_3kt4.1.A_5cd7c15e9ffd12261fde8890.pdb
P40032	Helix@_group39	[123, 124, 125, 126, 127, 128, 129, 130, 131, 132]	10	[44, 122, 123, 124, 125, 126, 127, 128, 129, 130, 131, 132, 133, 135]	22_636_3kt4.1.A_5cd7c15e9ffd12261fde8890.pdb
P40032	Helix@_group40	[183, 184, 185]	3	[182, 183, 184, 185, 186]	22_636_3kt4.1.A_5cd7c15e9ffd12261fde8890.pdb
P40032	Helix@_group41	[252, 253, 254]	3	[251, 252, 253, 254, 255]	22_636_3kt4.1.A_5cd7c15e9ffd12261fde8890.pdb
P40032	Helix@_group42	[259, 260, 261, 262, 263, 264, 265, 266, 267, 268]	10	[258, 259, 260, 261, 262, 263, 264, 265, 266, 267, 268, 269]	22_636_3kt4.1.A_5cd7c15e9ffd12261fde8890.pdb
P40032	Helix@_group43	[269, 270, 271, 272, 273, 274, 275, 276, 277]	9	[268, 269, 270, 271, 272, 273, 274, 275, 276, 277, 278, 279]	22_636_3kt4.1.A_5cd7c15e9ffd12261fde8890.pdb
P40032	Helix@_group44	[278, 279, 280, 281, 282]	5	[275, 277, 278, 279, 280, 281, 282, 283]	22_636_3kt4.1.A_5cd7c15e9ffd12261fde8890.pdb
P40032	Helix@_group45	[294, 295, 296, 297, 298, 299, 300, 301, 302, 303, 304]	11	[293, 294, 295, 296, 297, 298, 299, 300, 301, 302, 303, 304, 305]	22_636_3kt4.1.A_5cd7c15e9ffd12261fde8890.pdb
P40032	Helix@_group46	[332, 333, 334, 335, 336, 337, 338, 339]	8	[331, 332, 333, 334, 335, 336, 337, 338, 339, 340]	22_636_3kt4.1.A_5cd7c15e9ffd12261fde8890.pdb
P40032	Helix@_group47	[344, 345, 346]	3	[343, 344, 345, 346, 347, 351]	22_636_3kt4.1.A_5cd7c15e9ffd12261fde8890.pdb
P40032	Helix@_group48	[349, 350, 351, 352, 353, 354, 355, 356, 357, 358, 359, 360, 361, 362]	14	[346, 348, 349, 350, 351, 352, 353, 354, 355, 356, 357, 358, 359, 360, 361, 362, 363, 490]	22_636_3kt4.1.A_5cd7c15e9ffd12261fde8890.pdb
P40032	Helix@_group49	[373, 374, 375, 376, 377, 378, 379, 380, 381, 382, 383, 384, 385, 386, 387, 388, 389]	17	[372, 373, 374, 375, 376, 377, 378, 379, 380, 381, 382, 383, 384, 385, 386, 387, 388, 389, 390, 467]	22_636_3kt4.1.A_5cd7c15e9ffd12261fde8890.pdb
P40032	Helix@_group50	[396, 397, 398]	3	[395, 396, 397, 398, 399]	22_636_3kt4.1.A_5cd7c15e9ffd12261fde8890.pdb
P40032	Helix@_group51	[428, 429, 430, 431, 432, 433, 434, 435, 436]	9	[427, 428, 429, 430, 431, 432, 433, 434, 435, 436, 437]	22_636_3kt4.1.A_5cd7c15e9ffd12261fde8890.pdb
P40032	Helix@_group52	[443, 444, 445, 446, 447, 448, 449, 450, 451, 452, 453, 454, 455, 456, 457]	15	[419, 442, 443, 444, 445, 446, 447, 448, 449, 450, 451, 452, 453, 454, 455, 456, 457, 458]	22_636_3kt4.1.A_5cd7c15e9ffd12261fde8890.pdb
P40032	Helix@_group53	[466, 467, 468, 469, 470, 471, 472, 473, 474, 475, 476, 477, 478, 479]	14	[382, 465, 466, 467, 468, 469, 470, 471, 472, 473, 474, 475, 476, 477, 478, 479, 480]	22_636_3kt4.1.A_5cd7c15e9ffd12261fde8890.pdb
P40032	Helix@_group54	[481, 482, 483, 484, 485, 486, 487, 488, 489, 490, 491]	11	[356, 480, 481, 482, 483, 484, 485, 486, 487, 488, 489, 490, 491, 492]	22_636_3kt4.1.A_5cd7c15e9ffd12261fde8890.pdb
P40032	Helix@_group55	[521, 522, 523]	3	[520, 521, 522, 523, 524]	22_636_3kt4.1.A_5cd7c15e9ffd12261fde8890.pdb
P40032	Turn@_group56	[222, 223, 224]	3	[197, 198, 221, 222, 223, 224, 225]	22_636_3kt4.1.A_5cd7c15e9ffd12261fde8890.pdb
P40032	Turn@_group57	[409, 410, 411]	3	[158, 408, 409, 410, 411, 412]	22_636_3kt4.1.A_5cd7c15e9ffd12261fde8890.pdb
P40032	Turn@_group58	[461, 462, 463]	3	[390, 460, 461, 462, 463, 464]	22_636_3kt4.1.A_5cd7c15e9ffd12261fde8890.pdb
P40032	Turn@_group59	[507, 508, 509]	3	[506, 507, 508, 509, 510, 615, 617]	22_636_3kt4.1.A_5cd7c15e9ffd12261fde8890.pdb
P40032	Turn@_group60	[546, 547, 548, 549, 550]	5	[545, 546, 547, 548, 549, 550, 551]	22_636_3kt4.1.A_5cd7c15e9ffd12261fde8890.pdb
P40032	P40032+P43588_interface@_group61	[50, 79, 81, 83, 84, 85, 86, 87, 88, 92, 93, 94, 95, 96, 97, 98, 99, 100, 114, 136, 137, 142, 143, 159, 160, 162, 163, 164, 166, 178, 184, 209, 221, 222, 224, 235, 236, 237, 242, 249, 250, 251, 252, 253, 254, 256, 269, 270, 271, 273, 274, 277, 278, 279, 438, 445, 452, 455, 456, 457, 458, 588, 589, 605]	64	[49, 50, 51, 78, 79, 80, 81, 82, 83, 84, 85, 86, 87, 88, 89, 91, 92, 93, 94, 95, 96, 97, 98, 99, 100, 101, 113, 114, 115, 135, 136, 137, 138, 141, 142, 143, 144, 148, 151, 156, 158, 159, 160, 161, 162, 163, 164, 165, 166, 167, 171, 177, 178, 179, 183, 184, 185, 188, 208, 209, 210, 220, 221, 222, 223, 224, 225, 226, 234, 235, 236, 237, 238, 241, 242, 243, 246, 248, 249, 250, 251, 252, 253, 254, 255, 256, 257, 268, 269, 270, 271, 272, 273, 274, 275, 276, 277, 278, 279, 280, 437, 438, 439, 444, 445, 446, 448, 451, 452, 453, 454, 455, 456, 457, 458, 459, 532, 558, 587, 588, 589, 590, 604, 605, 606]	22_636_3kt4.1.A_5cd7c15e9ffd12261fde8890.pdb
P40032	P40032+P53327_interface@_group62	[32, 51, 68, 76, 79, 81, 82, 83, 84, 85, 87, 92, 94, 95, 96, 97, 98, 99, 100, 101, 103, 105, 106, 109, 111, 114, 134, 136, 137, 141, 142, 143, 144, 162, 163, 164, 167, 178, 179, 184, 209, 221, 222, 224, 237, 249, 250, 251, 252, 253, 254, 255, 256, 257, 258, 259, 268, 269, 270, 271, 272, 273, 274, 275, 276, 277, 278, 336, 337, 340, 344, 388, 411, 515, 518, 522, 544, 548, 580, 617]	80	[31, 32, 33, 50, 51, 52, 53, 67, 68, 69, 75, 76, 77, 78, 79, 80, 81, 82, 83, 84, 85, 86, 87, 88, 89, 91, 92, 93, 94, 95, 96, 97, 98, 99, 100, 101, 102, 103, 104, 105, 106, 107, 108, 109, 110, 111, 112, 113, 114, 115, 133, 134, 135, 136, 137, 138, 140, 141, 142, 143, 144, 145, 148, 151, 161, 162, 163, 164, 165, 166, 167, 168, 177, 178, 179, 180, 183, 184, 185, 188, 208, 209, 210, 220, 221, 222, 223, 224, 225, 236, 237, 238, 246, 248, 249, 250, 251, 252, 253, 254, 255, 256, 257, 258, 259, 260, 267, 268, 269, 270, 271, 272, 273, 274, 275, 276, 277, 278, 279, 333, 335, 336, 337, 338, 339, 340, 341, 343, 344, 345, 347, 387, 388, 389, 410, 411, 412, 507, 508, 514, 515, 516, 517, 518, 519, 521, 522, 523, 543, 544, 545, 547, 548, 549, 579, 580, 581, 616, 617, 618]	22_636_3kt4.1.A_5cd7c15e9ffd12261fde8890.pdb
P40032	P40032+Q04396_interface@_group63	[32, 51, 68, 76, 79, 81, 82, 83, 84, 85, 87, 92, 94, 95, 96, 97, 98, 99, 100, 101, 103, 105, 106, 109, 111, 114, 134, 136, 137, 141, 142, 143, 144, 162, 163, 164, 167, 178, 179, 184, 209, 221, 222, 224, 237, 249, 250, 251, 252, 253, 254, 255, 256, 257, 258, 259, 268, 269, 270, 271, 272, 273, 274, 275, 276, 277, 278, 336, 337, 340, 344, 388, 411, 515, 518, 522, 544, 548, 580, 617]	80	[31, 32, 33, 50, 51, 52, 53, 67, 68, 69, 75, 76, 77, 78, 79, 80, 81, 82, 83, 84, 85, 86, 87, 88, 89, 91, 92, 93, 94, 95, 96, 97, 98, 99, 100, 101, 102, 103, 104, 105, 106, 107, 108, 109, 110, 111, 112, 113, 114, 115, 133, 134, 135, 136, 137, 138, 140, 141, 142, 143, 144, 145, 148, 151, 161, 162, 163, 164, 165, 166, 167, 168, 177, 178, 179, 180, 183, 184, 185, 188, 208, 209, 210, 220, 221, 222, 223, 224, 225, 236, 237, 238, 246, 248, 249, 250, 251, 252, 253, 254, 255, 256, 257, 258, 259, 260, 267, 268, 269, 270, 271, 272, 273, 274, 275, 276, 277, 278, 279, 333, 335, 336, 337, 338, 339, 340, 341, 343, 344, 345, 347, 387, 388, 389, 410, 411, 412, 507, 508, 514, 515, 516, 517, 518, 519, 521, 522, 523, 543, 544, 545, 547, 548, 549, 579, 580, 581, 616, 617, 618]	22_636_3kt4.1.A_5cd7c15e9ffd12261fde8890.pdb
