P34218	Binding site@_group0	[456]	1	[455, 456, 457]	259_579_5j9u.1.A_5cd903d33b85d1d679c8a48e.pdb
P34218	Active site@_group1	[452]	1	[451, 452, 453]	259_579_5j9u.1.A_5cd903d33b85d1d679c8a48e.pdb
P34218	Mutagenesis@_group2	[303]	1	[302, 303, 304, 307]	259_579_5j9u.1.A_5cd903d33b85d1d679c8a48e.pdb
P34218	Mutagenesis@_group3	[306]	1	[305, 306, 307]	259_579_5j9u.1.A_5cd903d33b85d1d679c8a48e.pdb
P34218	Mutagenesis@_group4	[319]	1	[318, 319, 320]	259_579_5j9u.1.A_5cd903d33b85d1d679c8a48e.pdb
P34218	Mutagenesis@_group5	[323]	1	[322, 323, 324]	259_579_5j9u.1.A_5cd903d33b85d1d679c8a48e.pdb
P34218	Mutagenesis@_group6	[426, 427]	2	[425, 426, 427, 428]	259_579_5j9u.1.A_5cd903d33b85d1d679c8a48e.pdb
P34218	Mutagenesis@_group7	[429, 430, 431]	3	[428, 429, 430, 431, 432, 433]	259_579_5j9u.1.A_5cd903d33b85d1d679c8a48e.pdb
P34218	Mutagenesis@_group8	[434, 435]	2	[433, 434, 435, 436, 438]	259_579_5j9u.1.A_5cd903d33b85d1d679c8a48e.pdb
P34218	Modified residue@_group9	[367]	1	[366, 367, 368]	259_579_5j9u.1.A_5cd903d33b85d1d679c8a48e.pdb
P34218	Compositional bias@_group10	[736, 737, 738, 739, 740, 741, 742, 743, 744, 745, 746, 747, 748, 749, 750, 751, 752, 753, 754, 755, 756, 757, 758, 759, 760, 761, 762, 763, 764, 765, 766, 767, 768, 769, 770, 771, 772, 773, 774, 775, 776, 777, 778, 779, 780, 781, 782, 783, 784, 785, 786, 787, 788, 789, 790, 791, 792, 793, 794, 795, 796, 797, 798, 799, 800, 801, 802, 803, 804, 805, 806, 807, 808, 809, 810, 811, 812, 813, 814, 815, 816, 817, 818, 819, 820, 821, 822, 823, 824, 825, 826, 827, 828, 829, 830, 831]	96	[366, 367, 368]	259_579_5j9u.1.A_5cd903d33b85d1d679c8a48e.pdb
P34218	Domain [FT]@_group11	[267, 268, 269, 270, 271, 272, 273, 274, 275, 276, 277, 278, 279, 280, 281, 282, 283, 284, 285, 286, 287, 288, 289, 290, 291, 292, 293, 294, 295, 296, 297, 298, 299, 300, 301, 302, 303, 304, 305, 306, 307, 308, 309, 310, 311, 312, 313, 314, 315, 316, 317, 318, 319, 320, 321, 322, 323, 324, 325, 326, 327, 328, 329, 330, 331, 332, 333, 334, 335, 336, 337, 338, 339, 340, 341, 342, 343, 344, 345, 346, 347, 348, 349, 350, 351, 352, 353, 354, 355, 356, 357, 358, 359, 360, 361, 362, 363, 364, 365, 366, 367, 368, 369, 370, 371, 372, 373, 374, 375, 376, 377, 378, 379, 380, 381, 382, 383, 384, 385, 386, 387, 388, 389, 390, 391, 392, 393, 394, 395, 396, 397, 398, 399, 400, 401, 402, 403, 404, 405, 406, 407, 408, 409, 410, 411, 412, 413, 414, 415, 416, 417, 418, 419, 420, 421, 422, 423, 424, 425, 426, 427, 428, 429, 430, 431, 432, 433, 434, 435, 436, 437, 438, 439, 440, 441, 442, 443, 444, 445, 446, 447, 448, 449, 450, 451, 452, 453, 454, 455, 456, 457, 458, 459, 460, 461, 462, 463, 464, 465, 466, 467, 468, 469, 470, 471, 472, 473, 474, 475, 476, 477, 478, 479, 480, 481, 482, 483, 484, 485, 486, 487, 488, 489, 490, 491, 492, 493, 494, 495, 496, 497, 498, 499, 500, 501, 502, 503, 504, 505, 506, 507, 508, 509, 510, 511, 512, 513, 514, 515, 516, 517, 518, 519, 520, 521, 522, 523, 524, 525, 526, 527, 528, 529, 530, 531, 532, 533, 534, 535, 536, 537, 538, 539, 540, 541, 542, 543, 544, 545, 546, 547, 548, 549, 550, 551, 552, 553, 554, 555, 556, 557, 558, 559, 560, 561, 562, 563, 564, 565, 566, 567, 568, 569, 570, 571, 572, 573]	307	[267, 268, 269, 270, 271, 272, 273, 274, 275, 276, 277, 278, 279, 280, 281, 282, 283, 284, 285, 286, 287, 288, 289, 290, 291, 292, 293, 294, 295, 296, 297, 298, 299, 300, 301, 302, 303, 304, 305, 306, 307, 308, 309, 310, 311, 312, 313, 314, 315, 316, 317, 318, 319, 320, 321, 322, 323, 324, 325, 326, 327, 328, 329, 330, 331, 332, 333, 334, 335, 336, 337, 338, 339, 340, 341, 342, 343, 344, 345, 346, 347, 348, 349, 350, 351, 352, 353, 354, 355, 356, 357, 358, 359, 360, 361, 362, 363, 364, 365, 366, 367, 368, 369, 370, 371, 372, 373, 374, 375, 376, 377, 378, 379, 380, 381, 382, 383, 384, 385, 386, 387, 388, 389, 390, 391, 392, 393, 394, 395, 396, 397, 398, 399, 400, 401, 402, 403, 404, 405, 406, 407, 408, 409, 410, 411, 412, 413, 414, 415, 416, 417, 418, 419, 420, 421, 422, 423, 424, 425, 426, 427, 428, 429, 430, 431, 432, 433, 434, 435, 436, 437, 438, 439, 440, 441, 442, 443, 444, 445, 446, 447, 448, 449, 450, 451, 452, 453, 454, 455, 456, 457, 458, 459, 460, 461, 462, 463, 464, 465, 466, 467, 468, 469, 470, 471, 472, 473, 474, 475, 476, 477, 478, 479, 480, 481, 482, 483, 484, 485, 486, 487, 488, 489, 490, 491, 492, 493, 494, 495, 496, 497, 498, 499, 500, 501, 502, 503, 504, 505, 506, 507, 508, 509, 510, 511, 512, 513, 514, 515, 516, 517, 518, 519, 520, 521, 522, 523, 524, 525, 526, 527, 528, 529, 530, 531, 532, 533, 534, 535, 536, 537, 538, 539, 540, 541, 542, 543, 544, 545, 546, 547, 548, 549, 550, 551, 552, 553, 554, 555, 556, 557, 558, 559, 560, 561, 562, 563, 564, 565, 566, 567, 568, 569, 570, 571, 572, 573]	259_579_5j9u.1.A_5cd903d33b85d1d679c8a48e.pdb
P34218	Region@_group12	[419, 420, 421]	3	[402, 404, 418, 419, 420, 421, 422]	259_579_5j9u.1.A_5cd903d33b85d1d679c8a48e.pdb
P34218	Region@_group13	[426, 427, 428, 429, 430, 431, 432]	7	[425, 426, 427, 428, 429, 430, 431, 432, 433]	259_579_5j9u.1.A_5cd903d33b85d1d679c8a48e.pdb
P34218	Zinc finger@_group14	[300, 301, 302, 303, 304, 305, 306, 307, 308, 309, 310, 311, 312, 313, 314, 315, 316, 317, 318, 319, 320, 321, 322, 323, 324, 325]	26	[275, 276, 277, 278, 299, 300, 301, 302, 303, 304, 305, 306, 307, 308, 309, 310, 311, 312, 313, 314, 315, 316, 317, 318, 319, 320, 321, 322, 323, 324, 325, 326]	259_579_5j9u.1.A_5cd903d33b85d1d679c8a48e.pdb
P34218	P34218+P35189_interface@_group15	[191, 193, 201, 210, 215, 216, 278, 281, 283, 287, 313, 324, 326, 331, 336, 338, 348, 384, 410, 412, 428, 443, 444, 447, 448]	25	[276, 277, 278, 279, 280, 281, 282, 283, 284, 286, 287, 288, 304, 312, 313, 314, 316, 323, 324, 325, 326, 327, 330, 331, 332, 335, 336, 337, 338, 339, 347, 348, 349, 383, 384, 385, 397, 398, 409, 410, 411, 412, 413, 427, 428, 429, 442, 443, 444, 445, 446, 447, 448, 449, 507]	259_579_5j9u.1.A_5cd903d33b85d1d679c8a48e.pdb
P34218	P34218+P36048_interface@_group16	[191, 193, 201, 210, 215, 216, 278, 281, 283, 287, 313, 324, 326, 331, 336, 338, 348, 384, 410, 412, 428, 443, 444, 447, 448]	25	[276, 277, 278, 279, 280, 281, 282, 283, 284, 286, 287, 288, 304, 312, 313, 314, 316, 323, 324, 325, 326, 327, 330, 331, 332, 335, 336, 337, 338, 339, 347, 348, 349, 383, 384, 385, 397, 398, 409, 410, 411, 412, 413, 427, 428, 429, 442, 443, 444, 445, 446, 447, 448, 449, 507]	259_579_5j9u.1.A_5cd903d33b85d1d679c8a48e.pdb
P34218	P34218+P36075_interface@_group17	[191, 193, 201, 210, 215, 216, 278, 281, 283, 287, 313, 324, 326, 331, 336, 338, 348, 384, 410, 412, 428, 443, 444, 447, 448]	25	[276, 277, 278, 279, 280, 281, 282, 283, 284, 286, 287, 288, 304, 312, 313, 314, 316, 323, 324, 325, 326, 327, 330, 331, 332, 335, 336, 337, 338, 339, 347, 348, 349, 383, 384, 385, 397, 398, 409, 410, 411, 412, 413, 427, 428, 429, 442, 443, 444, 445, 446, 447, 448, 449, 507]	259_579_5j9u.1.A_5cd903d33b85d1d679c8a48e.pdb
P34218	P34218+P38348_interface@_group18	[191, 193, 201, 210, 215, 216, 278, 281, 283, 287, 313, 324, 326, 331, 336, 338, 348, 384, 410, 412, 428, 443, 444, 447, 448]	25	[276, 277, 278, 279, 280, 281, 282, 283, 284, 286, 287, 288, 304, 312, 313, 314, 316, 323, 324, 325, 326, 327, 330, 331, 332, 335, 336, 337, 338, 339, 347, 348, 349, 383, 384, 385, 397, 398, 409, 410, 411, 412, 413, 427, 428, 429, 442, 443, 444, 445, 446, 447, 448, 449, 507]	259_579_5j9u.1.A_5cd903d33b85d1d679c8a48e.pdb
P34218	P34218+P39734_interface@_group19	[191, 193, 201, 210, 215, 216, 278, 281, 283, 287, 313, 324, 326, 331, 336, 338, 348, 384, 410, 412, 428, 443, 444, 447, 448]	25	[276, 277, 278, 279, 280, 281, 282, 283, 284, 286, 287, 288, 304, 312, 313, 314, 316, 323, 324, 325, 326, 327, 330, 331, 332, 335, 336, 337, 338, 339, 347, 348, 349, 383, 384, 385, 397, 398, 409, 410, 411, 412, 413, 427, 428, 429, 442, 443, 444, 445, 446, 447, 448, 449, 507]	259_579_5j9u.1.A_5cd903d33b85d1d679c8a48e.pdb
P34218	P34218+P39945_interface@_group20	[191, 193, 201, 210, 215, 216, 278, 281, 283, 287, 313, 324, 326, 331, 336, 338, 348, 384, 410, 412, 428, 443, 444, 447, 448]	25	[276, 277, 278, 279, 280, 281, 282, 283, 284, 286, 287, 288, 304, 312, 313, 314, 316, 323, 324, 325, 326, 327, 330, 331, 332, 335, 336, 337, 338, 339, 347, 348, 349, 383, 384, 385, 397, 398, 409, 410, 411, 412, 413, 427, 428, 429, 442, 443, 444, 445, 446, 447, 448, 449, 507]	259_579_5j9u.1.A_5cd903d33b85d1d679c8a48e.pdb
P34218	P34218+P40505_interface@_group21	[191, 193, 201, 210, 215, 216, 278, 281, 283, 287, 313, 324, 326, 331, 336, 338, 348, 384, 410, 412, 428, 443, 444, 447, 448]	25	[276, 277, 278, 279, 280, 281, 282, 283, 284, 286, 287, 288, 304, 312, 313, 314, 316, 323, 324, 325, 326, 327, 330, 331, 332, 335, 336, 337, 338, 339, 347, 348, 349, 383, 384, 385, 397, 398, 409, 410, 411, 412, 413, 427, 428, 429, 442, 443, 444, 445, 446, 447, 448, 449, 507]	259_579_5j9u.1.A_5cd903d33b85d1d679c8a48e.pdb
P34218	P34218+P40994_interface@_group22	[191, 193, 201, 210, 215, 216, 278, 281, 283, 287, 313, 324, 326, 331, 336, 338, 348, 384, 410, 412, 428, 443, 444, 447, 448]	25	[276, 277, 278, 279, 280, 281, 282, 283, 284, 286, 287, 288, 304, 312, 313, 314, 316, 323, 324, 325, 326, 327, 330, 331, 332, 335, 336, 337, 338, 339, 347, 348, 349, 383, 384, 385, 397, 398, 409, 410, 411, 412, 413, 427, 428, 429, 442, 443, 444, 445, 446, 447, 448, 449, 507]	259_579_5j9u.1.A_5cd903d33b85d1d679c8a48e.pdb
P34218	P34218+P43558_interface@_group23	[191, 193, 201, 210, 215, 216, 278, 281, 283, 287, 313, 324, 326, 331, 336, 338, 348, 384, 410, 412, 428, 443, 444, 447, 448]	25	[276, 277, 278, 279, 280, 281, 282, 283, 284, 286, 287, 288, 304, 312, 313, 314, 316, 323, 324, 325, 326, 327, 330, 331, 332, 335, 336, 337, 338, 339, 347, 348, 349, 383, 384, 385, 397, 398, 409, 410, 411, 412, 413, 427, 428, 429, 442, 443, 444, 445, 446, 447, 448, 449, 507]	259_579_5j9u.1.A_5cd903d33b85d1d679c8a48e.pdb
P34218	P34218+P53847_interface@_group24	[191, 193, 201, 210, 215, 216, 278, 281, 283, 287, 313, 324, 326, 331, 336, 338, 348, 384, 410, 412, 428, 443, 444, 447, 448]	25	[276, 277, 278, 279, 280, 281, 282, 283, 284, 286, 287, 288, 304, 312, 313, 314, 316, 323, 324, 325, 326, 327, 330, 331, 332, 335, 336, 337, 338, 339, 347, 348, 349, 383, 384, 385, 397, 398, 409, 410, 411, 412, 413, 427, 428, 429, 442, 443, 444, 445, 446, 447, 448, 449, 507]	259_579_5j9u.1.A_5cd903d33b85d1d679c8a48e.pdb
P34218	P34218+P53899_interface@_group25	[191, 193, 201, 210, 215, 216, 278, 281, 283, 287, 313, 324, 326, 331, 336, 338, 348, 384, 410, 412, 428, 443, 444, 447, 448]	25	[276, 277, 278, 279, 280, 281, 282, 283, 284, 286, 287, 288, 304, 312, 313, 314, 316, 323, 324, 325, 326, 327, 330, 331, 332, 335, 336, 337, 338, 339, 347, 348, 349, 383, 384, 385, 397, 398, 409, 410, 411, 412, 413, 427, 428, 429, 442, 443, 444, 445, 446, 447, 448, 449, 507]	259_579_5j9u.1.A_5cd903d33b85d1d679c8a48e.pdb
P34218	P34218+P54860_interface@_group26	[191, 193, 201, 210, 215, 216, 278, 281, 283, 287, 313, 324, 326, 331, 336, 338, 348, 384, 410, 412, 428, 443, 444, 447, 448]	25	[276, 277, 278, 279, 280, 281, 282, 283, 284, 286, 287, 288, 304, 312, 313, 314, 316, 323, 324, 325, 326, 327, 330, 331, 332, 335, 336, 337, 338, 339, 347, 348, 349, 383, 384, 385, 397, 398, 409, 410, 411, 412, 413, 427, 428, 429, 442, 443, 444, 445, 446, 447, 448, 449, 507]	259_579_5j9u.1.A_5cd903d33b85d1d679c8a48e.pdb
P34218	P34218+Q03770_interface@_group27	[191, 193, 201, 210, 215, 216, 278, 281, 283, 287, 313, 324, 326, 331, 336, 338, 348, 384, 410, 412, 428, 443, 444, 447, 448]	25	[276, 277, 278, 279, 280, 281, 282, 283, 284, 286, 287, 288, 304, 312, 313, 314, 316, 323, 324, 325, 326, 327, 330, 331, 332, 335, 336, 337, 338, 339, 347, 348, 349, 383, 384, 385, 397, 398, 409, 410, 411, 412, 413, 427, 428, 429, 442, 443, 444, 445, 446, 447, 448, 449, 507]	259_579_5j9u.1.A_5cd903d33b85d1d679c8a48e.pdb
P34218	P34218+Q04338_interface@_group28	[191, 193, 201, 210, 215, 216, 278, 281, 283, 287, 313, 324, 326, 331, 336, 338, 348, 384, 410, 412, 428, 443, 444, 447, 448]	25	[276, 277, 278, 279, 280, 281, 282, 283, 284, 286, 287, 288, 304, 312, 313, 314, 316, 323, 324, 325, 326, 327, 330, 331, 332, 335, 336, 337, 338, 339, 347, 348, 349, 383, 384, 385, 397, 398, 409, 410, 411, 412, 413, 427, 428, 429, 442, 443, 444, 445, 446, 447, 448, 449, 507]	259_579_5j9u.1.A_5cd903d33b85d1d679c8a48e.pdb
P34218	P34218+Q06216_interface@_group29	[191, 193, 201, 210, 215, 216, 278, 281, 283, 287, 313, 324, 326, 331, 336, 338, 348, 384, 410, 412, 428, 443, 444, 447, 448]	25	[276, 277, 278, 279, 280, 281, 282, 283, 284, 286, 287, 288, 304, 312, 313, 314, 316, 323, 324, 325, 326, 327, 330, 331, 332, 335, 336, 337, 338, 339, 347, 348, 349, 383, 384, 385, 397, 398, 409, 410, 411, 412, 413, 427, 428, 429, 442, 443, 444, 445, 446, 447, 448, 449, 507]	259_579_5j9u.1.A_5cd903d33b85d1d679c8a48e.pdb
P34218	P34218+Q08096_interface@_group30	[191, 193, 201, 210, 215, 216, 278, 281, 283, 287, 313, 324, 326, 331, 336, 338, 348, 384, 410, 412, 428, 443, 444, 447, 448]	25	[276, 277, 278, 279, 280, 281, 282, 283, 284, 286, 287, 288, 304, 312, 313, 314, 316, 323, 324, 325, 326, 327, 330, 331, 332, 335, 336, 337, 338, 339, 347, 348, 349, 383, 384, 385, 397, 398, 409, 410, 411, 412, 413, 427, 428, 429, 442, 443, 444, 445, 446, 447, 448, 449, 507]	259_579_5j9u.1.A_5cd903d33b85d1d679c8a48e.pdb
P34218	P34218+Q08202_interface@_group31	[191, 193, 201, 210, 215, 216, 278, 281, 283, 287, 313, 324, 326, 331, 336, 338, 348, 384, 410, 412, 428, 443, 444, 447, 448]	25	[276, 277, 278, 279, 280, 281, 282, 283, 284, 286, 287, 288, 304, 312, 313, 314, 316, 323, 324, 325, 326, 327, 330, 331, 332, 335, 336, 337, 338, 339, 347, 348, 349, 383, 384, 385, 397, 398, 409, 410, 411, 412, 413, 427, 428, 429, 442, 443, 444, 445, 446, 447, 448, 449, 507]	259_579_5j9u.1.A_5cd903d33b85d1d679c8a48e.pdb
P34218	P34218+Q08206_interface@_group32	[191, 193, 201, 210, 215, 216, 278, 281, 283, 287, 313, 324, 326, 331, 336, 338, 348, 384, 410, 412, 428, 443, 444, 447, 448]	25	[276, 277, 278, 279, 280, 281, 282, 283, 284, 286, 287, 288, 304, 312, 313, 314, 316, 323, 324, 325, 326, 327, 330, 331, 332, 335, 336, 337, 338, 339, 347, 348, 349, 383, 384, 385, 397, 398, 409, 410, 411, 412, 413, 427, 428, 429, 442, 443, 444, 445, 446, 447, 448, 449, 507]	259_579_5j9u.1.A_5cd903d33b85d1d679c8a48e.pdb
P34218	P34218+Q08278_interface@_group33	[191, 193, 201, 210, 215, 216, 278, 281, 283, 287, 313, 324, 326, 331, 336, 338, 348, 384, 410, 412, 428, 443, 444, 447, 448]	25	[276, 277, 278, 279, 280, 281, 282, 283, 284, 286, 287, 288, 304, 312, 313, 314, 316, 323, 324, 325, 326, 327, 330, 331, 332, 335, 336, 337, 338, 339, 347, 348, 349, 383, 384, 385, 397, 398, 409, 410, 411, 412, 413, 427, 428, 429, 442, 443, 444, 445, 446, 447, 448, 449, 507]	259_579_5j9u.1.A_5cd903d33b85d1d679c8a48e.pdb
P34218	P34218+Q08650_interface@_group34	[191, 193, 201, 210, 215, 216, 278, 281, 283, 287, 313, 324, 326, 331, 336, 338, 348, 384, 410, 412, 428, 443, 444, 447, 448]	25	[276, 277, 278, 279, 280, 281, 282, 283, 284, 286, 287, 288, 304, 312, 313, 314, 316, 323, 324, 325, 326, 327, 330, 331, 332, 335, 336, 337, 338, 339, 347, 348, 349, 383, 384, 385, 397, 398, 409, 410, 411, 412, 413, 427, 428, 429, 442, 443, 444, 445, 446, 447, 448, 449, 507]	259_579_5j9u.1.A_5cd903d33b85d1d679c8a48e.pdb
P34218	P34218+Q08931_interface@_group35	[191, 193, 201, 210, 215, 216, 278, 281, 283, 287, 313, 324, 326, 331, 336, 338, 348, 384, 410, 412, 428, 443, 444, 447, 448]	25	[276, 277, 278, 279, 280, 281, 282, 283, 284, 286, 287, 288, 304, 312, 313, 314, 316, 323, 324, 325, 326, 327, 330, 331, 332, 335, 336, 337, 338, 339, 347, 348, 349, 383, 384, 385, 397, 398, 409, 410, 411, 412, 413, 427, 428, 429, 442, 443, 444, 445, 446, 447, 448, 449, 507]	259_579_5j9u.1.A_5cd903d33b85d1d679c8a48e.pdb
P34218	P34218+Q12241_interface@_group36	[191, 193, 201, 210, 215, 216, 278, 281, 283, 287, 313, 324, 326, 331, 336, 338, 348, 384, 410, 412, 428, 443, 444, 447, 448]	25	[276, 277, 278, 279, 280, 281, 282, 283, 284, 286, 287, 288, 304, 312, 313, 314, 316, 323, 324, 325, 326, 327, 330, 331, 332, 335, 336, 337, 338, 339, 347, 348, 349, 383, 384, 385, 397, 398, 409, 410, 411, 412, 413, 427, 428, 429, 442, 443, 444, 445, 446, 447, 448, 449, 507]	259_579_5j9u.1.A_5cd903d33b85d1d679c8a48e.pdb
P34218	P34218+Q12255_interface@_group37	[191, 193, 201, 210, 215, 216, 278, 281, 283, 287, 313, 324, 326, 331, 336, 338, 348, 384, 410, 412, 428, 443, 444, 447, 448]	25	[276, 277, 278, 279, 280, 281, 282, 283, 284, 286, 287, 288, 304, 312, 313, 314, 316, 323, 324, 325, 326, 327, 330, 331, 332, 335, 336, 337, 338, 339, 347, 348, 349, 383, 384, 385, 397, 398, 409, 410, 411, 412, 413, 427, 428, 429, 442, 443, 444, 445, 446, 447, 448, 449, 507]	259_579_5j9u.1.A_5cd903d33b85d1d679c8a48e.pdb
P34218	P34218+Q12287_interface@_group38	[191, 193, 201, 210, 215, 216, 278, 281, 283, 287, 313, 324, 326, 331, 336, 338, 348, 384, 410, 412, 428, 443, 444, 447, 448]	25	[276, 277, 278, 279, 280, 281, 282, 283, 284, 286, 287, 288, 304, 312, 313, 314, 316, 323, 324, 325, 326, 327, 330, 331, 332, 335, 336, 337, 338, 339, 347, 348, 349, 383, 384, 385, 397, 398, 409, 410, 411, 412, 413, 427, 428, 429, 442, 443, 444, 445, 446, 447, 448, 449, 507]	259_579_5j9u.1.A_5cd903d33b85d1d679c8a48e.pdb
P34218	P34218+Q12309_interface@_group39	[191, 193, 201, 210, 215, 216, 278, 281, 283, 287, 313, 324, 326, 331, 336, 338, 348, 384, 410, 412, 428, 443, 444, 447, 448]	25	[276, 277, 278, 279, 280, 281, 282, 283, 284, 286, 287, 288, 304, 312, 313, 314, 316, 323, 324, 325, 326, 327, 330, 331, 332, 335, 336, 337, 338, 339, 347, 348, 349, 383, 384, 385, 397, 398, 409, 410, 411, 412, 413, 427, 428, 429, 442, 443, 444, 445, 446, 447, 448, 449, 507]	259_579_5j9u.1.A_5cd903d33b85d1d679c8a48e.pdb
P34218	P34218+Q12436_interface@_group40	[191, 193, 201, 210, 215, 216, 278, 281, 283, 287, 313, 324, 326, 331, 336, 338, 348, 384, 410, 412, 428, 443, 444, 447, 448]	25	[276, 277, 278, 279, 280, 281, 282, 283, 284, 286, 287, 288, 304, 312, 313, 314, 316, 323, 324, 325, 326, 327, 330, 331, 332, 335, 336, 337, 338, 339, 347, 348, 349, 383, 384, 385, 397, 398, 409, 410, 411, 412, 413, 427, 428, 429, 442, 443, 444, 445, 446, 447, 448, 449, 507]	259_579_5j9u.1.A_5cd903d33b85d1d679c8a48e.pdb
P34218	P34218+Q12515_interface@_group41	[191, 193, 201, 210, 215, 216, 278, 281, 283, 287, 313, 324, 326, 331, 336, 338, 348, 384, 410, 412, 428, 443, 444, 447, 448]	25	[276, 277, 278, 279, 280, 281, 282, 283, 284, 286, 287, 288, 304, 312, 313, 314, 316, 323, 324, 325, 326, 327, 330, 331, 332, 335, 336, 337, 338, 339, 347, 348, 349, 383, 384, 385, 397, 398, 409, 410, 411, 412, 413, 427, 428, 429, 442, 443, 444, 445, 446, 447, 448, 449, 507]	259_579_5j9u.1.A_5cd903d33b85d1d679c8a48e.pdb
P34218	P34218+Q12516_interface@_group42	[191, 193, 201, 210, 215, 216, 278, 281, 283, 287, 313, 324, 326, 331, 336, 338, 348, 384, 410, 412, 428, 443, 444, 447, 448]	25	[276, 277, 278, 279, 280, 281, 282, 283, 284, 286, 287, 288, 304, 312, 313, 314, 316, 323, 324, 325, 326, 327, 330, 331, 332, 335, 336, 337, 338, 339, 347, 348, 349, 383, 384, 385, 397, 398, 409, 410, 411, 412, 413, 427, 428, 429, 442, 443, 444, 445, 446, 447, 448, 449, 507]	259_579_5j9u.1.A_5cd903d33b85d1d679c8a48e.pdb
P34218	P17558+P34218_interface@_group43	[191, 193, 201, 210, 215, 216, 278, 281, 283, 287, 313, 324, 326, 331, 336, 338, 348, 384, 410, 412, 428, 443, 444, 447, 448]	25	[276, 277, 278, 279, 280, 281, 282, 283, 284, 286, 287, 288, 304, 312, 313, 314, 316, 323, 324, 325, 326, 327, 330, 331, 332, 335, 336, 337, 338, 339, 347, 348, 349, 383, 384, 385, 397, 398, 409, 410, 411, 412, 413, 427, 428, 429, 442, 443, 444, 445, 446, 447, 448, 449, 507]	259_579_5j9u.1.A_5cd903d33b85d1d679c8a48e.pdb
P34218	P18239+P34218_interface@_group44	[191, 193, 201, 210, 215, 216, 278, 281, 283, 287, 313, 324, 326, 331, 336, 338, 348, 384, 410, 412, 428, 443, 444, 447, 448]	25	[276, 277, 278, 279, 280, 281, 282, 283, 284, 286, 287, 288, 304, 312, 313, 314, 316, 323, 324, 325, 326, 327, 330, 331, 332, 335, 336, 337, 338, 339, 347, 348, 349, 383, 384, 385, 397, 398, 409, 410, 411, 412, 413, 427, 428, 429, 442, 443, 444, 445, 446, 447, 448, 449, 507]	259_579_5j9u.1.A_5cd903d33b85d1d679c8a48e.pdb
P34218	P20676+P34218_interface@_group45	[191, 193, 201, 210, 215, 216, 278, 281, 283, 287, 313, 324, 326, 331, 336, 338, 348, 384, 410, 412, 428, 443, 444, 447, 448]	25	[276, 277, 278, 279, 280, 281, 282, 283, 284, 286, 287, 288, 304, 312, 313, 314, 316, 323, 324, 325, 326, 327, 330, 331, 332, 335, 336, 337, 338, 339, 347, 348, 349, 383, 384, 385, 397, 398, 409, 410, 411, 412, 413, 427, 428, 429, 442, 443, 444, 445, 446, 447, 448, 449, 507]	259_579_5j9u.1.A_5cd903d33b85d1d679c8a48e.pdb
P34218	P22215+P34218_interface@_group46	[191, 193, 201, 210, 215, 216, 278, 281, 283, 287, 313, 324, 326, 331, 336, 338, 348, 384, 410, 412, 428, 443, 444, 447, 448]	25	[276, 277, 278, 279, 280, 281, 282, 283, 284, 286, 287, 288, 304, 312, 313, 314, 316, 323, 324, 325, 326, 327, 330, 331, 332, 335, 336, 337, 338, 339, 347, 348, 349, 383, 384, 385, 397, 398, 409, 410, 411, 412, 413, 427, 428, 429, 442, 443, 444, 445, 446, 447, 448, 449, 507]	259_579_5j9u.1.A_5cd903d33b85d1d679c8a48e.pdb
P34218	P25649+P34218_interface@_group47	[191, 193, 201, 210, 215, 216, 278, 281, 283, 287, 313, 324, 326, 331, 336, 338, 348, 384, 410, 412, 428, 443, 444, 447, 448]	25	[276, 277, 278, 279, 280, 281, 282, 283, 284, 286, 287, 288, 304, 312, 313, 314, 316, 323, 324, 325, 326, 327, 330, 331, 332, 335, 336, 337, 338, 339, 347, 348, 349, 383, 384, 385, 397, 398, 409, 410, 411, 412, 413, 427, 428, 429, 442, 443, 444, 445, 446, 447, 448, 449, 507]	259_579_5j9u.1.A_5cd903d33b85d1d679c8a48e.pdb
P34218	P25694+P34218_interface@_group48	[191, 193, 201, 210, 215, 216, 278, 281, 283, 287, 313, 324, 326, 331, 336, 338, 348, 384, 410, 412, 428, 443, 444, 447, 448]	25	[276, 277, 278, 279, 280, 281, 282, 283, 284, 286, 287, 288, 304, 312, 313, 314, 316, 323, 324, 325, 326, 327, 330, 331, 332, 335, 336, 337, 338, 339, 347, 348, 349, 383, 384, 385, 397, 398, 409, 410, 411, 412, 413, 427, 428, 429, 442, 443, 444, 445, 446, 447, 448, 449, 507]	259_579_5j9u.1.A_5cd903d33b85d1d679c8a48e.pdb
P34218	P32502+P34218_interface@_group49	[191, 193, 201, 210, 215, 216, 278, 281, 283, 287, 313, 324, 326, 331, 336, 338, 348, 384, 410, 412, 428, 443, 444, 447, 448]	25	[276, 277, 278, 279, 280, 281, 282, 283, 284, 286, 287, 288, 304, 312, 313, 314, 316, 323, 324, 325, 326, 327, 330, 331, 332, 335, 336, 337, 338, 339, 347, 348, 349, 383, 384, 385, 397, 398, 409, 410, 411, 412, 413, 427, 428, 429, 442, 443, 444, 445, 446, 447, 448, 449, 507]	259_579_5j9u.1.A_5cd903d33b85d1d679c8a48e.pdb
P34218	P32529+P34218_interface@_group50	[191, 193, 201, 210, 215, 216, 278, 281, 283, 287, 313, 324, 326, 331, 336, 338, 348, 384, 410, 412, 428, 443, 444, 447, 448]	25	[276, 277, 278, 279, 280, 281, 282, 283, 284, 286, 287, 288, 304, 312, 313, 314, 316, 323, 324, 325, 326, 327, 330, 331, 332, 335, 336, 337, 338, 339, 347, 348, 349, 383, 384, 385, 397, 398, 409, 410, 411, 412, 413, 427, 428, 429, 442, 443, 444, 445, 446, 447, 448, 449, 507]	259_579_5j9u.1.A_5cd903d33b85d1d679c8a48e.pdb
P34218	P32572+P34218_interface@_group51	[191, 193, 201, 210, 215, 216, 278, 281, 283, 287, 313, 324, 326, 331, 336, 338, 348, 384, 410, 412, 428, 443, 444, 447, 448]	25	[276, 277, 278, 279, 280, 281, 282, 283, 284, 286, 287, 288, 304, 312, 313, 314, 316, 323, 324, 325, 326, 327, 330, 331, 332, 335, 336, 337, 338, 339, 347, 348, 349, 383, 384, 385, 397, 398, 409, 410, 411, 412, 413, 427, 428, 429, 442, 443, 444, 445, 446, 447, 448, 449, 507]	259_579_5j9u.1.A_5cd903d33b85d1d679c8a48e.pdb
P34218	P32854+P34218_interface@_group52	[191, 193, 201, 210, 215, 216, 278, 281, 283, 287, 313, 324, 326, 331, 336, 338, 348, 384, 410, 412, 428, 443, 444, 447, 448]	25	[276, 277, 278, 279, 280, 281, 282, 283, 284, 286, 287, 288, 304, 312, 313, 314, 316, 323, 324, 325, 326, 327, 330, 331, 332, 335, 336, 337, 338, 339, 347, 348, 349, 383, 384, 385, 397, 398, 409, 410, 411, 412, 413, 427, 428, 429, 442, 443, 444, 445, 446, 447, 448, 449, 507]	259_579_5j9u.1.A_5cd903d33b85d1d679c8a48e.pdb
