P32521	Modified residue@_group0	[241]	1	[928, 929, 930, 931, 960, 964, 965, 966, 967, 968, 969, 1014, 1015, 1016, 1023, 1024, 1025, 1026, 1032, 1033, 1034]	264_353_3fia.1.A_5cdb70ba8fd6f9923857e0bd.pdb
P32521	Modified residue@_group1	[570]	1	[928, 929, 930, 931, 960, 964, 965, 966, 967, 968, 969, 1014, 1015, 1016, 1023, 1024, 1025, 1026, 1032, 1033, 1034]	264_353_3fia.1.A_5cdb70ba8fd6f9923857e0bd.pdb
P32521	Modified residue@_group2	[747]	1	[928, 929, 930, 931, 960, 964, 965, 966, 967, 968, 969, 1014, 1015, 1016, 1023, 1024, 1025, 1026, 1032, 1033, 1034]	264_353_3fia.1.A_5cdb70ba8fd6f9923857e0bd.pdb
P32521	Modified residue@_group3	[757]	1	[928, 929, 930, 931, 960, 964, 965, 966, 967, 968, 969, 1014, 1015, 1016, 1023, 1024, 1025, 1026, 1032, 1033, 1034]	264_353_3fia.1.A_5cdb70ba8fd6f9923857e0bd.pdb
P32521	Modified residue@_group4	[993]	1	[928, 929, 930, 931, 960, 964, 965, 966, 967, 968, 969, 1014, 1015, 1016, 1023, 1024, 1025, 1026, 1032, 1033, 1034]	264_353_3fia.1.A_5cdb70ba8fd6f9923857e0bd.pdb
P32521	Modified residue@_group5	[995]	1	[928, 929, 930, 931, 960, 964, 965, 966, 967, 968, 969, 1014, 1015, 1016, 1023, 1024, 1025, 1026, 1032, 1033, 1034]	264_353_3fia.1.A_5cdb70ba8fd6f9923857e0bd.pdb
P32521	Modified residue@_group6	[1003]	1	[928, 929, 930, 931, 960, 964, 965, 966, 967, 968, 969, 1014, 1015, 1016, 1023, 1024, 1025, 1026, 1032, 1033, 1034]	264_353_3fia.1.A_5cdb70ba8fd6f9923857e0bd.pdb
P32521	Modified residue@_group7	[1180]	1	[928, 929, 930, 931, 960, 964, 965, 966, 967, 968, 969, 1014, 1015, 1016, 1023, 1024, 1025, 1026, 1032, 1033, 1034]	264_353_3fia.1.A_5cdb70ba8fd6f9923857e0bd.pdb
P32521	Modified residue@_group8	[1250]	1	[928, 929, 930, 931, 960, 964, 965, 966, 967, 968, 969, 1014, 1015, 1016, 1023, 1024, 1025, 1026, 1032, 1033, 1034]	264_353_3fia.1.A_5cdb70ba8fd6f9923857e0bd.pdb
P32521	Modified residue@_group9	[1253]	1	[928, 929, 930, 931, 960, 964, 965, 966, 967, 968, 969, 1014, 1015, 1016, 1023, 1024, 1025, 1026, 1032, 1033, 1034]	264_353_3fia.1.A_5cdb70ba8fd6f9923857e0bd.pdb
P32521	Modified residue@_group10	[1281]	1	[928, 929, 930, 931, 960, 964, 965, 966, 967, 968, 969, 1014, 1015, 1016, 1023, 1024, 1025, 1026, 1032, 1033, 1034]	264_353_3fia.1.A_5cdb70ba8fd6f9923857e0bd.pdb
P32521	Modified residue@_group11	[1321]	1	[928, 929, 930, 931, 960, 964, 965, 966, 967, 968, 969, 1014, 1015, 1016, 1023, 1024, 1025, 1026, 1032, 1033, 1034]	264_353_3fia.1.A_5cdb70ba8fd6f9923857e0bd.pdb
P32521	Coiled coil@_group12	[1131, 1132, 1133, 1134, 1135, 1136, 1137, 1138, 1139, 1140, 1141, 1142, 1143, 1144, 1145, 1146, 1147, 1148, 1149, 1150, 1151, 1152, 1153, 1154, 1155, 1156, 1157, 1158, 1159, 1160, 1161, 1162, 1163, 1164, 1165, 1166, 1167, 1168, 1169, 1170, 1171, 1172, 1173, 1174, 1175, 1176, 1177, 1178, 1179, 1180, 1181, 1182, 1183, 1184, 1185, 1186, 1187, 1188, 1189, 1190]	60	[928, 929, 930, 931, 960, 964, 965, 966, 967, 968, 969, 1014, 1015, 1016, 1023, 1024, 1025, 1026, 1032, 1033, 1034]	264_353_3fia.1.A_5cdb70ba8fd6f9923857e0bd.pdb
P32521	Compositional bias@_group13	[13, 14, 15, 16, 17, 18, 19, 20, 21, 22]	10	[928, 929, 930, 931, 960, 964, 965, 966, 967, 968, 969, 1014, 1015, 1016, 1023, 1024, 1025, 1026, 1032, 1033, 1034]	264_353_3fia.1.A_5cdb70ba8fd6f9923857e0bd.pdb
P32521	Compositional bias@_group14	[29, 30, 31, 32, 33, 34]	6	[928, 929, 930, 931, 960, 964, 965, 966, 967, 968, 969, 1014, 1015, 1016, 1023, 1024, 1025, 1026, 1032, 1033, 1034]	264_353_3fia.1.A_5cdb70ba8fd6f9923857e0bd.pdb
P32521	Compositional bias@_group15	[98, 99, 100, 101, 102, 103, 104, 105, 106]	9	[928, 929, 930, 931, 960, 964, 965, 966, 967, 968, 969, 1014, 1015, 1016, 1023, 1024, 1025, 1026, 1032, 1033, 1034]	264_353_3fia.1.A_5cdb70ba8fd6f9923857e0bd.pdb
P32521	Compositional bias@_group16	[1400, 1401, 1402, 1403, 1404, 1405, 1406]	7	[928, 929, 930, 931, 960, 964, 965, 966, 967, 968, 969, 1014, 1015, 1016, 1023, 1024, 1025, 1026, 1032, 1033, 1034]	264_353_3fia.1.A_5cdb70ba8fd6f9923857e0bd.pdb
P32521	Compositional bias@_group17	[1452, 1453, 1454, 1455]	4	[928, 929, 930, 931, 960, 964, 965, 966, 967, 968, 969, 1014, 1015, 1016, 1023, 1024, 1025, 1026, 1032, 1033, 1034]	264_353_3fia.1.A_5cdb70ba8fd6f9923857e0bd.pdb
P32521	Compositional bias@_group18	[1474, 1475, 1476, 1477, 1478, 1479, 1480]	7	[928, 929, 930, 931, 960, 964, 965, 966, 967, 968, 969, 1014, 1015, 1016, 1023, 1024, 1025, 1026, 1032, 1033, 1034]	264_353_3fia.1.A_5cdb70ba8fd6f9923857e0bd.pdb
P32521	Domain [FT]@_group19	[270, 271, 272, 273, 274, 275, 276, 277, 278, 279, 280, 281, 282, 283, 284, 285, 286, 287, 288, 289, 290, 291, 292, 293, 294, 295, 296, 297, 298, 299, 300, 301, 302, 303, 304, 305, 306, 307, 308, 309, 310, 311, 312, 313, 314, 315, 316, 317, 318, 319, 320, 321, 322, 323, 324, 325, 326, 327, 328, 329, 330, 331, 332, 333, 334, 335, 336, 337, 338, 339, 340, 341, 342, 343, 344, 345, 346, 347, 348, 349, 350, 351, 352, 353, 354, 355, 356, 357, 358, 359]	90	[269, 270, 271, 272, 273, 274, 275, 276, 277, 278, 279, 280, 281, 282, 283, 284, 285, 286, 287, 288, 289, 290, 291, 292, 293, 294, 295, 296, 297, 298, 299, 300, 301, 302, 303, 304, 305, 306, 307, 308, 309, 310, 311, 312, 313, 314, 315, 316, 317, 318, 319, 320, 321, 322, 323, 324, 325, 326, 327, 328, 329, 330, 331, 332, 333, 334, 335, 336, 337, 338, 339, 340, 341, 342, 343, 344, 345, 346, 347, 348, 349, 350, 351, 352, 353]	264_353_3fia.1.A_5cdb70ba8fd6f9923857e0bd.pdb
P32521	Domain [FT]@_group20	[600, 601, 602, 603, 604, 605, 606, 607, 608, 609, 610, 611, 612, 613, 614, 615, 616, 617, 618, 619, 620, 621, 622, 623, 624, 625, 626, 627, 628, 629, 630, 631, 632, 633, 634, 635, 636, 637, 638, 639, 640, 641, 642, 643, 644, 645, 646, 647, 648, 649, 650, 651, 652, 653, 654, 655, 656, 657, 658, 659, 660, 661, 662, 663, 664, 665, 666, 667, 668, 669, 670, 671, 672, 673, 674, 675, 676, 677, 678, 679, 680, 681, 682, 683, 684, 685, 686, 687, 688, 689]	90	[269, 270, 271, 272, 273, 274, 275, 276, 277, 278, 279, 280, 281, 282, 283, 284, 285, 286, 287, 288, 289, 290, 291, 292, 293, 294, 295, 296, 297, 298, 299, 300, 301, 302, 303, 304, 305, 306, 307, 308, 309, 310, 311, 312, 313, 314, 315, 316, 317, 318, 319, 320, 321, 322, 323, 324, 325, 326, 327, 328, 329, 330, 331, 332, 333, 334, 335, 336, 337, 338, 339, 340, 341, 342, 343, 344, 345, 346, 347, 348, 349, 350, 351, 352, 353]	264_353_3fia.1.A_5cdb70ba8fd6f9923857e0bd.pdb
P32521	Region@_group21	[142, 143, 144, 145, 146, 147, 148, 149, 150, 151, 152, 153, 154, 155, 156, 157, 158, 159, 160, 161, 162, 163, 164, 165, 166, 167, 168, 169, 170, 171, 172, 173, 174, 175, 176, 177, 178, 179, 180, 181, 182, 183, 184, 185, 186, 187, 188, 189, 190, 191, 192, 193, 194, 195, 196, 197, 198, 199, 200, 201, 202, 203, 204, 205, 206, 207, 208, 209, 210, 211, 212, 213, 214, 215, 216, 217, 218, 219, 220, 221, 222, 223, 224, 225, 226, 227, 228, 229, 230, 231, 232, 233, 234, 235, 236, 237, 238, 239, 240, 241, 242, 243, 244, 245, 246, 247, 248, 249, 250, 251, 252, 253, 254, 255, 256, 257, 258, 259, 260, 261, 262, 263, 264, 265, 266, 267, 268, 269, 270, 271, 272, 273, 274, 275, 276, 277, 278, 279, 280, 281, 282, 283, 284, 285, 286, 287, 288, 289, 290, 291, 292, 293, 294, 295, 296, 297, 298, 299, 300, 301, 302, 303, 304, 305, 306, 307, 308, 309, 310, 311, 312, 313, 314, 315, 316, 317, 318, 319, 320, 321, 322, 323, 324, 325, 326, 327, 328, 329, 330, 331, 332, 333, 334, 335, 336, 337, 338, 339, 340, 341, 342, 343, 344, 345, 346, 347, 348, 349, 350, 351, 352, 353, 354, 355, 356, 357, 358, 359, 360, 361, 362, 363, 364, 365, 366, 367, 368, 369, 370, 371, 372, 373, 374, 375, 376, 377, 378, 379, 380, 381, 382, 383, 384, 385, 386, 387, 388, 389, 390, 391, 392, 393, 394, 395, 396, 397, 398, 399, 400, 401, 402, 403, 404, 405, 406, 407, 408, 409, 410, 411, 412, 413, 414, 415, 416, 417, 418, 419, 420, 421, 422, 423, 424, 425, 426, 427, 428, 429, 430, 431, 432, 433, 434, 435, 436, 437, 438, 439, 440, 441, 442, 443, 444, 445, 446, 447, 448, 449, 450, 451, 452, 453, 454, 455, 456, 457, 458, 459, 460, 461, 462, 463, 464, 465, 466, 467, 468, 469, 470, 471, 472, 473, 474, 475, 476, 477, 478, 479, 480, 481, 482, 483, 484, 485, 486, 487, 488, 489, 490, 491, 492, 493, 494, 495, 496, 497, 498, 499, 500, 501, 502, 503, 504, 505, 506, 507, 508, 509, 510, 511, 512, 513, 514, 515, 516, 517, 518, 519, 520, 521, 522, 523, 524, 525, 526, 527, 528, 529, 530, 531, 532, 533, 534, 535, 536, 537, 538, 539, 540, 541, 542, 543, 544, 545, 546, 547, 548, 549, 550, 551, 552, 553, 554, 555, 556, 557, 558, 559, 560, 561, 562, 563, 564, 565, 566, 567, 568, 569, 570, 571, 572, 573, 574, 575]	434	[264, 265, 266, 267, 268, 269, 270, 271, 272, 273, 274, 275, 276, 277, 278, 279, 280, 281, 282, 283, 284, 285, 286, 287, 288, 289, 290, 291, 292, 293, 294, 295, 296, 297, 298, 299, 300, 301, 302, 303, 304, 305, 306, 307, 308, 309, 310, 311, 312, 313, 314, 315, 316, 317, 318, 319, 320, 321, 322, 323, 324, 325, 326, 327, 328, 329, 330, 331, 332, 333, 334, 335, 336, 337, 338, 339, 340, 341, 342, 343, 344, 345, 346, 347, 348, 349, 350, 351, 352, 353]	264_353_3fia.1.A_5cdb70ba8fd6f9923857e0bd.pdb
P32521	Region@_group22	[328, 329, 330, 331, 332, 333, 334, 335, 336, 337, 338, 339, 340, 341, 342, 343, 344, 345, 346, 347, 348, 349, 350, 351, 352, 353, 354, 355, 356, 357, 358, 359, 360, 361, 362, 363, 364, 365, 366, 367, 368, 369, 370, 371, 372, 373, 374, 375, 376, 377, 378, 379, 380, 381, 382, 383, 384, 385, 386, 387, 388, 389, 390, 391, 392, 393, 394, 395, 396, 397, 398, 399, 400, 401, 402, 403, 404, 405, 406, 407, 408, 409, 410, 411, 412, 413, 414, 415, 416, 417, 418, 419, 420, 421, 422, 423, 424, 425, 426, 427, 428, 429, 430, 431, 432, 433, 434, 435, 436, 437, 438, 439, 440, 441, 442, 443, 444, 445, 446, 447, 448, 449, 450, 451, 452, 453, 454, 455, 456, 457, 458, 459, 460, 461, 462, 463, 464, 465, 466, 467, 468, 469, 470, 471, 472, 473, 474, 475, 476, 477, 478, 479, 480, 481, 482, 483, 484, 485, 486, 487, 488, 489, 490, 491, 492, 493, 494, 495, 496, 497, 498, 499, 500, 501, 502, 503, 504, 505, 506, 507, 508, 509, 510, 511, 512, 513, 514, 515, 516, 517, 518, 519, 520, 521, 522, 523, 524, 525, 526, 527, 528, 529, 530, 531, 532, 533, 534, 535, 536, 537, 538, 539, 540, 541, 542, 543, 544, 545, 546, 547, 548, 549, 550, 551, 552, 553, 554, 555, 556, 557, 558, 559, 560, 561, 562, 563, 564, 565, 566, 567, 568, 569, 570, 571, 572, 573, 574, 575, 576, 577, 578, 579, 580, 581, 582, 583, 584, 585, 586, 587, 588, 589, 590, 591, 592, 593, 594, 595, 596, 597, 598, 599, 600, 601, 602, 603, 604, 605, 606, 607, 608, 609, 610, 611, 612, 613, 614, 615, 616, 617, 618, 619, 620, 621, 622, 623, 624, 625, 626, 627, 628, 629, 630, 631, 632, 633, 634, 635, 636, 637, 638, 639, 640, 641, 642, 643, 644, 645, 646, 647, 648, 649, 650, 651, 652, 653, 654, 655, 656, 657, 658, 659, 660, 661, 662, 663, 664, 665, 666, 667, 668, 669, 670, 671, 672, 673, 674, 675, 676, 677, 678, 679, 680]	353	[328, 329, 330, 331, 332, 333, 334, 335, 336, 337, 338, 339, 340, 341, 342, 343, 344, 345, 346, 347, 348, 349, 350, 351, 352, 353]	264_353_3fia.1.A_5cdb70ba8fd6f9923857e0bd.pdb
P32521	Region@_group23	[1084, 1085, 1086, 1087, 1088, 1089, 1090, 1091, 1092, 1093, 1094, 1095, 1096, 1097, 1098, 1099, 1100, 1101, 1102, 1103, 1104, 1105, 1106, 1107, 1108, 1109, 1110, 1111, 1112, 1113, 1114, 1115, 1116, 1117, 1118, 1119, 1120, 1121, 1122, 1123, 1124, 1125]	42	[328, 329, 330, 331, 332, 333, 334, 335, 336, 337, 338, 339, 340, 341, 342, 343, 344, 345, 346, 347, 348, 349, 350, 351, 352, 353]	264_353_3fia.1.A_5cdb70ba8fd6f9923857e0bd.pdb
P32521	Region@_group24	[1315, 1316, 1317, 1318, 1319, 1320, 1321, 1322, 1323, 1324, 1325, 1326, 1327, 1328, 1329, 1330, 1331, 1332, 1333, 1334, 1335, 1336, 1337, 1338, 1339, 1340, 1341, 1342, 1343, 1344, 1345, 1346, 1347, 1348, 1349, 1350, 1351, 1352, 1353, 1354, 1355, 1356, 1357, 1358, 1359, 1360, 1361, 1362, 1363, 1364, 1365, 1366, 1367, 1368, 1369, 1370, 1371, 1372, 1373, 1374, 1375, 1376, 1377]	63	[328, 329, 330, 331, 332, 333, 334, 335, 336, 337, 338, 339, 340, 341, 342, 343, 344, 345, 346, 347, 348, 349, 350, 351, 352, 353]	264_353_3fia.1.A_5cdb70ba8fd6f9923857e0bd.pdb
P32521	Repeat@_group25	[142, 143, 144, 145, 146, 147, 148, 149, 150, 151, 152, 153]	12	[328, 329, 330, 331, 332, 333, 334, 335, 336, 337, 338, 339, 340, 341, 342, 343, 344, 345, 346, 347, 348, 349, 350, 351, 352, 353]	264_353_3fia.1.A_5cdb70ba8fd6f9923857e0bd.pdb
P32521	Repeat@_group26	[164, 165, 166, 167, 168, 169, 170, 171, 172, 173, 174, 175]	12	[328, 329, 330, 331, 332, 333, 334, 335, 336, 337, 338, 339, 340, 341, 342, 343, 344, 345, 346, 347, 348, 349, 350, 351, 352, 353]	264_353_3fia.1.A_5cdb70ba8fd6f9923857e0bd.pdb
P32521	Repeat@_group27	[188, 189, 190, 191, 192, 193, 194, 195, 196, 197, 198, 199]	12	[328, 329, 330, 331, 332, 333, 334, 335, 336, 337, 338, 339, 340, 341, 342, 343, 344, 345, 346, 347, 348, 349, 350, 351, 352, 353]	264_353_3fia.1.A_5cdb70ba8fd6f9923857e0bd.pdb
P32521	Repeat@_group28	[215, 216, 217, 218, 219, 220, 221, 222, 223, 224, 225, 226]	12	[328, 329, 330, 331, 332, 333, 334, 335, 336, 337, 338, 339, 340, 341, 342, 343, 344, 345, 346, 347, 348, 349, 350, 351, 352, 353]	264_353_3fia.1.A_5cdb70ba8fd6f9923857e0bd.pdb
P32521	Repeat@_group29	[235, 236, 237, 238, 239, 240, 241, 242, 243, 244, 245, 246]	12	[328, 329, 330, 331, 332, 333, 334, 335, 336, 337, 338, 339, 340, 341, 342, 343, 344, 345, 346, 347, 348, 349, 350, 351, 352, 353]	264_353_3fia.1.A_5cdb70ba8fd6f9923857e0bd.pdb
P32521	Repeat@_group30	[328, 329, 330, 331, 332, 333, 334, 335, 336, 337, 338, 339, 340, 341, 342, 343, 344, 345, 346, 347, 348, 349, 350]	23	[327, 328, 329, 330, 331, 332, 333, 334, 335, 336, 337, 338, 339, 340, 341, 342, 343, 344, 345, 346, 347, 348, 349, 350, 351]	264_353_3fia.1.A_5cdb70ba8fd6f9923857e0bd.pdb
P32521	Repeat@_group31	[392, 393, 394, 395, 396, 397, 398, 399, 400, 401, 402, 403]	12	[327, 328, 329, 330, 331, 332, 333, 334, 335, 336, 337, 338, 339, 340, 341, 342, 343, 344, 345, 346, 347, 348, 349, 350, 351]	264_353_3fia.1.A_5cdb70ba8fd6f9923857e0bd.pdb
P32521	Repeat@_group32	[409, 410, 411, 412, 413, 414, 415, 416, 417, 418, 419, 420]	12	[327, 328, 329, 330, 331, 332, 333, 334, 335, 336, 337, 338, 339, 340, 341, 342, 343, 344, 345, 346, 347, 348, 349, 350, 351]	264_353_3fia.1.A_5cdb70ba8fd6f9923857e0bd.pdb
P32521	Repeat@_group33	[422, 423, 424, 425, 426, 427, 428, 429, 430, 431, 432, 433]	12	[327, 328, 329, 330, 331, 332, 333, 334, 335, 336, 337, 338, 339, 340, 341, 342, 343, 344, 345, 346, 347, 348, 349, 350, 351]	264_353_3fia.1.A_5cdb70ba8fd6f9923857e0bd.pdb
P32521	Repeat@_group34	[446, 447, 448, 449, 450, 451, 452, 453, 454, 455, 456, 457]	12	[327, 328, 329, 330, 331, 332, 333, 334, 335, 336, 337, 338, 339, 340, 341, 342, 343, 344, 345, 346, 347, 348, 349, 350, 351]	264_353_3fia.1.A_5cdb70ba8fd6f9923857e0bd.pdb
P32521	Repeat@_group35	[467, 468, 469, 470, 471, 472, 473, 474, 475, 476, 477, 478]	12	[327, 328, 329, 330, 331, 332, 333, 334, 335, 336, 337, 338, 339, 340, 341, 342, 343, 344, 345, 346, 347, 348, 349, 350, 351]	264_353_3fia.1.A_5cdb70ba8fd6f9923857e0bd.pdb
P32521	Repeat@_group36	[498, 499, 500, 501, 502, 503, 504, 505, 506, 507, 508, 509]	12	[327, 328, 329, 330, 331, 332, 333, 334, 335, 336, 337, 338, 339, 340, 341, 342, 343, 344, 345, 346, 347, 348, 349, 350, 351]	264_353_3fia.1.A_5cdb70ba8fd6f9923857e0bd.pdb
P32521	Repeat@_group37	[510, 511, 512, 513, 514, 515, 516, 517, 518]	9	[327, 328, 329, 330, 331, 332, 333, 334, 335, 336, 337, 338, 339, 340, 341, 342, 343, 344, 345, 346, 347, 348, 349, 350, 351]	264_353_3fia.1.A_5cdb70ba8fd6f9923857e0bd.pdb
P32521	Repeat@_group38	[538, 539, 540, 541, 542, 543, 544, 545, 546, 547, 548]	11	[327, 328, 329, 330, 331, 332, 333, 334, 335, 336, 337, 338, 339, 340, 341, 342, 343, 344, 345, 346, 347, 348, 349, 350, 351]	264_353_3fia.1.A_5cdb70ba8fd6f9923857e0bd.pdb
P32521	Repeat@_group39	[549, 550, 551, 552, 553, 554, 555, 556]	8	[327, 328, 329, 330, 331, 332, 333, 334, 335, 336, 337, 338, 339, 340, 341, 342, 343, 344, 345, 346, 347, 348, 349, 350, 351]	264_353_3fia.1.A_5cdb70ba8fd6f9923857e0bd.pdb
P32521	Repeat@_group40	[564, 565, 566, 567, 568, 569, 570, 571, 572, 573, 574, 575]	12	[327, 328, 329, 330, 331, 332, 333, 334, 335, 336, 337, 338, 339, 340, 341, 342, 343, 344, 345, 346, 347, 348, 349, 350, 351]	264_353_3fia.1.A_5cdb70ba8fd6f9923857e0bd.pdb
P32521	Repeat@_group41	[658, 659, 660, 661, 662, 663, 664, 665, 666, 667, 668, 669, 670, 671, 672, 673, 674, 675, 676, 677, 678, 679, 680]	23	[327, 328, 329, 330, 331, 332, 333, 334, 335, 336, 337, 338, 339, 340, 341, 342, 343, 344, 345, 346, 347, 348, 349, 350, 351]	264_353_3fia.1.A_5cdb70ba8fd6f9923857e0bd.pdb
P32521	Repeat@_group42	[1084, 1085, 1086, 1087, 1088, 1089]	6	[327, 328, 329, 330, 331, 332, 333, 334, 335, 336, 337, 338, 339, 340, 341, 342, 343, 344, 345, 346, 347, 348, 349, 350, 351]	264_353_3fia.1.A_5cdb70ba8fd6f9923857e0bd.pdb
P32521	Repeat@_group43	[1090, 1091, 1092, 1093, 1094, 1095]	6	[327, 328, 329, 330, 331, 332, 333, 334, 335, 336, 337, 338, 339, 340, 341, 342, 343, 344, 345, 346, 347, 348, 349, 350, 351]	264_353_3fia.1.A_5cdb70ba8fd6f9923857e0bd.pdb
P32521	Repeat@_group44	[1096, 1097, 1098, 1099, 1100, 1101]	6	[327, 328, 329, 330, 331, 332, 333, 334, 335, 336, 337, 338, 339, 340, 341, 342, 343, 344, 345, 346, 347, 348, 349, 350, 351]	264_353_3fia.1.A_5cdb70ba8fd6f9923857e0bd.pdb
P32521	Repeat@_group45	[1102, 1103, 1104, 1105, 1106, 1107]	6	[327, 328, 329, 330, 331, 332, 333, 334, 335, 336, 337, 338, 339, 340, 341, 342, 343, 344, 345, 346, 347, 348, 349, 350, 351]	264_353_3fia.1.A_5cdb70ba8fd6f9923857e0bd.pdb
P32521	Repeat@_group46	[1108, 1109, 1110, 1111, 1112, 1113]	6	[327, 328, 329, 330, 331, 332, 333, 334, 335, 336, 337, 338, 339, 340, 341, 342, 343, 344, 345, 346, 347, 348, 349, 350, 351]	264_353_3fia.1.A_5cdb70ba8fd6f9923857e0bd.pdb
P32521	Repeat@_group47	[1114, 1115, 1116, 1117, 1118, 1119]	6	[327, 328, 329, 330, 331, 332, 333, 334, 335, 336, 337, 338, 339, 340, 341, 342, 343, 344, 345, 346, 347, 348, 349, 350, 351]	264_353_3fia.1.A_5cdb70ba8fd6f9923857e0bd.pdb
P32521	Repeat@_group48	[1120, 1121, 1122, 1123, 1124, 1125]	6	[327, 328, 329, 330, 331, 332, 333, 334, 335, 336, 337, 338, 339, 340, 341, 342, 343, 344, 345, 346, 347, 348, 349, 350, 351]	264_353_3fia.1.A_5cdb70ba8fd6f9923857e0bd.pdb
P32521	Repeat@_group49	[1315, 1316, 1317, 1318, 1319, 1320]	6	[327, 328, 329, 330, 331, 332, 333, 334, 335, 336, 337, 338, 339, 340, 341, 342, 343, 344, 345, 346, 347, 348, 349, 350, 351]	264_353_3fia.1.A_5cdb70ba8fd6f9923857e0bd.pdb
P32521	Repeat@_group50	[1321, 1322, 1323, 1324, 1325, 1326]	6	[327, 328, 329, 330, 331, 332, 333, 334, 335, 336, 337, 338, 339, 340, 341, 342, 343, 344, 345, 346, 347, 348, 349, 350, 351]	264_353_3fia.1.A_5cdb70ba8fd6f9923857e0bd.pdb
P32521	Repeat@_group51	[1327, 1328, 1329, 1330, 1331, 1332]	6	[327, 328, 329, 330, 331, 332, 333, 334, 335, 336, 337, 338, 339, 340, 341, 342, 343, 344, 345, 346, 347, 348, 349, 350, 351]	264_353_3fia.1.A_5cdb70ba8fd6f9923857e0bd.pdb
P32521	Repeat@_group52	[1340, 1341, 1342, 1343, 1344, 1345]	6	[327, 328, 329, 330, 331, 332, 333, 334, 335, 336, 337, 338, 339, 340, 341, 342, 343, 344, 345, 346, 347, 348, 349, 350, 351]	264_353_3fia.1.A_5cdb70ba8fd6f9923857e0bd.pdb
P32521	Repeat@_group53	[1346, 1347, 1348, 1349, 1350]	5	[327, 328, 329, 330, 331, 332, 333, 334, 335, 336, 337, 338, 339, 340, 341, 342, 343, 344, 345, 346, 347, 348, 349, 350, 351]	264_353_3fia.1.A_5cdb70ba8fd6f9923857e0bd.pdb
P32521	Repeat@_group54	[1355, 1356, 1357, 1358, 1359, 1360]	6	[327, 328, 329, 330, 331, 332, 333, 334, 335, 336, 337, 338, 339, 340, 341, 342, 343, 344, 345, 346, 347, 348, 349, 350, 351]	264_353_3fia.1.A_5cdb70ba8fd6f9923857e0bd.pdb
P32521	Repeat@_group55	[1361, 1362, 1363, 1364, 1365, 1366]	6	[327, 328, 329, 330, 331, 332, 333, 334, 335, 336, 337, 338, 339, 340, 341, 342, 343, 344, 345, 346, 347, 348, 349, 350, 351]	264_353_3fia.1.A_5cdb70ba8fd6f9923857e0bd.pdb
P32521	Repeat@_group56	[1372, 1373, 1374, 1375, 1376, 1377]	6	[327, 328, 329, 330, 331, 332, 333, 334, 335, 336, 337, 338, 339, 340, 341, 342, 343, 344, 345, 346, 347, 348, 349, 350, 351]	264_353_3fia.1.A_5cdb70ba8fd6f9923857e0bd.pdb
P32521	P32521+P32598_interface@_group57	[245, 269, 273, 279, 296, 300, 307, 310, 313, 322, 337, 346, 351, 545, 561, 593, 614, 629, 634, 635, 640, 648, 655, 670, 672, 712, 723, 724, 725, 873, 883, 929, 930, 965, 968, 1015, 1024, 1025, 1033, 1273]	40	[268, 269, 270, 272, 273, 274, 278, 279, 280, 290, 291, 295, 296, 297, 299, 300, 301, 306, 307, 308, 309, 310, 311, 312, 313, 314, 321, 322, 323, 336, 337, 338, 345, 346, 347, 350, 351, 352]	264_353_3fia.1.A_5cdb70ba8fd6f9923857e0bd.pdb
P32521	P32521+P38856_interface@_group58	[245, 269, 273, 279, 296, 300, 307, 310, 313, 322, 337, 346, 351, 545, 561, 593, 614, 629, 634, 635, 640, 648, 655, 670, 672, 712, 723, 724, 725, 873, 883, 929, 930, 965, 968, 1015, 1024, 1025, 1033, 1273]	40	[268, 269, 270, 272, 273, 274, 278, 279, 280, 290, 291, 295, 296, 297, 299, 300, 301, 306, 307, 308, 309, 310, 311, 312, 313, 314, 321, 322, 323, 336, 337, 338, 345, 346, 347, 350, 351, 352]	264_353_3fia.1.A_5cdb70ba8fd6f9923857e0bd.pdb
P32521	P32521+P39013_interface@_group59	[245, 269, 273, 279, 296, 300, 307, 310, 313, 322, 337, 346, 351, 545, 561, 593, 614, 629, 634, 635, 640, 648, 655, 670, 672, 712, 723, 724, 725, 873, 883, 929, 930, 965, 968, 1015, 1024, 1025, 1033, 1273]	40	[268, 269, 270, 272, 273, 274, 278, 279, 280, 290, 291, 295, 296, 297, 299, 300, 301, 306, 307, 308, 309, 310, 311, 312, 313, 314, 321, 322, 323, 336, 337, 338, 345, 346, 347, 350, 351, 352]	264_353_3fia.1.A_5cdb70ba8fd6f9923857e0bd.pdb
P32521	P32521+P39969_interface@_group60	[245, 269, 273, 279, 296, 300, 307, 310, 313, 322, 337, 346, 351, 545, 561, 593, 614, 629, 634, 635, 640, 648, 655, 670, 672, 712, 723, 724, 725, 873, 883, 929, 930, 965, 968, 1015, 1024, 1025, 1033, 1273]	40	[268, 269, 270, 272, 273, 274, 278, 279, 280, 290, 291, 295, 296, 297, 299, 300, 301, 306, 307, 308, 309, 310, 311, 312, 313, 314, 321, 322, 323, 336, 337, 338, 345, 346, 347, 350, 351, 352]	264_353_3fia.1.A_5cdb70ba8fd6f9923857e0bd.pdb
P32521	P32521+P40494_interface@_group61	[245, 269, 273, 279, 296, 300, 307, 310, 313, 322, 337, 346, 351, 545, 561, 593, 614, 629, 634, 635, 640, 648, 655, 670, 672, 712, 723, 724, 725, 873, 883, 929, 930, 965, 968, 1015, 1024, 1025, 1033, 1273]	40	[268, 269, 270, 272, 273, 274, 278, 279, 280, 290, 291, 295, 296, 297, 299, 300, 301, 306, 307, 308, 309, 310, 311, 312, 313, 314, 321, 322, 323, 336, 337, 338, 345, 346, 347, 350, 351, 352]	264_353_3fia.1.A_5cdb70ba8fd6f9923857e0bd.pdb
P32521	P32521+P40956_interface@_group62	[245, 269, 273, 279, 296, 300, 307, 310, 313, 322, 337, 346, 351, 545, 561, 593, 614, 629, 634, 635, 640, 648, 655, 670, 672, 712, 723, 724, 725, 873, 883, 929, 930, 965, 968, 1015, 1024, 1025, 1033, 1273]	40	[268, 269, 270, 272, 273, 274, 278, 279, 280, 290, 291, 295, 296, 297, 299, 300, 301, 306, 307, 308, 309, 310, 311, 312, 313, 314, 321, 322, 323, 336, 337, 338, 345, 346, 347, 350, 351, 352]	264_353_3fia.1.A_5cdb70ba8fd6f9923857e0bd.pdb
P32521	P32521+P47149_interface@_group63	[245, 269, 273, 279, 296, 300, 307, 310, 313, 322, 337, 346, 351, 545, 561, 593, 614, 629, 634, 635, 640, 648, 655, 670, 672, 712, 723, 724, 725, 873, 883, 929, 930, 965, 968, 1015, 1024, 1025, 1033, 1273]	40	[268, 269, 270, 272, 273, 274, 278, 279, 280, 290, 291, 295, 296, 297, 299, 300, 301, 306, 307, 308, 309, 310, 311, 312, 313, 314, 321, 322, 323, 336, 337, 338, 345, 346, 347, 350, 351, 352]	264_353_3fia.1.A_5cdb70ba8fd6f9923857e0bd.pdb
P32521	P32521+P53010_interface@_group64	[245, 269, 273, 279, 296, 300, 307, 310, 313, 322, 337, 346, 351, 545, 561, 593, 614, 629, 634, 635, 640, 648, 655, 670, 672, 712, 723, 724, 725, 873, 883, 929, 930, 965, 968, 1015, 1024, 1025, 1033, 1273]	40	[268, 269, 270, 272, 273, 274, 278, 279, 280, 290, 291, 295, 296, 297, 299, 300, 301, 306, 307, 308, 309, 310, 311, 312, 313, 314, 321, 322, 323, 336, 337, 338, 345, 346, 347, 350, 351, 352]	264_353_3fia.1.A_5cdb70ba8fd6f9923857e0bd.pdb
P32521	P32521+P53309_interface@_group65	[245, 269, 273, 279, 296, 300, 307, 310, 313, 322, 337, 346, 351, 545, 561, 593, 614, 629, 634, 635, 640, 648, 655, 670, 672, 712, 723, 724, 725, 873, 883, 929, 930, 965, 968, 1015, 1024, 1025, 1033, 1273]	40	[268, 269, 270, 272, 273, 274, 278, 279, 280, 290, 291, 295, 296, 297, 299, 300, 301, 306, 307, 308, 309, 310, 311, 312, 313, 314, 321, 322, 323, 336, 337, 338, 345, 346, 347, 350, 351, 352]	264_353_3fia.1.A_5cdb70ba8fd6f9923857e0bd.pdb
P32521	P32521+Q02732_interface@_group66	[245, 269, 273, 279, 296, 300, 307, 310, 313, 322, 337, 346, 351, 545, 561, 593, 614, 629, 634, 635, 640, 648, 655, 670, 672, 712, 723, 724, 725, 873, 883, 929, 930, 965, 968, 1015, 1024, 1025, 1033, 1273]	40	[268, 269, 270, 272, 273, 274, 278, 279, 280, 290, 291, 295, 296, 297, 299, 300, 301, 306, 307, 308, 309, 310, 311, 312, 313, 314, 321, 322, 323, 336, 337, 338, 345, 346, 347, 350, 351, 352]	264_353_3fia.1.A_5cdb70ba8fd6f9923857e0bd.pdb
P32521	P32521+Q12518_interface@_group67	[245, 269, 273, 279, 296, 300, 307, 310, 313, 322, 337, 346, 351, 545, 561, 593, 614, 629, 634, 635, 640, 648, 655, 670, 672, 712, 723, 724, 725, 873, 883, 929, 930, 965, 968, 1015, 1024, 1025, 1033, 1273]	40	[268, 269, 270, 272, 273, 274, 278, 279, 280, 290, 291, 295, 296, 297, 299, 300, 301, 306, 307, 308, 309, 310, 311, 312, 313, 314, 321, 322, 323, 336, 337, 338, 345, 346, 347, 350, 351, 352]	264_353_3fia.1.A_5cdb70ba8fd6f9923857e0bd.pdb
P32521	P31111+P32521_interface@_group68	[245, 269, 273, 279, 296, 300, 307, 310, 313, 322, 337, 346, 351, 545, 561, 593, 614, 629, 634, 635, 640, 648, 655, 670, 672, 712, 723, 724, 725, 873, 883, 929, 930, 965, 968, 1015, 1024, 1025, 1033, 1273]	40	[268, 269, 270, 272, 273, 274, 278, 279, 280, 290, 291, 295, 296, 297, 299, 300, 301, 306, 307, 308, 309, 310, 311, 312, 313, 314, 321, 322, 323, 336, 337, 338, 345, 346, 347, 350, 351, 352]	264_353_3fia.1.A_5cdb70ba8fd6f9923857e0bd.pdb
P32521	P32521+P32521_interface@_group69	[245, 269, 273, 279, 296, 300, 307, 310, 313, 322, 337, 346, 351, 545, 561, 593, 614, 629, 634, 635, 640, 648, 655, 670, 672, 712, 723, 724, 725, 873, 883, 929, 930, 965, 968, 1015, 1024, 1025, 1033, 1273]	40	[268, 269, 270, 272, 273, 274, 278, 279, 280, 290, 291, 295, 296, 297, 299, 300, 301, 306, 307, 308, 309, 310, 311, 312, 313, 314, 321, 322, 323, 336, 337, 338, 345, 346, 347, 350, 351, 352]	264_353_3fia.1.A_5cdb70ba8fd6f9923857e0bd.pdb
