P32863	Nucleotide binding@_group0	[335, 336, 337, 338, 339, 340, 341, 342]	8	[334, 335, 336, 337, 338, 339, 340, 341, 342, 343, 344, 484, 553, 554]	265_828_5jxr.1.A_5cd96d7c1a200b6aee1a3c1f.pdb
P32863	Domain [FT]@_group1	[322, 323, 324, 325, 326, 327, 328, 329, 330, 331, 332, 333, 334, 335, 336, 337, 338, 339, 340, 341, 342, 343, 344, 345, 346, 347, 348, 349, 350, 351, 352, 353, 354, 355, 356, 357, 358, 359, 360, 361, 362, 363, 364, 365, 366, 367, 368, 369, 370, 371, 372, 373, 374, 375, 376, 377, 378, 379, 380, 381, 382, 383, 384, 385, 386, 387, 388, 389, 390, 391, 392, 393, 394, 395, 396, 397, 398, 399, 400, 401, 402, 403, 404, 405, 406, 407, 408, 409, 410, 411, 412, 413, 414, 415, 416, 417, 418, 419, 420, 421, 422, 423, 424, 425, 426, 427, 428, 429, 430, 431, 432, 433, 434, 435, 436, 437, 438, 439, 440, 441, 442, 443, 444, 445, 446, 447, 448, 449, 450, 451, 452, 453, 454, 455, 456, 457, 458, 459, 460, 461, 462, 463, 464, 465, 466, 467, 468, 469, 470, 471, 472, 473, 474, 475, 476, 477, 478, 479, 480, 481, 482, 483, 484, 485, 486, 487, 488, 489, 490, 491, 492, 493, 494, 495, 496, 497, 498, 499, 500, 501, 502, 503, 504]	183	[322, 323, 324, 325, 326, 327, 328, 329, 330, 331, 332, 333, 334, 335, 336, 337, 338, 339, 340, 341, 342, 343, 344, 345, 346, 347, 348, 349, 350, 351, 352, 353, 354, 355, 356, 357, 358, 359, 360, 361, 362, 363, 364, 365, 366, 367, 368, 369, 370, 371, 372, 373, 374, 375, 376, 377, 378, 379, 380, 381, 382, 383, 384, 385, 386, 387, 388, 389, 390, 391, 392, 393, 394, 395, 396, 397, 398, 399, 400, 401, 402, 403, 404, 405, 406, 407, 408, 409, 410, 411, 412, 413, 414, 415, 416, 417, 418, 419, 420, 421, 422, 423, 424, 425, 426, 427, 428, 429, 430, 431, 432, 433, 434, 435, 436, 437, 438, 439, 440, 441, 442, 443, 444, 445, 446, 447, 448, 449, 450, 451, 452, 453, 454, 455, 456, 457, 458, 459, 460, 461, 462, 463, 464, 465, 466, 467, 468, 469, 470, 471, 472, 473, 474, 475, 476, 477, 478, 479, 480, 481, 482, 483, 484, 485, 486, 487, 488, 489, 490, 491, 492, 493, 494, 495, 496, 497, 498, 499, 500, 501, 502, 503, 504]	265_828_5jxr.1.A_5cd96d7c1a200b6aee1a3c1f.pdb
P32863	Domain [FT]@_group2	[659, 660, 661, 662, 663, 664, 665, 666, 667, 668, 669, 670, 671, 672, 673, 674, 675, 676, 677, 678, 679, 680, 681, 682, 683, 684, 685, 686, 687, 688, 689, 690, 691, 692, 693, 694, 695, 696, 697, 698, 699, 700, 701, 702, 703, 704, 705, 706, 707, 708, 709, 710, 711, 712, 713, 714, 715, 716, 717, 718, 719, 720, 721, 722, 723, 724, 725, 726, 727, 728, 729, 730, 731, 732, 733, 734, 735, 736, 737, 738, 739, 740, 741, 742, 743, 744, 745, 746, 747, 748, 749, 750, 751, 752, 753, 754, 755, 756, 757, 758, 759, 760, 761, 762, 763, 764, 765, 766, 767, 768, 769, 770, 771, 772, 773, 774, 775, 776, 777, 778, 779, 780, 781, 782, 783, 784, 785, 786, 787, 788, 789, 790, 791, 792, 793, 794, 795, 796, 797, 798, 799, 800, 801, 802, 803, 804, 805, 806, 807, 808, 809, 810, 811, 812]	154	[659, 660, 661, 662, 663, 664, 665, 666, 667, 668, 669, 670, 671, 672, 673, 674, 675, 676, 677, 678, 679, 680, 681, 682, 683, 684, 685, 686, 687, 688, 689, 690, 691, 692, 693, 694, 695, 696, 697, 698, 699, 700, 701, 702, 703, 704, 705, 706, 707, 708, 709, 710, 711, 712, 713, 714, 715, 716, 717, 718, 719, 720, 721, 722, 723, 724, 725, 726, 727, 728, 729, 730, 731, 732, 733, 734, 735, 736, 737, 738, 739, 740, 741, 742, 743, 744, 745, 746, 747, 748, 749, 750, 751, 752, 753, 754, 755, 756, 757, 758, 759, 760, 761, 762, 763, 764, 765, 766, 767, 768, 769, 770, 771, 772, 773, 774, 775, 776, 777, 778, 779, 780, 781, 782, 783, 784, 785, 786, 787, 788, 789, 790, 791, 792, 793, 794, 795, 796, 797, 798, 799, 800, 801, 802, 803, 804, 805, 806, 807, 808, 809, 810, 811, 812]	265_828_5jxr.1.A_5cd96d7c1a200b6aee1a3c1f.pdb
P32863	Motif@_group3	[21, 22, 23, 24, 25]	5	[659, 660, 661, 662, 663, 664, 665, 666, 667, 668, 669, 670, 671, 672, 673, 674, 675, 676, 677, 678, 679, 680, 681, 682, 683, 684, 685, 686, 687, 688, 689, 690, 691, 692, 693, 694, 695, 696, 697, 698, 699, 700, 701, 702, 703, 704, 705, 706, 707, 708, 709, 710, 711, 712, 713, 714, 715, 716, 717, 718, 719, 720, 721, 722, 723, 724, 725, 726, 727, 728, 729, 730, 731, 732, 733, 734, 735, 736, 737, 738, 739, 740, 741, 742, 743, 744, 745, 746, 747, 748, 749, 750, 751, 752, 753, 754, 755, 756, 757, 758, 759, 760, 761, 762, 763, 764, 765, 766, 767, 768, 769, 770, 771, 772, 773, 774, 775, 776, 777, 778, 779, 780, 781, 782, 783, 784, 785, 786, 787, 788, 789, 790, 791, 792, 793, 794, 795, 796, 797, 798, 799, 800, 801, 802, 803, 804, 805, 806, 807, 808, 809, 810, 811, 812]	265_828_5jxr.1.A_5cd96d7c1a200b6aee1a3c1f.pdb
P32863	Motif@_group4	[41, 42, 43, 44, 45]	5	[659, 660, 661, 662, 663, 664, 665, 666, 667, 668, 669, 670, 671, 672, 673, 674, 675, 676, 677, 678, 679, 680, 681, 682, 683, 684, 685, 686, 687, 688, 689, 690, 691, 692, 693, 694, 695, 696, 697, 698, 699, 700, 701, 702, 703, 704, 705, 706, 707, 708, 709, 710, 711, 712, 713, 714, 715, 716, 717, 718, 719, 720, 721, 722, 723, 724, 725, 726, 727, 728, 729, 730, 731, 732, 733, 734, 735, 736, 737, 738, 739, 740, 741, 742, 743, 744, 745, 746, 747, 748, 749, 750, 751, 752, 753, 754, 755, 756, 757, 758, 759, 760, 761, 762, 763, 764, 765, 766, 767, 768, 769, 770, 771, 772, 773, 774, 775, 776, 777, 778, 779, 780, 781, 782, 783, 784, 785, 786, 787, 788, 789, 790, 791, 792, 793, 794, 795, 796, 797, 798, 799, 800, 801, 802, 803, 804, 805, 806, 807, 808, 809, 810, 811, 812]	265_828_5jxr.1.A_5cd96d7c1a200b6aee1a3c1f.pdb
P32863	Motif@_group5	[455, 456, 457, 458]	4	[370, 454, 455, 456, 457, 458, 459, 460, 482, 483]	265_828_5jxr.1.A_5cd96d7c1a200b6aee1a3c1f.pdb
P32863	P32863+P43603_interface@_group6	[165, 166, 167, 256, 257, 258, 259, 260, 261, 262, 263, 264, 265, 266, 269, 272, 273, 276, 277, 280, 284, 329, 354, 357, 358, 383, 384, 388, 389, 399, 400, 402, 415, 419, 421, 422, 423, 424, 426, 435, 459, 462, 463, 465, 466, 488, 489, 492, 493, 503, 508, 509, 510, 513, 518, 521, 522, 524, 525, 526, 529, 530, 533, 548, 549, 557, 561, 562, 588, 596, 597, 598, 599, 602, 603, 605, 606, 627, 635, 637, 638, 639, 641, 642, 647, 672, 681, 682, 683, 686, 693, 694, 696, 701, 703, 704, 705, 708, 709, 710, 712, 713, 716, 717, 720, 721, 722, 733, 769, 770, 772, 773, 795, 796, 798, 799, 800, 801, 803, 805, 806, 807, 810, 811, 813, 814, 816, 817, 818, 821, 836, 837, 838, 839, 841, 844, 845, 850, 852, 854, 855, 856, 858, 859, 860, 862, 863, 869, 872, 878, 883]	151	[513, 518, 521, 522, 524, 525, 526, 529, 530, 533, 548, 549, 557, 561, 562, 588, 596, 597, 598, 599, 602, 603, 605, 606, 627, 635, 637, 638, 639, 641, 642, 647, 672, 681, 682, 683, 686, 693, 694, 696, 701, 703, 704, 705, 708, 709, 710, 712, 713, 716, 717, 720, 721, 722, 733, 769, 770, 772, 773, 265, 266, 269, 272, 273, 276, 277, 280, 795, 284, 796, 798, 799, 800, 801, 803, 805, 806, 807, 810, 811, 813, 814, 816, 817, 818, 821, 329, 354, 357, 358, 383, 384, 388, 389, 399, 400, 402, 415, 419, 421, 422, 423, 424, 426, 435, 459, 462, 463, 465, 466, 488, 489, 492, 493, 503, 508, 509, 510]	265_828_5jxr.1.A_5cd96d7c1a200b6aee1a3c1f.pdb
P32863	P32863+Q04149_interface@_group7	[165, 166, 167, 256, 257, 258, 259, 260, 261, 262, 263, 264, 265, 266, 269, 272, 273, 276, 277, 280, 284, 329, 354, 357, 358, 383, 384, 388, 389, 399, 400, 402, 415, 419, 421, 422, 423, 424, 426, 435, 459, 462, 463, 465, 466, 488, 489, 492, 493, 503, 508, 509, 510, 513, 518, 521, 522, 524, 525, 526, 529, 530, 533, 548, 549, 557, 561, 562, 588, 596, 597, 598, 599, 602, 603, 605, 606, 627, 635, 637, 638, 639, 641, 642, 647, 672, 681, 682, 683, 686, 693, 694, 696, 701, 703, 704, 705, 708, 709, 710, 712, 713, 716, 717, 720, 721, 722, 733, 769, 770, 772, 773, 795, 796, 798, 799, 800, 801, 803, 805, 806, 807, 810, 811, 813, 814, 816, 817, 818, 821, 836, 837, 838, 839, 841, 844, 845, 850, 852, 854, 855, 856, 858, 859, 860, 862, 863, 869, 872, 878, 883]	151	[513, 518, 521, 522, 524, 525, 526, 529, 530, 533, 548, 549, 557, 561, 562, 588, 596, 597, 598, 599, 602, 603, 605, 606, 627, 635, 637, 638, 639, 641, 642, 647, 672, 681, 682, 683, 686, 693, 694, 696, 701, 703, 704, 705, 708, 709, 710, 712, 713, 716, 717, 720, 721, 722, 733, 769, 770, 772, 773, 265, 266, 269, 272, 273, 276, 277, 280, 795, 284, 796, 798, 799, 800, 801, 803, 805, 806, 807, 810, 811, 813, 814, 816, 817, 818, 821, 329, 354, 357, 358, 383, 384, 388, 389, 399, 400, 402, 415, 419, 421, 422, 423, 424, 426, 435, 459, 462, 463, 465, 466, 488, 489, 492, 493, 503, 508, 509, 510]	265_828_5jxr.1.A_5cd96d7c1a200b6aee1a3c1f.pdb
P32863	P25454+P32863_interface@_group8	[165, 166, 167, 255, 256, 257, 258, 259, 260, 261, 262, 263, 264, 265, 266, 268, 269, 270, 272, 273, 276, 277, 280, 281, 284, 287, 329, 354, 355, 357, 358, 359, 360, 362, 383, 384, 388, 389, 390, 394, 397, 399, 400, 401, 402, 403, 412, 415, 416, 419, 420, 421, 422, 423, 424, 426, 435, 439, 446, 448, 459, 462, 463, 464, 465, 466, 469, 472, 475, 488, 489, 492, 493, 503, 504, 508, 509, 510, 511, 513, 514, 515, 518, 521, 522, 524, 525, 526, 527, 529, 530, 533, 534, 545, 548, 549, 553, 557, 558, 561, 562, 565, 577, 584, 587, 588, 593, 594, 596, 597, 598, 599, 600, 602, 603, 605, 606, 613, 619, 623, 624, 627, 628, 634, 635, 637, 638, 639, 641, 642, 643, 645, 646, 647, 652, 665, 668, 669, 670, 672, 681, 682, 683, 686, 689, 690, 693, 694, 696, 698, 703, 704, 705, 707, 708, 709, 710, 712, 713, 716, 717, 719, 720, 721, 722, 724, 733, 769, 770, 772, 773, 774, 795, 796, 798, 799, 800, 801, 803, 805, 806, 807, 810, 811, 813, 814, 815, 816, 817, 818, 819, 821, 822, 828, 829, 836, 837, 838, 839, 840, 841, 844, 845, 846, 848, 850, 851, 852, 854, 855, 856, 858, 859, 860, 862, 863, 869, 872, 873, 876, 878, 883, 887]	223	[513, 514, 515, 518, 521, 522, 524, 525, 526, 527, 529, 530, 533, 534, 545, 548, 549, 553, 557, 558, 561, 562, 565, 577, 584, 587, 588, 593, 594, 596, 597, 598, 599, 600, 602, 603, 605, 606, 613, 619, 623, 624, 627, 628, 634, 635, 637, 638, 639, 641, 642, 643, 645, 646, 647, 652, 665, 668, 669, 670, 672, 681, 682, 683, 686, 689, 690, 693, 694, 696, 698, 703, 704, 705, 707, 708, 709, 710, 712, 713, 716, 717, 719, 720, 721, 722, 724, 733, 769, 770, 772, 773, 774, 265, 266, 268, 269, 270, 272, 273, 276, 277, 280, 281, 795, 284, 796, 798, 287, 799, 800, 801, 803, 805, 806, 807, 810, 811, 813, 814, 815, 816, 817, 818, 819, 821, 822, 828, 329, 354, 355, 357, 358, 359, 360, 362, 383, 384, 388, 389, 390, 394, 397, 399, 400, 401, 402, 403, 412, 415, 416, 419, 420, 421, 422, 423, 424, 426, 435, 439, 446, 448, 459, 462, 463, 464, 465, 466, 469, 472, 475, 488, 489, 492, 493, 503, 504, 508, 509, 510, 511]	265_828_5jxr.1.A_5cd96d7c1a200b6aee1a3c1f.pdb
P32863	P32793+P32863_interface@_group9	[165, 166, 167, 256, 257, 258, 259, 260, 261, 262, 263, 264, 265, 266, 269, 272, 273, 276, 277, 280, 284, 329, 354, 357, 358, 383, 384, 388, 389, 399, 400, 402, 415, 419, 421, 422, 423, 424, 426, 435, 459, 462, 463, 465, 466, 488, 489, 492, 493, 503, 508, 509, 510, 513, 518, 521, 522, 524, 525, 526, 529, 530, 533, 548, 549, 557, 561, 562, 588, 596, 597, 598, 599, 602, 603, 605, 606, 627, 635, 637, 638, 639, 641, 642, 647, 672, 681, 682, 683, 686, 693, 694, 696, 701, 703, 704, 705, 708, 709, 710, 712, 713, 716, 717, 720, 721, 722, 733, 769, 770, 772, 773, 795, 796, 798, 799, 800, 801, 803, 805, 806, 807, 810, 811, 813, 814, 816, 817, 818, 821, 836, 837, 838, 839, 841, 844, 845, 850, 852, 854, 855, 856, 858, 859, 860, 862, 863, 869, 872, 878, 883]	151	[513, 518, 521, 522, 524, 525, 526, 529, 530, 533, 548, 549, 557, 561, 562, 588, 596, 597, 598, 599, 602, 603, 605, 606, 627, 635, 637, 638, 639, 641, 642, 647, 672, 681, 682, 683, 686, 693, 694, 696, 701, 703, 704, 705, 708, 709, 710, 712, 713, 716, 717, 720, 721, 722, 733, 769, 770, 772, 773, 265, 266, 269, 272, 273, 276, 277, 280, 795, 284, 796, 798, 799, 800, 801, 803, 805, 806, 807, 810, 811, 813, 814, 816, 817, 818, 821, 329, 354, 357, 358, 383, 384, 388, 389, 399, 400, 402, 415, 419, 421, 422, 423, 424, 426, 435, 459, 462, 463, 465, 466, 488, 489, 492, 493, 503, 508, 509, 510]	265_828_5jxr.1.A_5cd96d7c1a200b6aee1a3c1f.pdb
