Q12314	Modified residue@_group0	[204]	1	[203, 204, 205]	2_206_5h5f.1.A_5cd7114b08cc8fbc92b51928.pdb
Q12314	Modified residue@_group1	[207]	1	[203, 204, 205]	2_206_5h5f.1.A_5cd7114b08cc8fbc92b51928.pdb
Q12314	Beta strand@_group2	[2, 3, 4, 5, 6, 7]	6	[2, 3, 4, 5, 6, 7, 8, 31, 32, 33, 34, 35, 101, 102, 103, 104, 106]	2_206_5h5f.1.A_5cd7114b08cc8fbc92b51928.pdb
Q12314	Beta strand@_group3	[9, 10, 11]	3	[8, 9, 10, 11, 12]	2_206_5h5f.1.A_5cd7114b08cc8fbc92b51928.pdb
Q12314	Beta strand@_group4	[32, 33, 34, 35]	4	[3, 4, 5, 6, 31, 32, 33, 34, 35, 36, 57, 58]	2_206_5h5f.1.A_5cd7114b08cc8fbc92b51928.pdb
Q12314	Beta strand@_group5	[79, 80, 81, 82, 83]	5	[78, 79, 80, 81, 82, 83, 84, 99, 101, 102, 103, 130]	2_206_5h5f.1.A_5cd7114b08cc8fbc92b51928.pdb
Q12314	Beta strand@_group6	[88, 89, 90]	3	[87, 88, 89, 90, 91, 132]	2_206_5h5f.1.A_5cd7114b08cc8fbc92b51928.pdb
Q12314	Beta strand@_group7	[100, 101, 102, 103, 104, 105, 106]	7	[2, 3, 4, 5, 7, 80, 81, 82, 99, 100, 101, 102, 103, 104, 105, 106, 107]	2_206_5h5f.1.A_5cd7114b08cc8fbc92b51928.pdb
Q12314	Beta strand@_group8	[128, 129, 130, 131, 132]	5	[82, 90, 127, 128, 129, 130, 131, 132, 133]	2_206_5h5f.1.A_5cd7114b08cc8fbc92b51928.pdb
Q12314	Beta strand@_group9	[162, 163, 164, 165]	4	[161, 162, 163, 164, 165, 166, 179, 181, 183]	2_206_5h5f.1.A_5cd7114b08cc8fbc92b51928.pdb
Q12314	Beta strand@_group10	[167, 168, 169, 170, 171]	5	[166, 167, 168, 169, 170, 171, 172, 175, 177]	2_206_5h5f.1.A_5cd7114b08cc8fbc92b51928.pdb
Q12314	Beta strand@_group11	[174, 175, 176, 177]	4	[167, 169, 173, 174, 175, 176, 177, 178]	2_206_5h5f.1.A_5cd7114b08cc8fbc92b51928.pdb
Q12314	Beta strand@_group12	[180, 181, 182, 183, 184]	5	[162, 164, 179, 180, 181, 182, 183, 184, 185, 190]	2_206_5h5f.1.A_5cd7114b08cc8fbc92b51928.pdb
Q12314	Helix@_group13	[14, 15, 16, 17, 18, 19, 20, 21, 22, 23, 24, 25, 26, 27]	14	[13, 14, 15, 16, 17, 18, 19, 20, 21, 22, 23, 24, 25, 26, 27, 28]	2_206_5h5f.1.A_5cd7114b08cc8fbc92b51928.pdb
Q12314	Helix@_group14	[29, 30, 31]	3	[2, 28, 29, 30, 31, 32]	2_206_5h5f.1.A_5cd7114b08cc8fbc92b51928.pdb
Q12314	Helix@_group15	[43, 44, 45]	3	[42, 43, 44, 45, 46]	2_206_5h5f.1.A_5cd7114b08cc8fbc92b51928.pdb
Q12314	Helix@_group16	[48, 49, 50, 51, 52]	5	[47, 48, 49, 50, 51, 52, 53]	2_206_5h5f.1.A_5cd7114b08cc8fbc92b51928.pdb
Q12314	Helix@_group17	[62, 63, 64]	3	[60, 61, 62, 63, 64, 65]	2_206_5h5f.1.A_5cd7114b08cc8fbc92b51928.pdb
Q12314	Helix@_group18	[65, 66, 67, 68]	4	[64, 65, 66, 67, 68, 69]	2_206_5h5f.1.A_5cd7114b08cc8fbc92b51928.pdb
Q12314	Helix@_group19	[93, 94, 95, 96, 97]	5	[92, 93, 94, 95, 96, 97, 98, 154]	2_206_5h5f.1.A_5cd7114b08cc8fbc92b51928.pdb
Q12314	Helix@_group20	[118, 119, 120, 121, 122, 123]	6	[117, 118, 119, 120, 121, 122, 123, 124]	2_206_5h5f.1.A_5cd7114b08cc8fbc92b51928.pdb
Q12314	Helix@_group21	[140, 141, 142, 143, 144, 145, 146, 147, 148, 149, 150, 151]	12	[139, 140, 141, 142, 143, 144, 145, 146, 147, 148, 149, 150, 151, 152, 153, 154, 155]	2_206_5h5f.1.A_5cd7114b08cc8fbc92b51928.pdb
Q12314	Helix@_group22	[157, 158, 159]	3	[156, 157, 158, 159, 160]	2_206_5h5f.1.A_5cd7114b08cc8fbc92b51928.pdb
Q12314	Helix@_group23	[196, 197, 198, 199, 200, 201, 202, 203, 204]	9	[195, 196, 197, 198, 199, 200, 201, 202, 203, 204, 205]	2_206_5h5f.1.A_5cd7114b08cc8fbc92b51928.pdb
Q12314	Turn@_group24	[110, 111, 112, 113]	4	[109, 110, 111, 112, 113, 114]	2_206_5h5f.1.A_5cd7114b08cc8fbc92b51928.pdb
Q12314	Turn@_group25	[125, 126, 127]	3	[77, 124, 125, 126, 127, 128]	2_206_5h5f.1.A_5cd7114b08cc8fbc92b51928.pdb
Q12314	Q12314+Q12314_interface@_group26	[9, 10, 11, 12, 13, 14, 15, 25, 26, 28, 29, 30, 31, 47, 52, 53, 54, 70, 71, 73, 74, 107, 108, 109, 110, 137, 148, 152, 153, 154, 165, 167, 169, 171, 172, 173, 174, 175, 176, 177, 178, 179, 180, 186, 187, 194, 198, 199, 201, 202, 203, 204]	52	[2, 8, 9, 10, 11, 12, 13, 14, 15, 16, 24, 25, 26, 27, 28, 29, 30, 31, 32, 46, 47, 48, 51, 52, 53, 54, 55, 69, 70, 71, 72, 73, 74, 75, 93, 106, 107, 108, 109, 110, 111, 136, 137, 138, 147, 148, 149, 150, 151, 152, 153, 154, 155, 164, 165, 166, 167, 168, 169, 170, 171, 172, 173, 174, 175, 176, 177, 178, 179, 180, 181, 185, 186, 187, 188, 193, 194, 195, 196, 197, 198, 199, 200, 201, 202, 203, 204, 205]	2_206_5h5f.1.A_5cd7114b08cc8fbc92b51928.pdb
