P15108	Binding site@_group0	[37]	1	[36, 37, 38]	2_218_2xjx.1.A_5cd837cca03a1b1b8c1aa996.pdb
P15108	Binding site@_group1	[79]	1	[64, 78, 79, 80]	2_218_2xjx.1.A_5cd837cca03a1b1b8c1aa996.pdb
P15108	Binding site@_group2	[98]	1	[97, 98, 99]	2_218_2xjx.1.A_5cd837cca03a1b1b8c1aa996.pdb
P15108	Binding site@_group3	[124]	1	[123, 124, 125]	2_218_2xjx.1.A_5cd837cca03a1b1b8c1aa996.pdb
P15108	Binding site@_group4	[376]	1	[123, 124, 125]	2_218_2xjx.1.A_5cd837cca03a1b1b8c1aa996.pdb
P15108	Mutagenesis@_group5	[453]	1	[123, 124, 125]	2_218_2xjx.1.A_5cd837cca03a1b1b8c1aa996.pdb
P15108	Mutagenesis@_group6	[493]	1	[123, 124, 125]	2_218_2xjx.1.A_5cd837cca03a1b1b8c1aa996.pdb
P15108	Modified residue@_group7	[653]	1	[123, 124, 125]	2_218_2xjx.1.A_5cd837cca03a1b1b8c1aa996.pdb
P15108	Motif@_group8	[701, 702, 703, 704, 705]	5	[123, 124, 125]	2_218_2xjx.1.A_5cd837cca03a1b1b8c1aa996.pdb
P15108	Region@_group9	[221, 222, 223, 224, 225, 226, 227, 228, 229, 230, 231, 232, 233, 234, 235, 236, 237, 238, 239, 240, 241, 242, 243, 244, 245, 246, 247, 248, 249, 250, 251, 252, 253, 254, 255, 256, 257, 258, 259]	39	[123, 124, 125]	2_218_2xjx.1.A_5cd837cca03a1b1b8c1aa996.pdb
P15108	Repeat@_group10	[221, 222, 223, 224, 225]	5	[123, 124, 125]	2_218_2xjx.1.A_5cd837cca03a1b1b8c1aa996.pdb
P15108	Repeat@_group11	[226, 227, 228, 229, 230]	5	[123, 124, 125]	2_218_2xjx.1.A_5cd837cca03a1b1b8c1aa996.pdb
P15108	Repeat@_group12	[232, 233, 234, 235, 236]	5	[123, 124, 125]	2_218_2xjx.1.A_5cd837cca03a1b1b8c1aa996.pdb
P15108	Repeat@_group13	[246, 247, 248, 249, 250]	5	[123, 124, 125]	2_218_2xjx.1.A_5cd837cca03a1b1b8c1aa996.pdb
P15108	P15108+P32838_interface@_group14	[6, 7, 8, 9, 10, 11, 12, 13, 14, 17, 18, 20, 21, 22, 23, 24, 25, 26, 27, 32, 37, 40, 43, 44, 46, 47, 48, 50, 51, 53, 54, 57, 65, 71, 86, 87, 88, 90, 91, 92, 95, 96, 97, 98, 99, 100, 102, 103, 105, 106, 107, 108, 109, 110, 111, 112, 113, 115, 116, 118, 119, 120, 121, 132, 141, 142, 143, 144, 147, 149, 151, 152, 153, 154, 155, 157, 160, 163, 165, 166, 176, 179, 180, 182, 187, 188, 192, 195, 196, 199, 200, 201, 202, 204, 206, 208, 209, 210, 211, 212, 213, 214, 215, 216, 217, 218, 219, 236, 237, 238, 239, 240, 241, 242, 243, 244, 245, 252, 253, 254, 255, 256, 257, 265, 266, 267, 268, 269, 270, 271, 274, 275, 276, 277, 278, 279, 283, 287, 290, 291, 294, 296, 298, 301, 302, 306, 307, 308, 309, 310, 312, 314, 321, 322, 323, 324, 325, 326, 327, 328, 329, 330, 331, 332, 333, 334, 335, 338, 342, 343, 344, 345, 346, 348, 349, 351, 352, 356, 368, 369, 371, 372, 373, 374, 375, 376, 377, 378, 379, 380, 381, 382, 383, 386, 387, 390, 391, 394, 398, 402, 404, 405, 407, 408, 415, 419, 423, 426, 427, 429, 430, 437, 445, 447, 448, 450, 454, 455, 457, 458, 459, 461, 462, 463, 465, 473, 475, 476, 480, 482, 485, 488, 498, 499, 500, 501, 504, 507, 508, 510, 511, 513, 514, 522, 523, 524, 526, 527, 528, 529, 530, 531, 534, 541, 552, 556, 557, 559, 560, 562, 569, 578, 579, 580, 581, 586, 587, 588, 589, 590, 591, 592, 593, 594, 595, 596, 597, 598, 599, 600, 601, 602, 603, 604, 605, 606, 614, 616, 617, 633, 645, 648, 649, 651, 654, 656, 657, 658, 661, 662, 664, 665, 666, 667, 668, 669]	306	[6, 7, 8, 9, 10, 11, 12, 13, 14, 17, 18, 20, 21, 22, 23, 24, 25, 26, 27, 32, 37, 40, 43, 44, 46, 47, 48, 50, 51, 53, 54, 57, 65, 71, 86, 87, 88, 90, 91, 92, 95, 96, 97, 98, 99, 100, 102, 103, 105, 106, 107, 108, 109, 110, 111, 112, 113, 115, 116, 118, 119, 120, 121, 132, 141, 142, 143, 144, 147, 149, 151, 152, 153, 154, 155, 157, 160, 163, 165, 166, 176, 179, 180, 182, 187, 188, 192, 195, 196, 199, 200, 201, 202, 204, 206, 208, 209, 210, 211, 212, 213, 214, 215, 216, 217, 218]	2_218_2xjx.1.A_5cd837cca03a1b1b8c1aa996.pdb
P15108	P15108+P41697_interface@_group15	[7, 8, 9, 10, 11, 12, 13, 14, 17, 18, 21, 22, 23, 24, 25, 26, 27, 32, 40, 43, 44, 46, 47, 48, 50, 51, 52, 60, 61, 62, 65, 69, 71, 72, 85, 86, 87, 88, 90, 91, 92, 94, 95, 96, 97, 98, 99, 100, 102, 103, 105, 106, 107, 108, 109, 110, 111, 112, 113, 115, 116, 118, 119, 120, 121, 132, 133, 142, 151, 153, 154, 155, 163, 165, 166, 176, 179, 180, 187, 196, 199, 200, 202, 204, 206, 209, 210, 211, 212, 214, 215, 216, 217, 218, 266, 267, 269, 270, 271, 275, 284, 287, 288, 290, 291, 294, 295, 296, 309, 310, 312, 321, 322, 323, 324, 325, 326, 328, 329, 330, 331, 332, 333, 338, 342, 344, 345, 346, 347, 348, 349, 351, 356, 369, 372, 373, 374, 375, 376, 377, 378, 379, 380, 381, 382, 383, 386, 387, 390, 391, 394, 398, 402, 405, 408, 411, 412, 419, 427, 430, 433, 445, 454, 455, 457, 458, 459, 461, 462, 473, 476, 477, 481, 482, 491, 500, 501, 504, 513, 515, 571, 578, 579, 581, 589, 590, 591, 592, 593, 594, 595, 597, 598, 599, 600, 601, 602, 603, 617, 620, 634, 638, 645, 648, 649, 651, 653, 654, 655, 656, 657, 658, 660, 661, 664, 665, 666, 667, 668]	219	[7, 8, 9, 10, 11, 12, 13, 14, 17, 18, 21, 22, 23, 24, 25, 26, 27, 32, 40, 43, 44, 46, 47, 48, 50, 51, 52, 60, 61, 62, 65, 69, 71, 72, 85, 86, 87, 88, 90, 91, 92, 94, 95, 96, 97, 98, 99, 100, 102, 103, 105, 106, 107, 108, 109, 110, 111, 112, 113, 115, 116, 118, 119, 120, 121, 132, 133, 142, 151, 153, 154, 155, 163, 165, 166, 176, 179, 180, 187, 196, 199, 200, 202, 204, 206, 209, 210, 211, 212, 214, 215, 216, 217, 218]	2_218_2xjx.1.A_5cd837cca03a1b1b8c1aa996.pdb
P15108	P15108+P43124_interface@_group16	[7, 8, 9, 10, 11, 12, 13, 14, 17, 18, 21, 22, 23, 24, 25, 26, 27, 32, 40, 43, 44, 46, 47, 48, 50, 51, 52, 60, 61, 62, 65, 69, 71, 72, 85, 86, 87, 88, 90, 91, 92, 94, 95, 96, 97, 98, 99, 100, 102, 103, 105, 106, 107, 108, 109, 110, 111, 112, 113, 115, 116, 118, 119, 120, 121, 132, 133, 142, 151, 153, 154, 155, 163, 165, 166, 176, 179, 180, 187, 196, 199, 200, 202, 204, 206, 209, 210, 211, 212, 214, 215, 216, 217, 218, 266, 267, 269, 270, 271, 275, 284, 287, 288, 290, 291, 294, 295, 296, 309, 310, 312, 321, 322, 323, 324, 325, 326, 328, 329, 330, 331, 332, 333, 338, 342, 344, 345, 346, 347, 348, 349, 351, 356, 369, 372, 373, 374, 375, 376, 377, 378, 379, 380, 381, 382, 383, 386, 387, 390, 391, 394, 398, 402, 405, 408, 411, 412, 419, 427, 430, 433, 445, 454, 455, 457, 458, 459, 461, 462, 473, 476, 477, 481, 482, 491, 500, 501, 504, 513, 515, 571, 578, 579, 581, 589, 590, 591, 592, 593, 594, 595, 597, 598, 599, 600, 601, 602, 603, 617, 620, 634, 638, 645, 648, 649, 651, 653, 654, 655, 656, 657, 658, 660, 661, 664, 665, 666, 667, 668]	219	[7, 8, 9, 10, 11, 12, 13, 14, 17, 18, 21, 22, 23, 24, 25, 26, 27, 32, 40, 43, 44, 46, 47, 48, 50, 51, 52, 60, 61, 62, 65, 69, 71, 72, 85, 86, 87, 88, 90, 91, 92, 94, 95, 96, 97, 98, 99, 100, 102, 103, 105, 106, 107, 108, 109, 110, 111, 112, 113, 115, 116, 118, 119, 120, 121, 132, 133, 142, 151, 153, 154, 155, 163, 165, 166, 176, 179, 180, 187, 196, 199, 200, 202, 204, 206, 209, 210, 211, 212, 214, 215, 216, 217, 218]	2_218_2xjx.1.A_5cd837cca03a1b1b8c1aa996.pdb
P15108	P15108+Q02724_interface@_group17	[7, 8, 9, 10, 11, 12, 13, 14, 17, 18, 21, 22, 23, 24, 25, 26, 27, 32, 40, 43, 44, 46, 47, 48, 50, 51, 52, 60, 61, 62, 65, 69, 71, 72, 85, 86, 87, 88, 90, 91, 92, 94, 95, 96, 97, 98, 99, 100, 102, 103, 105, 106, 107, 108, 109, 110, 111, 112, 113, 115, 116, 118, 119, 120, 121, 132, 133, 142, 151, 153, 154, 155, 163, 165, 166, 176, 179, 180, 187, 196, 199, 200, 202, 204, 206, 209, 210, 211, 212, 214, 215, 216, 217, 218, 266, 267, 269, 270, 271, 275, 284, 287, 288, 290, 291, 294, 295, 296, 309, 310, 312, 321, 322, 323, 324, 325, 326, 328, 329, 330, 331, 332, 333, 338, 342, 344, 345, 346, 347, 348, 349, 351, 356, 369, 372, 373, 374, 375, 376, 377, 378, 379, 380, 381, 382, 383, 386, 387, 390, 391, 394, 398, 402, 405, 408, 411, 412, 419, 427, 430, 433, 445, 454, 455, 457, 458, 459, 461, 462, 473, 476, 477, 481, 482, 491, 500, 501, 504, 513, 515, 571, 578, 579, 581, 589, 590, 591, 592, 593, 594, 595, 597, 598, 599, 600, 601, 602, 603, 617, 620, 634, 638, 645, 648, 649, 651, 653, 654, 655, 656, 657, 658, 660, 661, 664, 665, 666, 667, 668]	219	[7, 8, 9, 10, 11, 12, 13, 14, 17, 18, 21, 22, 23, 24, 25, 26, 27, 32, 40, 43, 44, 46, 47, 48, 50, 51, 52, 60, 61, 62, 65, 69, 71, 72, 85, 86, 87, 88, 90, 91, 92, 94, 95, 96, 97, 98, 99, 100, 102, 103, 105, 106, 107, 108, 109, 110, 111, 112, 113, 115, 116, 118, 119, 120, 121, 132, 133, 142, 151, 153, 154, 155, 163, 165, 166, 176, 179, 180, 187, 196, 199, 200, 202, 204, 206, 209, 210, 211, 212, 214, 215, 216, 217, 218]	2_218_2xjx.1.A_5cd837cca03a1b1b8c1aa996.pdb
P15108	P07248+P15108_interface@_group18	[7, 8, 9, 10, 11, 12, 13, 14, 17, 18, 21, 22, 23, 24, 25, 26, 27, 32, 40, 43, 44, 46, 47, 48, 50, 51, 52, 60, 61, 62, 65, 69, 71, 72, 85, 86, 87, 88, 90, 91, 92, 94, 95, 96, 97, 98, 99, 100, 102, 103, 105, 106, 107, 108, 109, 110, 111, 112, 113, 115, 116, 118, 119, 120, 121, 132, 133, 142, 151, 153, 154, 155, 163, 165, 166, 176, 179, 180, 187, 196, 199, 200, 202, 204, 206, 209, 210, 211, 212, 214, 215, 216, 217, 218, 266, 267, 269, 270, 271, 275, 284, 287, 288, 290, 291, 294, 295, 296, 309, 310, 312, 321, 322, 323, 324, 325, 326, 328, 329, 330, 331, 332, 333, 338, 342, 344, 345, 346, 347, 348, 349, 351, 356, 369, 372, 373, 374, 375, 376, 377, 378, 379, 380, 381, 382, 383, 386, 387, 390, 391, 394, 398, 402, 405, 408, 411, 412, 419, 427, 430, 433, 445, 454, 455, 457, 458, 459, 461, 462, 473, 476, 477, 481, 482, 491, 500, 501, 504, 513, 515, 571, 578, 579, 581, 589, 590, 591, 592, 593, 594, 595, 597, 598, 599, 600, 601, 602, 603, 617, 620, 634, 638, 645, 648, 649, 651, 653, 654, 655, 656, 657, 658, 660, 661, 664, 665, 666, 667, 668]	219	[7, 8, 9, 10, 11, 12, 13, 14, 17, 18, 21, 22, 23, 24, 25, 26, 27, 32, 40, 43, 44, 46, 47, 48, 50, 51, 52, 60, 61, 62, 65, 69, 71, 72, 85, 86, 87, 88, 90, 91, 92, 94, 95, 96, 97, 98, 99, 100, 102, 103, 105, 106, 107, 108, 109, 110, 111, 112, 113, 115, 116, 118, 119, 120, 121, 132, 133, 142, 151, 153, 154, 155, 163, 165, 166, 176, 179, 180, 187, 196, 199, 200, 202, 204, 206, 209, 210, 211, 212, 214, 215, 216, 217, 218]	2_218_2xjx.1.A_5cd837cca03a1b1b8c1aa996.pdb
P15108	P15108+P15108_interface@_group19	[473, 474, 476, 477, 480, 482, 498, 499, 500, 571, 587, 588, 591, 592, 594, 595, 597, 600, 602, 616, 617, 620, 624, 634, 638, 641, 645, 648, 649, 651, 654, 656, 657, 658, 660, 661, 664, 665, 667, 668, 669, 670, 671, 672, 673]	45	[7, 8, 9, 10, 11, 12, 13, 14, 17, 18, 21, 22, 23, 24, 25, 26, 27, 32, 40, 43, 44, 46, 47, 48, 50, 51, 52, 60, 61, 62, 65, 69, 71, 72, 85, 86, 87, 88, 90, 91, 92, 94, 95, 96, 97, 98, 99, 100, 102, 103, 105, 106, 107, 108, 109, 110, 111, 112, 113, 115, 116, 118, 119, 120, 121, 132, 133, 142, 151, 153, 154, 155, 163, 165, 166, 176, 179, 180, 187, 196, 199, 200, 202, 204, 206, 209, 210, 211, 212, 214, 215, 216, 217, 218]	2_218_2xjx.1.A_5cd837cca03a1b1b8c1aa996.pdb
