P32835	Nucleotide binding@_group0	[20, 21, 22, 23, 24, 25, 26, 27]	8	[19, 20, 21, 22, 23, 24, 25, 26, 27, 28]	2_217_1byu.1.B_5cd6efded60c5967e0824ca6.pdb
P32835	Nucleotide binding@_group1	[124, 125, 126, 127]	4	[93, 123, 124, 125, 126, 127, 128, 151, 152]	2_217_1byu.1.B_5cd6efded60c5967e0824ca6.pdb
P32835	Nucleotide binding@_group2	[152, 153, 154]	3	[28, 125, 151, 152, 153, 154, 155, 157]	2_217_1byu.1.B_5cd6efded60c5967e0824ca6.pdb
P32835	Binding site@_group3	[70]	1	[69, 70, 71]	2_217_1byu.1.B_5cd6efded60c5967e0824ca6.pdb
P32835	Modified residue@_group4	[2]	1	[2, 3]	2_217_1byu.1.B_5cd6efded60c5967e0824ca6.pdb
P32835	Modified residue@_group5	[2]	1	[2, 3]	2_217_1byu.1.B_5cd6efded60c5967e0824ca6.pdb
P32835	Beta strand@_group6	[12, 13, 14, 15, 16, 17, 18, 19]	8	[11, 12, 13, 14, 15, 16, 17, 18, 19, 20, 62, 65, 87, 88, 91]	2_217_1byu.1.B_5cd6efded60c5967e0824ca6.pdb
P32835	Beta strand@_group7	[46, 47, 48, 49, 50, 51, 52, 53, 54, 55, 56]	11	[35, 39, 41, 43, 45, 46, 47, 48, 49, 50, 51, 52, 53, 54, 55, 56, 57, 59, 60, 62, 63, 64, 66, 68, 178]	2_217_1byu.1.B_5cd6efded60c5967e0824ca6.pdb
P32835	Beta strand@_group8	[59, 60, 61, 62, 63, 64, 65, 66, 67, 68]	10	[12, 15, 47, 49, 51, 52, 53, 55, 56, 58, 59, 60, 61, 62, 63, 64, 65, 66, 67, 68, 69]	2_217_1byu.1.B_5cd6efded60c5967e0824ca6.pdb
P32835	Beta strand@_group9	[87, 88, 89, 90, 91, 92, 93]	7	[15, 16, 19, 86, 87, 88, 89, 90, 91, 92, 93, 94, 119, 120, 121, 124]	2_217_1byu.1.B_5cd6efded60c5967e0824ca6.pdb
P32835	Beta strand@_group10	[114, 115, 116]	3	[111, 113, 114, 115, 116, 117]	2_217_1byu.1.B_5cd6efded60c5967e0824ca6.pdb
P32835	Beta strand@_group11	[119, 120, 121, 122, 123, 124]	6	[88, 89, 90, 93, 118, 119, 120, 121, 122, 123, 124, 125, 147, 148, 151]	2_217_1byu.1.B_5cd6efded60c5967e0824ca6.pdb
P32835	Beta strand@_group12	[128, 129, 130]	3	[127, 128, 129, 130, 131]	2_217_1byu.1.B_5cd6efded60c5967e0824ca6.pdb
P32835	Beta strand@_group13	[147, 148, 149, 150]	4	[120, 121, 146, 147, 148, 149, 150, 151]	2_217_1byu.1.B_5cd6efded60c5967e0824ca6.pdb
P32835	Helix@_group14	[25, 26, 27, 28, 29, 30, 31, 32, 33, 34]	10	[24, 25, 26, 27, 28, 29, 30, 31, 32, 33, 34, 35, 153]	2_217_1byu.1.B_5cd6efded60c5967e0824ca6.pdb
P32835	Helix@_group15	[72, 73, 74]	3	[71, 72, 73, 74, 75]	2_217_1byu.1.B_5cd6efded60c5967e0824ca6.pdb
P32835	Helix@_group16	[78, 79, 80, 81, 82]	5	[77, 78, 79, 80, 81, 82, 83]	2_217_1byu.1.B_5cd6efded60c5967e0824ca6.pdb
P32835	Helix@_group17	[97, 98, 99, 100, 101]	5	[96, 97, 98, 99, 100, 101, 102]	2_217_1byu.1.B_5cd6efded60c5967e0824ca6.pdb
P32835	Helix@_group18	[103, 104, 105, 106, 107, 108, 109, 110, 111, 112, 113]	11	[102, 103, 104, 105, 106, 107, 108, 109, 110, 111, 112, 113, 114, 115]	2_217_1byu.1.B_5cd6efded60c5967e0824ca6.pdb
P32835	Helix@_group19	[135, 136, 137]	3	[134, 135, 136, 137, 138]	2_217_1byu.1.B_5cd6efded60c5967e0824ca6.pdb
P32835	Helix@_group20	[141, 142, 143, 144]	4	[140, 141, 142, 143, 144, 145]	2_217_1byu.1.B_5cd6efded60c5967e0824ca6.pdb
P32835	Helix@_group21	[161, 162, 163, 164, 165, 166, 167, 168, 169, 170, 171]	11	[160, 161, 162, 163, 164, 165, 166, 167, 168, 169, 170, 171, 172]	2_217_1byu.1.B_5cd6efded60c5967e0824ca6.pdb
P32835	Helix@_group22	[200, 201, 202, 203, 204, 205, 206, 207]	8	[199, 200, 201, 202, 203, 204, 205, 206, 207, 208]	2_217_1byu.1.B_5cd6efded60c5967e0824ca6.pdb
P32835	Turn@_group23	[153, 154, 155]	3	[28, 152, 153, 154, 155, 156, 187]	2_217_1byu.1.B_5cd6efded60c5967e0824ca6.pdb
P32835	Turn@_group24	[157, 158, 159, 160]	4	[152, 156, 157, 158, 159, 160, 161]	2_217_1byu.1.B_5cd6efded60c5967e0824ca6.pdb
P32835	Turn@_group25	[214, 215, 216]	3	[213, 214, 215, 216, 217]	2_217_1byu.1.B_5cd6efded60c5967e0824ca6.pdb
P32835	P32835+P40069_interface@_group26	[11, 12, 13, 33, 34, 35, 36, 39, 40, 41, 42, 43, 44, 45, 47, 48, 49, 51, 58, 66, 72, 73, 74, 75, 76, 77, 78, 79, 80, 83, 84, 95, 96, 97, 98, 101, 102, 104, 105, 108, 109, 111, 112, 113, 115, 116, 126, 128, 129, 131, 132, 134, 135, 136, 139, 141, 142, 143, 144, 145, 147, 148, 150, 154, 155, 156, 157, 158, 160, 161, 164, 165, 168, 169, 174, 175, 177, 178, 179, 180, 181, 182, 183, 184, 185, 186, 187, 188, 208, 209, 210, 211, 212, 213, 214]	95	[10, 11, 12, 13, 14, 32, 33, 34, 35, 36, 37, 38, 39, 40, 41, 42, 43, 44, 45, 46, 47, 48, 49, 50, 51, 52, 56, 57, 58, 59, 62, 64, 65, 66, 67, 68, 71, 72, 73, 74, 75, 76, 77, 78, 79, 80, 81, 82, 83, 84, 85, 94, 95, 96, 97, 98, 99, 100, 101, 102, 103, 104, 105, 106, 107, 108, 109, 110, 111, 112, 113, 114, 115, 116, 117, 120, 121, 125, 126, 127, 128, 129, 130, 131, 132, 133, 134, 135, 136, 137, 138, 139, 140, 141, 142, 143, 144, 145, 146, 147, 148, 149, 150, 151, 152, 153, 154, 155, 156, 157, 158, 159, 160, 161, 162, 163, 164, 165, 166, 167, 168, 169, 170, 173, 174, 175, 176, 177, 178, 179, 180, 181, 182, 183, 184, 185, 186, 187, 188, 189, 207, 208, 209, 210, 211, 212, 213, 214, 215]	2_217_1byu.1.B_5cd6efded60c5967e0824ca6.pdb
P32835	P32835+P40318_interface@_group27	[11, 31, 33, 34, 35, 36, 37, 38, 40, 45, 47, 48, 49, 53, 54, 55, 57, 58, 59, 66, 72, 73, 74, 76, 77, 78, 79, 80, 83, 84, 95, 96, 98, 101, 104, 105, 108, 112, 113, 115, 126, 131, 132, 134, 135, 141, 142, 143, 144, 145, 147, 148, 150, 155, 156, 157, 158, 159, 160, 165, 169, 171, 173, 174, 175, 178, 179, 180, 181, 182, 183, 184, 185, 186, 187, 188, 199, 200, 203, 206, 207, 208, 209, 210, 211, 212, 213, 214]	88	[10, 11, 12, 30, 31, 32, 33, 34, 35, 36, 37, 38, 39, 40, 41, 44, 45, 46, 47, 48, 49, 50, 51, 52, 53, 54, 55, 56, 57, 58, 59, 60, 62, 65, 66, 67, 68, 71, 72, 73, 74, 75, 76, 77, 78, 79, 80, 81, 82, 83, 84, 85, 94, 95, 96, 97, 98, 99, 100, 101, 102, 103, 104, 105, 106, 107, 108, 109, 111, 112, 113, 114, 115, 116, 120, 121, 125, 126, 127, 130, 131, 132, 133, 134, 135, 136, 138, 140, 141, 142, 143, 144, 145, 146, 147, 148, 149, 150, 151, 152, 154, 155, 156, 157, 158, 159, 160, 161, 164, 165, 166, 168, 169, 170, 171, 172, 173, 174, 175, 176, 177, 178, 179, 180, 181, 182, 183, 184, 185, 186, 187, 188, 189, 196, 198, 199, 200, 201, 202, 203, 204, 205, 206, 207, 208, 209, 210, 211, 212, 213, 214, 215]	2_217_1byu.1.B_5cd6efded60c5967e0824ca6.pdb
P32835	P32835+P47123_interface@_group28	[11, 21, 22, 26, 31, 34, 35, 36, 37, 39, 45, 47, 48, 49, 66, 69, 72, 73, 74, 75, 76, 77, 78, 79, 80, 83, 84, 86, 95, 96, 97, 98, 101, 102, 104, 105, 108, 109, 111, 112, 113, 115, 116, 126, 127, 128, 129, 130, 131, 132, 134, 135, 140, 141, 142, 143, 144, 145, 147, 148, 150, 154, 155, 156, 157, 158, 159, 160, 161, 165, 168, 169, 174, 184, 210, 211, 212]	77	[10, 11, 12, 20, 21, 22, 23, 25, 26, 27, 30, 31, 32, 33, 34, 35, 36, 37, 38, 39, 40, 41, 44, 45, 46, 47, 48, 49, 50, 51, 65, 66, 67, 68, 69, 70, 71, 72, 73, 74, 75, 76, 77, 78, 79, 80, 81, 82, 83, 84, 85, 86, 87, 94, 95, 96, 97, 98, 99, 100, 101, 102, 103, 104, 105, 106, 107, 108, 109, 110, 111, 112, 113, 114, 115, 116, 117, 120, 121, 125, 126, 127, 128, 129, 130, 131, 132, 133, 134, 135, 136, 138, 139, 140, 141, 142, 143, 144, 145, 146, 147, 148, 149, 150, 151, 152, 153, 154, 155, 156, 157, 158, 159, 160, 161, 162, 164, 165, 166, 167, 168, 169, 170, 173, 174, 175, 183, 184, 185, 187, 209, 210, 211, 212, 213]	2_217_1byu.1.B_5cd6efded60c5967e0824ca6.pdb
P32835	P32835+P47135_interface@_group29	[11, 31, 33, 34, 35, 36, 37, 38, 40, 45, 47, 48, 49, 53, 54, 55, 57, 58, 59, 66, 72, 73, 74, 76, 77, 78, 79, 80, 83, 84, 95, 96, 98, 101, 104, 105, 108, 112, 113, 115, 126, 131, 132, 134, 135, 141, 142, 143, 144, 145, 147, 148, 150, 155, 156, 157, 158, 159, 160, 165, 169, 171, 173, 174, 175, 178, 179, 180, 181, 182, 183, 184, 185, 186, 187, 188, 199, 200, 203, 206, 207, 208, 209, 210, 211, 212, 213, 214]	88	[10, 11, 12, 30, 31, 32, 33, 34, 35, 36, 37, 38, 39, 40, 41, 44, 45, 46, 47, 48, 49, 50, 51, 52, 53, 54, 55, 56, 57, 58, 59, 60, 62, 65, 66, 67, 68, 71, 72, 73, 74, 75, 76, 77, 78, 79, 80, 81, 82, 83, 84, 85, 94, 95, 96, 97, 98, 99, 100, 101, 102, 103, 104, 105, 106, 107, 108, 109, 111, 112, 113, 114, 115, 116, 120, 121, 125, 126, 127, 130, 131, 132, 133, 134, 135, 136, 138, 140, 141, 142, 143, 144, 145, 146, 147, 148, 149, 150, 151, 152, 154, 155, 156, 157, 158, 159, 160, 161, 164, 165, 166, 168, 169, 170, 171, 172, 173, 174, 175, 176, 177, 178, 179, 180, 181, 182, 183, 184, 185, 186, 187, 188, 189, 196, 198, 199, 200, 201, 202, 203, 204, 205, 206, 207, 208, 209, 210, 211, 212, 213, 214, 215]	2_217_1byu.1.B_5cd6efded60c5967e0824ca6.pdb
P32835	P32835+P52918_interface@_group30	[11, 31, 33, 34, 35, 36, 37, 38, 40, 45, 47, 48, 49, 53, 54, 55, 57, 58, 59, 66, 72, 73, 74, 76, 77, 78, 79, 80, 83, 84, 95, 96, 98, 101, 104, 105, 108, 112, 113, 115, 126, 131, 132, 134, 135, 141, 142, 143, 144, 145, 147, 148, 150, 155, 156, 157, 158, 159, 160, 165, 169, 171, 173, 174, 175, 178, 179, 180, 181, 182, 183, 184, 185, 186, 187, 188, 199, 200, 203, 206, 207, 208, 209, 210, 211, 212, 213, 214]	88	[10, 11, 12, 30, 31, 32, 33, 34, 35, 36, 37, 38, 39, 40, 41, 44, 45, 46, 47, 48, 49, 50, 51, 52, 53, 54, 55, 56, 57, 58, 59, 60, 62, 65, 66, 67, 68, 71, 72, 73, 74, 75, 76, 77, 78, 79, 80, 81, 82, 83, 84, 85, 94, 95, 96, 97, 98, 99, 100, 101, 102, 103, 104, 105, 106, 107, 108, 109, 111, 112, 113, 114, 115, 116, 120, 121, 125, 126, 127, 130, 131, 132, 133, 134, 135, 136, 138, 140, 141, 142, 143, 144, 145, 146, 147, 148, 149, 150, 151, 152, 154, 155, 156, 157, 158, 159, 160, 161, 164, 165, 166, 168, 169, 170, 171, 172, 173, 174, 175, 176, 177, 178, 179, 180, 181, 182, 183, 184, 185, 186, 187, 188, 189, 196, 198, 199, 200, 201, 202, 203, 204, 205, 206, 207, 208, 209, 210, 211, 212, 213, 214, 215]	2_217_1byu.1.B_5cd6efded60c5967e0824ca6.pdb
P32835	P32835+Q02932_interface@_group31	[11, 12, 13, 33, 34, 35, 36, 39, 40, 41, 42, 43, 44, 45, 47, 48, 49, 51, 58, 66, 72, 73, 74, 75, 76, 77, 78, 79, 80, 83, 84, 95, 96, 97, 98, 101, 102, 104, 105, 108, 109, 111, 112, 113, 115, 116, 126, 128, 129, 131, 132, 134, 135, 136, 139, 141, 142, 143, 144, 145, 147, 148, 150, 154, 155, 156, 157, 158, 160, 161, 164, 165, 168, 169, 174, 175, 177, 178, 179, 180, 181, 182, 183, 184, 185, 186, 187, 188, 208, 209, 210, 211, 212, 213, 214]	95	[10, 11, 12, 13, 14, 32, 33, 34, 35, 36, 37, 38, 39, 40, 41, 42, 43, 44, 45, 46, 47, 48, 49, 50, 51, 52, 56, 57, 58, 59, 62, 64, 65, 66, 67, 68, 71, 72, 73, 74, 75, 76, 77, 78, 79, 80, 81, 82, 83, 84, 85, 94, 95, 96, 97, 98, 99, 100, 101, 102, 103, 104, 105, 106, 107, 108, 109, 110, 111, 112, 113, 114, 115, 116, 117, 120, 121, 125, 126, 127, 128, 129, 130, 131, 132, 133, 134, 135, 136, 137, 138, 139, 140, 141, 142, 143, 144, 145, 146, 147, 148, 149, 150, 151, 152, 153, 154, 155, 156, 157, 158, 159, 160, 161, 162, 163, 164, 165, 166, 167, 168, 169, 170, 173, 174, 175, 176, 177, 178, 179, 180, 181, 182, 183, 184, 185, 186, 187, 188, 189, 207, 208, 209, 210, 211, 212, 213, 214, 215]	2_217_1byu.1.B_5cd6efded60c5967e0824ca6.pdb
P32835	P32835+Q99189_interface@_group32	[11, 31, 33, 34, 35, 36, 37, 38, 40, 45, 47, 48, 49, 53, 54, 55, 57, 58, 59, 66, 72, 73, 74, 76, 77, 78, 79, 80, 83, 84, 95, 96, 98, 101, 104, 105, 108, 112, 113, 115, 126, 131, 132, 134, 135, 141, 142, 143, 144, 145, 147, 148, 150, 155, 156, 157, 158, 159, 160, 165, 169, 171, 173, 174, 175, 178, 179, 180, 181, 182, 183, 184, 185, 186, 187, 188, 199, 200, 203, 206, 207, 208, 209, 210, 211, 212, 213, 214]	88	[10, 11, 12, 30, 31, 32, 33, 34, 35, 36, 37, 38, 39, 40, 41, 44, 45, 46, 47, 48, 49, 50, 51, 52, 53, 54, 55, 56, 57, 58, 59, 60, 62, 65, 66, 67, 68, 71, 72, 73, 74, 75, 76, 77, 78, 79, 80, 81, 82, 83, 84, 85, 94, 95, 96, 97, 98, 99, 100, 101, 102, 103, 104, 105, 106, 107, 108, 109, 111, 112, 113, 114, 115, 116, 120, 121, 125, 126, 127, 130, 131, 132, 133, 134, 135, 136, 138, 140, 141, 142, 143, 144, 145, 146, 147, 148, 149, 150, 151, 152, 154, 155, 156, 157, 158, 159, 160, 161, 164, 165, 166, 168, 169, 170, 171, 172, 173, 174, 175, 176, 177, 178, 179, 180, 181, 182, 183, 184, 185, 186, 187, 188, 189, 196, 198, 199, 200, 201, 202, 203, 204, 205, 206, 207, 208, 209, 210, 211, 212, 213, 214, 215]	2_217_1byu.1.B_5cd6efded60c5967e0824ca6.pdb
P32835	P32835+P33307_interface@_group33	[14, 20, 21, 22, 37, 39, 41, 45, 47, 49, 64, 66, 71, 72, 76, 77, 78, 79, 80, 83, 84, 95, 96, 97, 98, 102, 108, 109, 112, 113, 125, 126, 127, 128, 129, 130, 131, 132, 134, 135, 136, 142, 143, 144, 145, 154, 155, 157]	48	[13, 14, 15, 19, 20, 21, 22, 23, 36, 37, 38, 39, 40, 41, 42, 44, 45, 46, 47, 48, 49, 50, 51, 63, 64, 65, 66, 67, 68, 70, 71, 72, 73, 75, 76, 77, 78, 79, 80, 81, 82, 83, 84, 85, 94, 95, 96, 97, 98, 99, 101, 102, 103, 107, 108, 109, 110, 111, 112, 113, 114, 124, 125, 126, 127, 128, 129, 130, 131, 132, 133, 134, 135, 136, 137, 138, 141, 142, 143, 144, 145, 146, 152, 153, 154, 155, 156, 157, 158, 187]	2_217_1byu.1.B_5cd6efded60c5967e0824ca6.pdb
P32835	P32835+P40517_interface@_group34	[11, 12, 13, 31, 32, 33, 34, 35, 36, 37, 38, 39, 40, 53, 54, 55, 57, 58, 59, 60, 66, 77, 80, 83, 84, 86, 112, 113, 156, 159, 160, 170, 171, 172, 173, 174, 175, 178, 179, 180, 181, 182, 183, 184, 185, 186, 187, 188, 189, 199, 200, 201, 202, 203, 205, 206, 207, 208, 209, 210, 211, 212, 213]	63	[10, 11, 12, 13, 14, 30, 31, 32, 33, 34, 35, 36, 37, 38, 39, 40, 41, 49, 50, 51, 52, 53, 54, 55, 56, 57, 58, 59, 60, 61, 62, 65, 66, 67, 76, 77, 78, 79, 80, 81, 82, 83, 84, 85, 86, 87, 111, 112, 113, 114, 155, 156, 157, 158, 159, 160, 161, 169, 170, 171, 172, 173, 174, 175, 176, 177, 178, 179, 180, 181, 182, 183, 184, 185, 186, 187, 188, 189, 190, 196, 198, 199, 200, 201, 202, 203, 204, 205, 206, 207, 208, 209, 210, 211, 212, 213, 214]	2_217_1byu.1.B_5cd6efded60c5967e0824ca6.pdb
P32835	P32835+P41920_interface@_group35	[11, 31, 33, 34, 35, 36, 37, 38, 40, 53, 54, 55, 57, 58, 59, 156, 159, 160, 171, 173, 175, 178, 179, 180, 181, 182, 183, 184, 185, 186, 187, 188, 199, 200, 202, 203, 205, 206, 207, 208, 209, 210, 211, 212, 213, 214, 217]	47	[10, 11, 12, 30, 31, 32, 33, 34, 35, 36, 37, 38, 39, 40, 41, 51, 52, 53, 54, 55, 56, 57, 58, 59, 60, 62, 155, 156, 157, 158, 159, 160, 161, 170, 171, 172, 173, 174, 175, 176, 177, 178, 179, 180, 181, 182, 183, 184, 185, 186, 187, 188, 189, 196, 198, 199, 200, 201, 202, 203, 204, 205, 206, 207, 208, 209, 210, 211, 212, 213, 214, 215, 216, 217]	2_217_1byu.1.B_5cd6efded60c5967e0824ca6.pdb
P32835	P32835+Q02821_interface@_group36	[97, 98, 101, 129, 130, 132, 134, 136, 137]	9	[95, 96, 97, 98, 99, 100, 101, 102, 128, 129, 130, 131, 132, 133, 134, 135, 136, 137, 138]	2_217_1byu.1.B_5cd6efded60c5967e0824ca6.pdb
P32835	P32835+Q06142_interface@_group37	[14, 31, 33, 34, 35, 36, 37, 39, 40, 45, 47, 48, 49, 66, 72, 73, 76, 77, 78, 79, 80, 83, 84, 105, 106, 108, 109, 112, 113, 115, 129, 136, 139, 141, 142, 143, 144, 147, 149, 154, 155, 156, 157, 158, 159, 160, 161, 168, 169, 174, 177, 178, 179, 180]	54	[13, 14, 15, 30, 31, 32, 33, 34, 35, 36, 37, 38, 39, 40, 41, 44, 45, 46, 47, 48, 49, 50, 51, 56, 65, 66, 67, 68, 71, 72, 73, 74, 75, 76, 77, 78, 79, 80, 81, 82, 83, 84, 85, 104, 105, 106, 107, 108, 109, 110, 111, 112, 113, 114, 115, 116, 120, 128, 129, 130, 135, 136, 137, 138, 139, 140, 141, 142, 143, 144, 145, 146, 147, 148, 149, 150, 152, 153, 154, 155, 156, 157, 158, 159, 160, 161, 162, 167, 168, 169, 170, 173, 174, 175, 176, 177, 178, 179, 180, 181, 187]	2_217_1byu.1.B_5cd6efded60c5967e0824ca6.pdb
P32835	P32337+P32835_interface@_group38	[14, 21, 22, 39, 40, 41, 45, 47, 48, 49, 50, 64, 66, 71, 72, 73, 76, 77, 79, 80, 81, 83, 84, 95, 96, 108, 109, 111, 112, 113, 115, 125, 128, 136, 139, 142, 143, 144, 145, 147, 149, 154, 155, 156, 161, 164, 168, 174]	48	[13, 14, 15, 20, 21, 22, 23, 38, 39, 40, 41, 42, 44, 45, 46, 47, 48, 49, 50, 51, 63, 64, 65, 66, 67, 68, 70, 71, 72, 73, 74, 75, 76, 77, 78, 79, 80, 81, 82, 83, 84, 85, 94, 95, 96, 97, 107, 108, 109, 110, 111, 112, 113, 114, 115, 116, 120, 124, 125, 126, 127, 128, 129, 132, 135, 136, 137, 138, 139, 140, 141, 142, 143, 144, 145, 146, 147, 148, 149, 150, 152, 153, 154, 155, 156, 157, 160, 161, 162, 163, 164, 165, 167, 168, 169, 173, 174, 175, 187]	2_217_1byu.1.B_5cd6efded60c5967e0824ca6.pdb
P32835	P30822+P32835_interface@_group39	[45, 47, 48, 49, 66, 72, 73, 76, 77, 78, 79, 80, 83, 84, 95, 96, 98, 101, 104, 105, 108, 112, 113, 115, 126, 131, 132, 134, 135, 141, 142, 143, 144, 145, 147, 148, 150, 155, 157, 158, 165, 169, 174, 208, 209, 210, 214, 215]	48	[41, 44, 45, 46, 47, 48, 49, 50, 65, 66, 67, 68, 71, 72, 73, 74, 75, 76, 77, 78, 79, 80, 81, 82, 83, 84, 85, 94, 95, 96, 97, 98, 99, 100, 101, 102, 103, 104, 105, 106, 107, 108, 109, 111, 112, 113, 114, 115, 116, 120, 121, 125, 126, 127, 130, 131, 132, 133, 134, 135, 136, 138, 140, 141, 142, 143, 144, 145, 146, 147, 148, 149, 150, 151, 152, 154, 155, 156, 157, 158, 159, 164, 165, 166, 168, 169, 170, 173, 174, 175, 187, 207, 208, 209, 210, 211, 213, 214, 215, 216]	2_217_1byu.1.B_5cd6efded60c5967e0824ca6.pdb
