P47137	Site@_group0	[81]	1	[47, 80, 81, 82, 113]	2_279_1vp5.1.A_5cd5c23108cc8f4b5e562067.pdb
P47137	Binding site@_group1	[115]	1	[114, 115, 116]	2_279_1vp5.1.A_5cd5c23108cc8f4b5e562067.pdb
P47137	Active site@_group2	[50]	1	[49, 50, 51]	2_279_1vp5.1.A_5cd5c23108cc8f4b5e562067.pdb
P47137	P47137+P53076_interface@_group3	[7, 10, 11, 22, 23, 42, 49, 89, 90, 107, 118, 119, 123, 129, 141, 155, 176, 196, 199, 201, 202, 203, 204, 205, 206, 208, 215, 232, 244, 245, 271, 274, 275, 276, 277]	35	[6, 7, 8, 9, 10, 11, 12, 21, 22, 23, 24, 41, 42, 43, 48, 49, 50, 76, 88, 89, 90, 91, 106, 107, 108, 110, 117, 118, 119, 120, 122, 123, 124, 126, 128, 129, 130, 140, 141, 142, 154, 155, 156, 161, 172, 175, 176, 177, 195, 196, 197, 198, 199, 200, 201, 202, 203, 204, 205, 206, 207, 208, 209, 211, 214, 215, 216, 231, 232, 233, 243, 244, 245, 246, 248, 270, 271, 272, 273, 274, 275, 276, 277, 278]	2_279_1vp5.1.A_5cd5c23108cc8f4b5e562067.pdb
P47137	P47137+Q06525_interface@_group4	[7, 10, 11, 22, 23, 42, 49, 89, 90, 107, 118, 119, 123, 129, 141, 155, 176, 196, 199, 201, 202, 203, 204, 205, 206, 208, 215, 232, 244, 245, 271, 274, 275, 276, 277]	35	[6, 7, 8, 9, 10, 11, 12, 21, 22, 23, 24, 41, 42, 43, 48, 49, 50, 76, 88, 89, 90, 91, 106, 107, 108, 110, 117, 118, 119, 120, 122, 123, 124, 126, 128, 129, 130, 140, 141, 142, 154, 155, 156, 161, 172, 175, 176, 177, 195, 196, 197, 198, 199, 200, 201, 202, 203, 204, 205, 206, 207, 208, 209, 211, 214, 215, 216, 231, 232, 233, 243, 244, 245, 246, 248, 270, 271, 272, 273, 274, 275, 276, 277, 278]	2_279_1vp5.1.A_5cd5c23108cc8f4b5e562067.pdb
P47137	P47137+Q08409_interface@_group5	[7, 10, 11, 22, 23, 42, 49, 89, 90, 107, 118, 119, 123, 129, 141, 155, 176, 196, 199, 201, 202, 203, 204, 205, 206, 208, 215, 232, 244, 245, 271, 274, 275, 276, 277]	35	[6, 7, 8, 9, 10, 11, 12, 21, 22, 23, 24, 41, 42, 43, 48, 49, 50, 76, 88, 89, 90, 91, 106, 107, 108, 110, 117, 118, 119, 120, 122, 123, 124, 126, 128, 129, 130, 140, 141, 142, 154, 155, 156, 161, 172, 175, 176, 177, 195, 196, 197, 198, 199, 200, 201, 202, 203, 204, 205, 206, 207, 208, 209, 211, 214, 215, 216, 231, 232, 233, 243, 244, 245, 246, 248, 270, 271, 272, 273, 274, 275, 276, 277, 278]	2_279_1vp5.1.A_5cd5c23108cc8f4b5e562067.pdb
P47137	P22696+P47137_interface@_group6	[12, 40, 42, 49, 50, 51, 115, 117, 118, 120, 147, 149, 152, 172, 176, 199, 201, 202, 203, 241, 245, 271, 272, 273, 274, 275, 276, 277, 278]	29	[11, 12, 13, 39, 40, 41, 42, 43, 48, 49, 50, 51, 52, 76, 114, 115, 116, 117, 118, 119, 120, 121, 123, 125, 146, 147, 148, 149, 150, 151, 152, 153, 171, 172, 173, 175, 176, 177, 196, 198, 199, 200, 201, 202, 203, 204, 240, 241, 242, 244, 245, 246, 248, 270, 271, 272, 273, 274, 275, 276, 277, 278, 279]	2_279_1vp5.1.A_5cd5c23108cc8f4b5e562067.pdb
P47137	P33203+P47137_interface@_group7	[7, 10, 11, 22, 23, 42, 49, 89, 90, 107, 118, 119, 123, 129, 141, 155, 176, 196, 199, 201, 202, 203, 204, 205, 206, 208, 215, 232, 244, 245, 271, 274, 275, 276, 277]	35	[6, 7, 8, 9, 10, 11, 12, 21, 22, 23, 24, 41, 42, 43, 48, 49, 50, 76, 88, 89, 90, 91, 106, 107, 108, 110, 117, 118, 119, 120, 122, 123, 124, 126, 128, 129, 130, 140, 141, 142, 154, 155, 156, 161, 172, 175, 176, 177, 195, 196, 197, 198, 199, 200, 201, 202, 203, 204, 205, 206, 207, 208, 209, 211, 214, 215, 216, 231, 232, 233, 243, 244, 245, 246, 248, 270, 271, 272, 273, 274, 275, 276, 277, 278]	2_279_1vp5.1.A_5cd5c23108cc8f4b5e562067.pdb
P47137	P39940+P47137_interface@_group8	[6, 7, 10, 11, 12, 13, 22, 38, 42, 48, 49, 51, 54, 72, 74, 75, 83, 89, 90, 97, 101, 104, 105, 107, 118, 119, 121, 122, 123, 125, 126, 129, 138, 141, 150, 151, 152, 154, 155, 158, 176, 178, 179, 180, 187, 188, 196, 199, 201, 202, 203, 204, 205, 206, 208, 215, 216, 218, 219, 220, 232, 233, 241, 243, 244, 245, 247, 253, 254, 256, 259, 264, 267, 271, 272, 273, 274, 275, 276, 277]	80	[5, 6, 7, 8, 9, 10, 11, 12, 13, 14, 21, 22, 23, 37, 38, 39, 41, 42, 43, 47, 48, 49, 50, 51, 52, 53, 54, 55, 57, 68, 71, 72, 73, 74, 75, 76, 82, 83, 84, 88, 89, 90, 91, 96, 97, 98, 100, 101, 102, 103, 104, 105, 106, 107, 108, 110, 117, 118, 119, 120, 121, 122, 123, 124, 125, 126, 127, 128, 129, 130, 137, 138, 139, 140, 141, 142, 149, 150, 151, 152, 153, 154, 155, 156, 157, 158, 159, 161, 172, 175, 176, 177, 178, 179, 180, 181, 183, 184, 186, 187, 188, 189, 190, 195, 196, 197, 198, 199, 200, 201, 202, 203, 204, 205, 206, 207, 208, 209, 211, 214, 215, 216, 217, 218, 219, 220, 221, 231, 232, 233, 234, 240, 241, 242, 243, 244, 245, 246, 247, 248, 252, 253, 254, 255, 256, 257, 258, 259, 260, 263, 264, 265, 266, 267, 268, 270, 271, 272, 273, 274, 275, 276, 277, 278]	2_279_1vp5.1.A_5cd5c23108cc8f4b5e562067.pdb
P47137	P40318+P47137_interface@_group9	[7, 10, 11, 22, 23, 42, 49, 89, 90, 107, 118, 119, 123, 129, 141, 155, 176, 196, 199, 201, 202, 203, 204, 205, 206, 208, 215, 232, 244, 245, 271, 274, 275, 276, 277]	35	[6, 7, 8, 9, 10, 11, 12, 21, 22, 23, 24, 41, 42, 43, 48, 49, 50, 76, 88, 89, 90, 91, 106, 107, 108, 110, 117, 118, 119, 120, 122, 123, 124, 126, 128, 129, 130, 140, 141, 142, 154, 155, 156, 161, 172, 175, 176, 177, 195, 196, 197, 198, 199, 200, 201, 202, 203, 204, 205, 206, 207, 208, 209, 211, 214, 215, 216, 231, 232, 233, 243, 244, 245, 246, 248, 270, 271, 272, 273, 274, 275, 276, 277, 278]	2_279_1vp5.1.A_5cd5c23108cc8f4b5e562067.pdb
P47137	P43582+P47137_interface@_group10	[7, 10, 11, 22, 23, 42, 49, 89, 90, 107, 118, 119, 123, 129, 141, 155, 176, 196, 199, 201, 202, 203, 204, 205, 206, 208, 215, 232, 244, 245, 271, 274, 275, 276, 277]	35	[6, 7, 8, 9, 10, 11, 12, 21, 22, 23, 24, 41, 42, 43, 48, 49, 50, 76, 88, 89, 90, 91, 106, 107, 108, 110, 117, 118, 119, 120, 122, 123, 124, 126, 128, 129, 130, 140, 141, 142, 154, 155, 156, 161, 172, 175, 176, 177, 195, 196, 197, 198, 199, 200, 201, 202, 203, 204, 205, 206, 207, 208, 209, 211, 214, 215, 216, 231, 232, 233, 243, 244, 245, 246, 248, 270, 271, 272, 273, 274, 275, 276, 277, 278]	2_279_1vp5.1.A_5cd5c23108cc8f4b5e562067.pdb
P47137	P46995+P47137_interface@_group11	[7, 10, 11, 22, 23, 42, 49, 89, 90, 107, 118, 119, 123, 129, 141, 155, 176, 196, 199, 201, 202, 203, 204, 205, 206, 208, 215, 232, 244, 245, 271, 274, 275, 276, 277]	35	[6, 7, 8, 9, 10, 11, 12, 21, 22, 23, 24, 41, 42, 43, 48, 49, 50, 76, 88, 89, 90, 91, 106, 107, 108, 110, 117, 118, 119, 120, 122, 123, 124, 126, 128, 129, 130, 140, 141, 142, 154, 155, 156, 161, 172, 175, 176, 177, 195, 196, 197, 198, 199, 200, 201, 202, 203, 204, 205, 206, 207, 208, 209, 211, 214, 215, 216, 231, 232, 233, 243, 244, 245, 246, 248, 270, 271, 272, 273, 274, 275, 276, 277, 278]	2_279_1vp5.1.A_5cd5c23108cc8f4b5e562067.pdb
