P32337	Modified residue@_group0	[2]	1	[8, 9, 10, 15, 16, 17, 18, 19, 20, 21, 22, 23, 24, 25, 26, 27, 28, 29, 30, 57, 58, 59, 60, 61, 62, 63, 64, 65, 66, 67, 68, 69, 70, 71, 72, 73, 74, 75, 76, 77, 78, 79, 80, 81, 82, 83, 84, 85, 86, 87, 88, 89, 90, 91, 92, 93, 94, 95, 96, 97, 98, 99, 100, 101, 102, 103, 104, 105, 106, 107, 108, 109, 110, 111, 113]	4_1088_3w3z.1.A_5cda4dcb732c1e932e2a4205.pdb
P32337	Modified residue@_group1	[830]	1	[829, 830, 831]	4_1088_3w3z.1.A_5cda4dcb732c1e932e2a4205.pdb
P32337	Repeat@_group2	[6, 7, 8, 9, 10, 11, 12, 13, 14, 15, 16, 17, 18, 19, 20, 21, 22, 23, 24, 25, 26, 27, 28, 29, 30, 31, 32, 33, 34, 35, 36, 37, 38, 39]	34	[5, 6, 7, 8, 9, 10, 11, 12, 13, 14, 15, 16, 17, 18, 19, 20, 21, 22, 23, 24, 25, 26, 27, 28, 29, 30, 31, 32, 33, 34, 35, 36, 37, 38, 39, 40]	4_1088_3w3z.1.A_5cda4dcb732c1e932e2a4205.pdb
P32337	Repeat@_group3	[44, 45, 46, 47, 48, 49, 50, 51, 52, 53, 54, 55, 56, 57, 58, 59, 60, 61, 62, 63, 64, 65, 66, 67, 68, 69, 70, 71, 72, 73, 74, 75, 76, 77, 78]	35	[43, 44, 45, 46, 47, 48, 49, 50, 51, 52, 53, 54, 55, 56, 57, 58, 59, 60, 61, 62, 63, 64, 65, 66, 67, 68, 69, 70, 71, 72, 73, 74, 75, 76, 77, 78, 79, 90, 91, 109, 125]	4_1088_3w3z.1.A_5cda4dcb732c1e932e2a4205.pdb
P32337	Repeat@_group4	[96, 97, 98, 99, 100, 101, 102, 103, 104, 105, 106, 107, 108, 109, 110, 111, 112, 113, 114, 115, 116, 117, 118, 119, 120, 121, 122, 123, 124, 125, 126, 127, 128, 129]	34	[56, 72, 95, 96, 97, 98, 99, 100, 101, 102, 103, 104, 105, 106, 107, 108, 109, 110, 111, 112, 113, 114, 115, 116, 117, 118, 119, 120, 121, 122, 123, 124, 125, 126, 127, 128, 129, 130]	4_1088_3w3z.1.A_5cda4dcb732c1e932e2a4205.pdb
P32337	Repeat@_group5	[138, 139, 140, 141, 142, 143, 144, 145, 146, 147, 148, 149, 150, 151, 152, 153, 154, 155, 156, 157, 158, 159, 160, 161, 162, 163, 164, 165]	28	[137, 138, 139, 140, 141, 142, 143, 144, 145, 146, 147, 148, 149, 150, 151, 152, 153, 154, 155, 156, 157, 158, 159, 160, 161, 162, 163, 164, 165, 166, 193, 200]	4_1088_3w3z.1.A_5cda4dcb732c1e932e2a4205.pdb
P32337	Repeat@_group6	[175, 176, 177, 178, 179, 180, 181, 182, 183, 184, 185, 186, 187, 188, 189, 190, 191, 192, 193, 194, 195, 196, 197, 198, 199, 200, 201, 202, 203, 204, 205, 206, 207]	33	[157, 164, 174, 175, 176, 177, 178, 179, 180, 181, 182, 183, 184, 185, 186, 187, 188, 189, 190, 191, 192, 193, 194, 195, 196, 197, 198, 199, 200, 201, 202, 203, 204, 205, 206, 207, 208]	4_1088_3w3z.1.A_5cda4dcb732c1e932e2a4205.pdb
P32337	Repeat@_group7	[216, 217, 218, 219, 220, 221, 222, 223, 224, 225, 226, 227, 228, 229, 230, 231, 232, 233, 234, 235, 236, 237, 238, 239, 240, 241, 242, 243, 244, 245, 246, 247, 248, 249, 250, 251, 252]	37	[214, 215, 216, 217, 218, 219, 220, 221, 222, 223, 224, 225, 226, 227, 228, 229, 230, 231, 232, 233, 234, 235, 236, 237, 238, 239, 240, 241, 242, 243, 244, 245, 246, 247, 248, 249, 250, 251, 252, 253, 254, 281]	4_1088_3w3z.1.A_5cda4dcb732c1e932e2a4205.pdb
P32337	Repeat@_group8	[260, 261, 262, 263, 264, 265, 266, 267, 268, 269, 270, 271, 272, 273, 274, 275, 276, 277, 278, 279, 280, 281, 282, 283, 284, 285, 286, 287, 288, 289, 290, 291, 292, 293, 294, 295]	36	[240, 259, 260, 261, 262, 263, 264, 265, 266, 267, 268, 269, 270, 271, 272, 273, 274, 275, 276, 277, 278, 279, 280, 281, 282, 283, 284, 285, 286, 287, 288, 289, 290, 291, 292, 293, 294, 295, 296, 297]	4_1088_3w3z.1.A_5cda4dcb732c1e932e2a4205.pdb
P32337	Repeat@_group9	[304, 305, 306, 307, 308, 309, 310, 311, 312, 313, 314, 315, 316, 317, 318, 319, 320, 321, 322, 323, 324, 325, 326, 327, 328, 329, 330, 331, 332, 333, 334, 335, 336, 337, 338, 339, 340, 341, 342, 343, 344, 345, 346, 347, 348, 349, 350, 351, 352, 353, 354, 355, 356, 357, 358, 359]	56	[303, 304, 305, 306, 307, 308, 309, 310, 311, 312, 313, 314, 315, 316, 317, 318, 319, 320, 321, 322, 323, 324, 325, 326, 327, 328, 329, 330, 331, 332, 333, 334, 335, 336, 337, 338, 339, 340, 341, 342, 343, 344, 345, 346, 347, 348, 349, 350, 351, 352, 353, 354, 355, 356, 357, 358, 359, 360, 382, 393, 397]	4_1088_3w3z.1.A_5cda4dcb732c1e932e2a4205.pdb
P32337	Repeat@_group10	[361, 362, 363, 364, 365, 366, 367, 368, 369, 370, 371, 372, 373, 374, 375, 376, 377, 378, 379, 380, 381, 382, 383, 384, 385, 386, 387, 388, 389, 390, 391, 392, 393, 394, 395]	35	[319, 353, 360, 361, 362, 363, 364, 365, 366, 367, 368, 369, 370, 371, 372, 373, 374, 375, 376, 377, 378, 379, 380, 381, 382, 383, 384, 385, 386, 387, 388, 389, 390, 391, 392, 393, 394, 395, 396, 398, 424, 431]	4_1088_3w3z.1.A_5cda4dcb732c1e932e2a4205.pdb
P32337	Repeat@_group11	[399, 400, 401, 402, 403, 404, 405, 406, 407, 408, 409, 410, 411, 412, 413, 414, 415, 416, 417, 418, 419, 420, 421, 422, 423, 424, 425, 426, 427, 428, 429, 430, 431, 432, 433, 434, 435, 436, 437, 438, 439]	41	[385, 392, 398, 399, 400, 401, 402, 403, 404, 405, 406, 407, 408, 409, 410, 411, 412, 413, 414, 415, 416, 417, 418, 419, 420, 421, 422, 423, 424, 425, 426, 427, 428, 429, 430, 431, 432, 433, 434, 435, 436, 437, 438, 439, 440, 474]	4_1088_3w3z.1.A_5cda4dcb732c1e932e2a4205.pdb
P32337	Repeat@_group12	[441, 442, 443, 444, 445, 446, 447, 448, 449, 450, 451, 452, 453, 454, 455, 456, 457, 458, 459, 460, 461, 462, 463, 464, 465, 466, 467, 468, 469, 470, 471, 472, 473, 474, 475, 476, 477, 478, 479, 480, 481]	41	[433, 440, 441, 442, 443, 444, 445, 446, 447, 448, 449, 450, 451, 452, 453, 454, 455, 456, 457, 458, 459, 460, 461, 462, 463, 464, 465, 466, 467, 468, 469, 470, 471, 472, 473, 474, 475, 476, 477, 478, 479, 480, 481, 482]	4_1088_3w3z.1.A_5cda4dcb732c1e932e2a4205.pdb
P32337	Repeat@_group13	[484, 485, 486, 487, 488, 489, 490, 491, 492, 493, 494, 495, 496, 497, 498, 499, 500, 501, 502, 503, 504, 505, 506, 507, 508, 509, 510, 511, 512, 513, 514, 515, 516, 517, 518, 519, 520, 521, 522, 523, 524]	41	[483, 484, 485, 486, 487, 488, 489, 490, 491, 492, 493, 494, 495, 496, 497, 498, 499, 500, 501, 502, 503, 504, 505, 506, 507, 508, 509, 510, 511, 512, 513, 514, 515, 516, 517, 518, 519, 520, 521, 522, 523, 524, 525, 527]	4_1088_3w3z.1.A_5cda4dcb732c1e932e2a4205.pdb
P32337	Repeat@_group14	[526, 527, 528, 529, 530, 531, 532, 533, 534, 535, 536, 537, 538, 539, 540, 541, 542, 543, 544, 545, 546, 547, 548, 549, 550, 551, 552, 553, 554, 555, 556, 557, 558, 559, 560, 561, 562, 563, 564, 565, 566, 567, 568]	43	[524, 525, 526, 527, 528, 529, 530, 531, 532, 533, 534, 535, 536, 537, 538, 539, 540, 541, 542, 543, 544, 545, 546, 547, 548, 549, 550, 551, 552, 553, 554, 555, 556, 557, 558, 559, 560, 561, 562, 563, 564, 565, 566, 567, 568, 569]	4_1088_3w3z.1.A_5cda4dcb732c1e932e2a4205.pdb
P32337	Repeat@_group15	[571, 572, 573, 574, 575, 576, 577, 578, 579, 580, 581, 582, 583, 584, 585, 586, 587, 588, 589, 590, 591, 592, 593, 594, 595, 596, 597, 598, 599, 600, 601, 602, 603, 604, 605, 606, 607, 608, 609, 610, 611, 612, 613]	43	[570, 571, 572, 573, 574, 575, 576, 577, 578, 579, 580, 581, 582, 583, 584, 585, 586, 587, 588, 589, 590, 591, 592, 593, 594, 595, 596, 597, 598, 599, 600, 601, 602, 603, 604, 605, 606, 607, 608, 609, 610, 611, 612, 613, 614]	4_1088_3w3z.1.A_5cda4dcb732c1e932e2a4205.pdb
P32337	Repeat@_group16	[615, 616, 617, 618, 619, 620, 621, 622, 623, 624, 625, 626, 627, 628, 629, 630, 631, 632, 633, 634, 635, 636, 637, 638, 639, 640, 641, 642, 643, 644, 645, 646, 647, 648, 649, 650, 651, 652, 653, 654, 655, 656, 657, 658, 659, 660, 661, 662, 663, 664, 665, 666, 667, 668, 669, 670, 671, 672, 673, 674, 675, 676, 677, 678, 679, 680, 681, 682, 683, 684, 685, 686, 687, 688, 689]	75	[614, 615, 616, 617, 618, 619, 620, 621, 622, 623, 624, 625, 626, 627, 628, 629, 630, 631, 632, 633, 634, 635, 636, 637, 638, 639, 640, 641, 642, 643, 644, 645, 646, 647, 648, 649, 650, 651, 652, 653, 654, 655, 656, 657, 658, 659, 660, 661, 662, 663, 664, 665, 666, 667, 668, 669, 670, 671, 672, 673, 674, 675, 676, 677, 678, 679, 680, 681, 682, 683, 684, 685, 686, 687, 688, 689, 690]	4_1088_3w3z.1.A_5cda4dcb732c1e932e2a4205.pdb
P32337	Repeat@_group17	[692, 693, 694, 695, 696, 697, 698, 699, 700, 701, 702, 703, 704, 705, 706, 707, 708, 709, 710, 711, 712, 713, 714, 715, 716, 717, 718, 719, 720, 721, 722, 723, 724, 725, 726, 727, 728, 729, 730, 731, 732, 733, 734, 735]	44	[690, 691, 692, 693, 694, 695, 696, 697, 698, 699, 700, 701, 702, 703, 704, 705, 706, 707, 708, 709, 710, 711, 712, 713, 714, 715, 716, 717, 718, 719, 720, 721, 722, 723, 724, 725, 726, 727, 728, 729, 730, 731, 732, 733, 734, 735, 736, 777]	4_1088_3w3z.1.A_5cda4dcb732c1e932e2a4205.pdb
P32337	Repeat@_group18	[742, 743, 744, 745, 746, 747, 748, 749, 750, 751, 752, 753, 754, 755, 756, 757, 758, 759, 760, 761, 762, 763, 764, 765, 766, 767, 768, 769, 770, 771, 772, 773, 774, 775, 776, 777, 778, 779, 780, 781]	40	[726, 741, 742, 743, 744, 745, 746, 747, 748, 749, 750, 751, 752, 753, 754, 755, 756, 757, 758, 759, 760, 761, 762, 763, 764, 765, 766, 767, 768, 769, 770, 771, 772, 773, 774, 775, 776, 777, 778, 779, 780, 781, 782, 797, 834]	4_1088_3w3z.1.A_5cda4dcb732c1e932e2a4205.pdb
P32337	Repeat@_group19	[788, 789, 790, 791, 792, 793, 794, 795, 796, 797, 798, 799, 800, 801, 802, 803, 804, 805, 806, 807, 808, 809, 810, 811, 812, 813, 814, 815, 816, 817, 818, 819, 820, 821, 822, 823, 824, 825, 826, 827, 828, 829, 830, 831, 832, 833, 834, 835, 836, 837, 838, 839, 840, 841, 842, 843, 844, 845, 846, 847, 848, 849]	62	[758, 759, 768, 783, 784, 787, 788, 789, 790, 791, 792, 793, 794, 795, 796, 797, 798, 799, 800, 801, 802, 803, 804, 805, 806, 807, 808, 809, 810, 811, 812, 813, 814, 815, 816, 817, 818, 819, 820, 821, 822, 823, 824, 825, 826, 827, 828, 829, 830, 831, 832, 833, 834, 835, 836, 837, 838, 839, 840, 841, 842, 843, 844, 845, 846, 847, 848, 849, 850]	4_1088_3w3z.1.A_5cda4dcb732c1e932e2a4205.pdb
P32337	Repeat@_group20	[852, 853, 854, 855, 856, 857, 858, 859, 860, 861, 862, 863, 864, 865, 866, 867, 868, 869, 870, 871, 872, 873, 874, 875, 876, 877, 878, 879, 880, 881, 882, 883, 884, 885, 886, 887, 888, 889, 890]	39	[851, 852, 853, 854, 855, 856, 857, 858, 859, 860, 861, 862, 863, 864, 865, 866, 867, 868, 869, 870, 871, 872, 873, 874, 875, 876, 877, 878, 879, 880, 881, 882, 883, 884, 885, 886, 887, 888, 889, 890, 891, 923]	4_1088_3w3z.1.A_5cda4dcb732c1e932e2a4205.pdb
P32337	Repeat@_group21	[898, 899, 900, 901, 902, 903, 904, 905, 906, 907, 908, 909, 910, 911, 912, 913, 914, 915, 916, 917, 918, 919, 920, 921, 922, 923, 924, 925, 926, 927, 928, 929, 930]	33	[884, 891, 897, 898, 899, 900, 901, 902, 903, 904, 905, 906, 907, 908, 909, 910, 911, 912, 913, 914, 915, 916, 917, 918, 919, 920, 921, 922, 923, 924, 925, 926, 927, 928, 929, 930, 931, 932, 963, 970]	4_1088_3w3z.1.A_5cda4dcb732c1e932e2a4205.pdb
P32337	Repeat@_group22	[938, 939, 940, 941, 942, 943, 944, 945, 946, 947, 948, 949, 950, 951, 952, 953, 954, 955, 956, 957, 958, 959, 960, 961, 962, 963, 964, 965, 966, 967, 968, 969, 970, 971, 972, 973, 974, 975, 976, 977, 978]	41	[918, 925, 937, 938, 939, 940, 941, 942, 943, 944, 945, 946, 947, 948, 949, 950, 951, 952, 953, 954, 955, 956, 957, 958, 959, 960, 961, 962, 963, 964, 965, 966, 967, 968, 969, 970, 971, 972, 973, 974, 975, 976, 977, 978, 979]	4_1088_3w3z.1.A_5cda4dcb732c1e932e2a4205.pdb
P32337	Repeat@_group23	[986, 987, 988, 989, 990, 991, 992, 993, 994, 995, 996, 997, 998, 999, 1000, 1001, 1002, 1003, 1004, 1005, 1006, 1007, 1008, 1009, 1010, 1011, 1012, 1013, 1014, 1015, 1016, 1017]	32	[985, 986, 987, 988, 989, 990, 991, 992, 993, 994, 995, 996, 997, 998, 999, 1000, 1001, 1002, 1003, 1004, 1005, 1006, 1007, 1008, 1009, 1010, 1011, 1012, 1013, 1014, 1015, 1016, 1017, 1018, 1035]	4_1088_3w3z.1.A_5cda4dcb732c1e932e2a4205.pdb
P32337	Repeat@_group24	[1028, 1029, 1030, 1031, 1032, 1033, 1034, 1035, 1036, 1037, 1038, 1039, 1040, 1041, 1042, 1043, 1044, 1045, 1046, 1047, 1048, 1049, 1050, 1051, 1052, 1053, 1054, 1055, 1056, 1057, 1058, 1059, 1060, 1061, 1062, 1063]	36	[997, 1024, 1027, 1028, 1029, 1030, 1031, 1032, 1033, 1034, 1035, 1036, 1037, 1038, 1039, 1040, 1041, 1042, 1043, 1044, 1045, 1046, 1047, 1048, 1049, 1050, 1051, 1052, 1053, 1054, 1055, 1056, 1057, 1058, 1059, 1060, 1061, 1062, 1063, 1064]	4_1088_3w3z.1.A_5cda4dcb732c1e932e2a4205.pdb
P32337	Repeat@_group25	[1066, 1067, 1068, 1069, 1070, 1071, 1072, 1073, 1074, 1075, 1076, 1077, 1078, 1079, 1080, 1081, 1082, 1083, 1084, 1085, 1086, 1087, 1088, 1089]	24	[1065, 1066, 1067, 1068, 1069, 1070, 1071, 1072, 1073, 1074, 1075, 1076, 1077, 1078, 1079, 1080, 1081, 1082, 1083, 1084, 1085, 1086, 1087, 1088]	4_1088_3w3z.1.A_5cda4dcb732c1e932e2a4205.pdb
P32337	Beta strand@_group26	[38, 39, 40]	3	[34, 37, 38, 39, 40, 41]	4_1088_3w3z.1.A_5cda4dcb732c1e932e2a4205.pdb
P32337	Beta strand@_group27	[132, 133, 134]	3	[131, 132, 133, 134, 135]	4_1088_3w3z.1.A_5cda4dcb732c1e932e2a4205.pdb
P32337	Beta strand@_group28	[638, 639, 640, 641]	4	[637, 638, 639, 640, 641, 642, 665, 667]	4_1088_3w3z.1.A_5cda4dcb732c1e932e2a4205.pdb
P32337	Beta strand@_group29	[646, 647, 648]	3	[645, 646, 647, 648, 649]	4_1088_3w3z.1.A_5cda4dcb732c1e932e2a4205.pdb
P32337	Beta strand@_group30	[655, 656, 657, 658, 659, 660, 661, 662, 663, 664, 665, 666, 667, 668]	14	[638, 640, 654, 655, 656, 657, 658, 659, 660, 661, 662, 663, 664, 665, 666, 667, 668, 669]	4_1088_3w3z.1.A_5cda4dcb732c1e932e2a4205.pdb
P32337	Beta strand@_group31	[870, 871, 872]	3	[867, 869, 870, 871, 872, 873]	4_1088_3w3z.1.A_5cda4dcb732c1e932e2a4205.pdb
P32337	Beta strand@_group32	[1023, 1024, 1025, 1026, 1027]	5	[1022, 1023, 1024, 1025, 1026, 1027, 1028]	4_1088_3w3z.1.A_5cda4dcb732c1e932e2a4205.pdb
P32337	Helix@_group33	[6, 7, 8, 9, 10, 11, 12, 13, 14, 15, 16, 17, 18]	13	[5, 6, 7, 8, 9, 10, 11, 12, 13, 14, 15, 16, 17, 18, 19]	4_1088_3w3z.1.A_5cda4dcb732c1e932e2a4205.pdb
P32337	Helix@_group34	[25, 26, 27, 28, 29, 30, 31, 32, 33, 34, 35, 36, 37]	13	[19, 24, 25, 26, 27, 28, 29, 30, 31, 32, 33, 34, 35, 36, 37, 38]	4_1088_3w3z.1.A_5cda4dcb732c1e932e2a4205.pdb
P32337	Helix@_group35	[44, 45, 46, 47, 48, 49, 50, 51, 52, 53, 54, 55, 56, 57]	14	[43, 44, 45, 46, 47, 48, 49, 50, 51, 52, 53, 54, 55, 56, 57, 58, 64, 67, 109]	4_1088_3w3z.1.A_5cda4dcb732c1e932e2a4205.pdb
P32337	Helix@_group36	[61, 62, 63, 64, 65, 66, 67, 68, 69, 70, 71, 72, 73, 74, 75, 76, 77]	17	[51, 55, 60, 61, 62, 63, 64, 65, 66, 67, 68, 69, 70, 71, 72, 73, 74, 75, 76, 77, 78, 90, 91, 125]	4_1088_3w3z.1.A_5cda4dcb732c1e932e2a4205.pdb
P32337	Helix@_group37	[91, 92, 93]	3	[75, 90, 91, 92, 93, 94]	4_1088_3w3z.1.A_5cda4dcb732c1e932e2a4205.pdb
P32337	Helix@_group38	[96, 97, 98, 99, 100, 101, 102, 103, 104, 105, 106, 107, 108, 109, 110, 111]	16	[56, 95, 96, 97, 98, 99, 100, 101, 102, 103, 104, 105, 106, 107, 108, 109, 110, 111, 112]	4_1088_3w3z.1.A_5cda4dcb732c1e932e2a4205.pdb
P32337	Helix@_group39	[116, 117, 118, 119, 120, 121, 122, 123, 124, 125, 126, 127]	12	[72, 115, 116, 117, 118, 119, 120, 121, 122, 123, 124, 125, 126, 127, 128]	4_1088_3w3z.1.A_5cda4dcb732c1e932e2a4205.pdb
P32337	Helix@_group40	[138, 139, 140, 141, 142, 143, 144, 145, 146, 147, 148, 149]	12	[137, 138, 139, 140, 141, 142, 143, 144, 145, 146, 147, 148, 149, 150, 156]	4_1088_3w3z.1.A_5cda4dcb732c1e932e2a4205.pdb
P32337	Helix@_group41	[153, 154, 155, 156, 157, 158, 159, 160, 161, 162, 163, 164, 165]	13	[148, 152, 153, 154, 155, 156, 157, 158, 159, 160, 161, 162, 163, 164, 165, 166, 193, 200]	4_1088_3w3z.1.A_5cda4dcb732c1e932e2a4205.pdb
P32337	Helix@_group42	[168, 169, 170, 171, 172]	5	[167, 168, 169, 170, 171, 172, 173]	4_1088_3w3z.1.A_5cda4dcb732c1e932e2a4205.pdb
P32337	Helix@_group43	[175, 176, 177, 178, 179, 180, 181, 182, 183, 184, 185]	11	[174, 175, 176, 177, 178, 179, 180, 181, 182, 183, 184, 185, 186]	4_1088_3w3z.1.A_5cda4dcb732c1e932e2a4205.pdb
P32337	Helix@_group44	[191, 192, 193, 194, 195, 196, 197, 198, 199, 200, 201, 202, 203, 204, 205, 206, 207]	17	[157, 164, 186, 190, 191, 192, 193, 194, 195, 196, 197, 198, 199, 200, 201, 202, 203, 204, 205, 206, 207, 208]	4_1088_3w3z.1.A_5cda4dcb732c1e932e2a4205.pdb
P32337	Helix@_group45	[210, 211, 212, 213, 214, 215]	6	[209, 210, 211, 212, 213, 214, 215, 216, 217]	4_1088_3w3z.1.A_5cda4dcb732c1e932e2a4205.pdb
P32337	Helix@_group46	[217, 218, 219]	3	[214, 216, 217, 218, 219, 220]	4_1088_3w3z.1.A_5cda4dcb732c1e932e2a4205.pdb
P32337	Helix@_group47	[220, 221, 222, 223, 224, 225, 226]	7	[219, 220, 221, 222, 223, 224, 225, 226, 227]	4_1088_3w3z.1.A_5cda4dcb732c1e932e2a4205.pdb
P32337	Helix@_group48	[228, 229, 230, 231, 232]	5	[227, 228, 229, 230, 231, 232, 233, 234, 235]	4_1088_3w3z.1.A_5cda4dcb732c1e932e2a4205.pdb
P32337	Helix@_group49	[236, 237, 238, 239, 240, 241, 242, 243, 244, 245, 246, 247, 248, 249, 250, 251, 252]	17	[235, 236, 237, 238, 239, 240, 241, 242, 243, 244, 245, 246, 247, 248, 249, 250, 251, 252, 253, 254, 281]	4_1088_3w3z.1.A_5cda4dcb732c1e932e2a4205.pdb
P32337	Helix@_group50	[254, 255, 256, 257, 258, 259, 260]	7	[250, 253, 254, 255, 256, 257, 258, 259, 260, 261]	4_1088_3w3z.1.A_5cda4dcb732c1e932e2a4205.pdb
P32337	Helix@_group51	[261, 262, 263, 264, 265, 266, 267, 268, 269, 270, 271, 272, 273]	13	[260, 261, 262, 263, 264, 265, 266, 267, 268, 269, 270, 271, 272, 273, 274, 282]	4_1088_3w3z.1.A_5cda4dcb732c1e932e2a4205.pdb
P32337	Helix@_group52	[279, 280, 281, 282, 283, 284, 285, 286, 287, 288, 289, 290, 291, 292, 293, 294, 295]	17	[240, 272, 278, 279, 280, 281, 282, 283, 284, 285, 286, 287, 288, 289, 290, 291, 292, 293, 294, 295, 296, 297]	4_1088_3w3z.1.A_5cda4dcb732c1e932e2a4205.pdb
P32337	Helix@_group53	[297, 298, 299, 300, 301]	5	[293, 296, 297, 298, 299, 300, 301, 302]	4_1088_3w3z.1.A_5cda4dcb732c1e932e2a4205.pdb
P32337	Helix@_group54	[304, 305, 306, 307, 308, 309, 310, 311, 312, 313, 314, 315, 316, 317, 318]	15	[303, 304, 305, 306, 307, 308, 309, 310, 311, 312, 313, 314, 315, 316, 317, 318, 319, 345, 348]	4_1088_3w3z.1.A_5cda4dcb732c1e932e2a4205.pdb
P32337	Helix@_group55	[329, 330, 331, 332]	4	[328, 329, 330, 331, 332, 333]	4_1088_3w3z.1.A_5cda4dcb732c1e932e2a4205.pdb
P32337	Helix@_group56	[343, 344, 345, 346, 347, 348, 349, 350, 351, 352, 353, 354, 355, 356, 357, 358, 359]	17	[314, 318, 342, 343, 344, 345, 346, 347, 348, 349, 350, 351, 352, 353, 354, 355, 356, 357, 358, 359, 360, 393, 397]	4_1088_3w3z.1.A_5cda4dcb732c1e932e2a4205.pdb
P32337	Helix@_group57	[361, 362, 363, 364, 365, 366, 367, 368, 369, 370, 371, 372, 373, 374, 375, 376]	16	[360, 361, 362, 363, 364, 365, 366, 367, 368, 369, 370, 371, 372, 373, 374, 375, 376, 377, 384, 398]	4_1088_3w3z.1.A_5cda4dcb732c1e932e2a4205.pdb
P32337	Helix@_group58	[381, 382, 383, 384, 385, 386, 387, 388, 389, 390, 391, 392, 393, 394]	14	[319, 353, 376, 380, 381, 382, 383, 384, 385, 386, 387, 388, 389, 390, 391, 392, 393, 394, 395, 424, 431]	4_1088_3w3z.1.A_5cda4dcb732c1e932e2a4205.pdb
P32337	Helix@_group59	[399, 400, 401, 402]	4	[398, 399, 400, 401, 402, 403, 405]	4_1088_3w3z.1.A_5cda4dcb732c1e932e2a4205.pdb
P32337	Helix@_group60	[406, 407, 408, 409, 410, 411, 412, 413]	8	[405, 406, 407, 408, 409, 410, 411, 412, 413, 414]	4_1088_3w3z.1.A_5cda4dcb732c1e932e2a4205.pdb
P32337	Helix@_group61	[414, 415, 416, 417, 418]	5	[413, 414, 415, 416, 417, 418, 419, 425]	4_1088_3w3z.1.A_5cda4dcb732c1e932e2a4205.pdb
P32337	Helix@_group62	[422, 423, 424, 425, 426, 427, 428, 429, 430, 431, 432, 433, 434, 435, 436, 437, 438]	17	[385, 392, 417, 421, 422, 423, 424, 425, 426, 427, 428, 429, 430, 431, 432, 433, 434, 435, 436, 437, 438, 439, 474]	4_1088_3w3z.1.A_5cda4dcb732c1e932e2a4205.pdb
P32337	Helix@_group63	[442, 443, 444, 445, 446, 447, 448, 449, 450, 451, 452, 453, 454, 455, 456, 457, 458]	17	[441, 442, 443, 444, 445, 446, 447, 448, 449, 450, 451, 452, 453, 454, 455, 456, 457, 458, 459]	4_1088_3w3z.1.A_5cda4dcb732c1e932e2a4205.pdb
P32337	Helix@_group64	[465, 466, 467, 468, 469, 470, 471, 472, 473, 474, 475, 476, 477, 478, 479, 480]	16	[433, 459, 464, 465, 466, 467, 468, 469, 470, 471, 472, 473, 474, 475, 476, 477, 478, 479, 480, 481, 482]	4_1088_3w3z.1.A_5cda4dcb732c1e932e2a4205.pdb
P32337	Helix@_group65	[484, 485, 486, 487]	4	[483, 484, 485, 486, 487, 488]	4_1088_3w3z.1.A_5cda4dcb732c1e932e2a4205.pdb
P32337	Helix@_group66	[488, 489, 490]	3	[487, 488, 489, 490, 491]	4_1088_3w3z.1.A_5cda4dcb732c1e932e2a4205.pdb
P32337	Helix@_group67	[491, 492, 493, 494, 495, 496, 497, 498, 499, 500, 501, 502]	12	[490, 491, 492, 493, 494, 495, 496, 497, 498, 499, 500, 501, 502, 503, 510]	4_1088_3w3z.1.A_5cda4dcb732c1e932e2a4205.pdb
P32337	Helix@_group68	[507, 508, 509, 510, 511, 512, 513, 514, 515, 516, 517, 518, 519, 520, 521, 522, 523, 524]	18	[502, 506, 507, 508, 509, 510, 511, 512, 513, 514, 515, 516, 517, 518, 519, 520, 521, 522, 523, 524, 525, 527]	4_1088_3w3z.1.A_5cda4dcb732c1e932e2a4205.pdb
P32337	Helix@_group69	[525, 526, 527, 528, 529, 530, 531]	7	[524, 525, 526, 527, 528, 529, 530, 531, 532, 567, 568]	4_1088_3w3z.1.A_5cda4dcb732c1e932e2a4205.pdb
P32337	Helix@_group70	[532, 533, 534, 535, 536, 537, 538, 539, 540, 541, 542, 543, 544]	13	[531, 532, 533, 534, 535, 536, 537, 538, 539, 540, 541, 542, 543, 544, 545]	4_1088_3w3z.1.A_5cda4dcb732c1e932e2a4205.pdb
P32337	Helix@_group71	[551, 552, 553, 554, 555, 556, 557, 558, 559, 560, 561, 562, 563, 564, 565, 566, 567, 568]	18	[525, 529, 550, 551, 552, 553, 554, 555, 556, 557, 558, 559, 560, 561, 562, 563, 564, 565, 566, 567, 568, 569]	4_1088_3w3z.1.A_5cda4dcb732c1e932e2a4205.pdb
P32337	Helix@_group72	[570, 571, 572, 573]	4	[569, 570, 571, 572, 573, 574]	4_1088_3w3z.1.A_5cda4dcb732c1e932e2a4205.pdb
P32337	Helix@_group73	[577, 578, 579, 580, 581, 582, 583, 584, 585, 586, 587, 588]	12	[574, 576, 577, 578, 579, 580, 581, 582, 583, 584, 585, 586, 587, 588, 589]	4_1088_3w3z.1.A_5cda4dcb732c1e932e2a4205.pdb
P32337	Helix@_group74	[597, 598, 599, 600, 601, 602, 603, 604, 605, 606, 607, 608, 609, 610, 611, 612, 613]	17	[596, 597, 598, 599, 600, 601, 602, 603, 604, 605, 606, 607, 608, 609, 610, 611, 612, 613, 614]	4_1088_3w3z.1.A_5cda4dcb732c1e932e2a4205.pdb
P32337	Helix@_group75	[614, 615, 616, 617, 618, 619, 620]	7	[613, 614, 615, 616, 617, 618, 619, 620, 621]	4_1088_3w3z.1.A_5cda4dcb732c1e932e2a4205.pdb
P32337	Helix@_group76	[621, 622, 623, 624, 625, 626, 627, 628, 629, 630, 631, 632]	12	[620, 621, 622, 623, 624, 625, 626, 627, 628, 629, 630, 631, 632, 633, 675]	4_1088_3w3z.1.A_5cda4dcb732c1e932e2a4205.pdb
P32337	Helix@_group77	[649, 650, 651]	3	[648, 649, 650, 651, 652]	4_1088_3w3z.1.A_5cda4dcb732c1e932e2a4205.pdb
P32337	Helix@_group78	[669, 670, 671, 672, 673, 674, 675, 676, 677, 678, 679, 680, 681, 682, 683, 684, 685, 686, 687, 688, 689]	21	[632, 654, 668, 669, 670, 671, 672, 673, 674, 675, 676, 677, 678, 679, 680, 681, 682, 683, 684, 685, 686, 687, 688, 689, 690]	4_1088_3w3z.1.A_5cda4dcb732c1e932e2a4205.pdb
P32337	Helix@_group79	[690, 691, 692, 693]	4	[689, 690, 691, 692, 693, 694, 731, 734, 735]	4_1088_3w3z.1.A_5cda4dcb732c1e932e2a4205.pdb
P32337	Helix@_group80	[694, 695, 696, 697, 698, 699, 700, 701, 702, 703]	10	[693, 694, 695, 696, 697, 698, 699, 700, 701, 702, 703, 704, 705, 732]	4_1088_3w3z.1.A_5cda4dcb732c1e932e2a4205.pdb
P32337	Helix@_group81	[705, 706, 707, 708, 709]	5	[701, 704, 705, 706, 707, 708, 709, 710, 718, 721]	4_1088_3w3z.1.A_5cda4dcb732c1e932e2a4205.pdb
P32337	Helix@_group82	[715, 716, 717, 718, 719, 720, 721, 722, 723, 724, 725, 726, 727, 728, 729, 730, 731, 732, 733, 734]	20	[690, 691, 694, 705, 709, 714, 715, 716, 717, 718, 719, 720, 721, 722, 723, 724, 725, 726, 727, 728, 729, 730, 731, 732, 733, 734, 735, 777]	4_1088_3w3z.1.A_5cda4dcb732c1e932e2a4205.pdb
P32337	Helix@_group83	[742, 743, 744, 745, 746, 747, 748, 749, 750, 751, 752, 753, 754, 755, 756, 757]	16	[741, 742, 743, 744, 745, 746, 747, 748, 749, 750, 751, 752, 753, 754, 755, 756, 757, 758]	4_1088_3w3z.1.A_5cda4dcb732c1e932e2a4205.pdb
P32337	Helix@_group84	[764, 765, 766, 767, 768, 769, 770, 771, 772, 773, 774, 775, 776, 777, 778, 779, 780, 781]	18	[726, 763, 764, 765, 766, 767, 768, 769, 770, 771, 772, 773, 774, 775, 776, 777, 778, 779, 780, 781, 782, 834]	4_1088_3w3z.1.A_5cda4dcb732c1e932e2a4205.pdb
P32337	Helix@_group85	[788, 789, 790, 791, 792, 793, 794, 795, 796, 797, 798, 799, 800, 801, 802, 803, 804, 805, 806, 807, 808, 809]	22	[758, 759, 787, 788, 789, 790, 791, 792, 793, 794, 795, 796, 797, 798, 799, 800, 801, 802, 803, 804, 805, 806, 807, 808, 809, 810]	4_1088_3w3z.1.A_5cda4dcb732c1e932e2a4205.pdb
P32337	Helix@_group86	[829, 830, 831, 832, 833, 834, 835, 836, 837, 838, 839, 840, 841, 842, 843, 844, 845, 846, 847, 848, 849]	21	[768, 783, 784, 828, 829, 830, 831, 832, 833, 834, 835, 836, 837, 838, 839, 840, 841, 842, 843, 844, 845, 846, 847, 848, 849, 850]	4_1088_3w3z.1.A_5cda4dcb732c1e932e2a4205.pdb
P32337	Helix@_group87	[854, 855, 856, 857]	4	[853, 854, 855, 856, 857, 858]	4_1088_3w3z.1.A_5cda4dcb732c1e932e2a4205.pdb
P32337	Helix@_group88	[858, 859, 860]	3	[857, 858, 859, 860, 861]	4_1088_3w3z.1.A_5cda4dcb732c1e932e2a4205.pdb
P32337	Helix@_group89	[861, 862, 863, 864, 865, 866, 867, 868]	8	[858, 860, 861, 862, 863, 864, 865, 866, 867, 868, 869, 870, 875, 876]	4_1088_3w3z.1.A_5cda4dcb732c1e932e2a4205.pdb
P32337	Helix@_group90	[873, 874, 875, 876, 877, 878, 879, 880, 881, 882, 883, 884, 885, 886, 887]	15	[867, 868, 872, 873, 874, 875, 876, 877, 878, 879, 880, 881, 882, 883, 884, 885, 886, 887, 888, 923]	4_1088_3w3z.1.A_5cda4dcb732c1e932e2a4205.pdb
P32337	Helix@_group91	[891, 892, 893]	3	[890, 891, 892, 893, 894, 930, 931]	4_1088_3w3z.1.A_5cda4dcb732c1e932e2a4205.pdb
P32337	Helix@_group92	[895, 896, 897, 898, 899, 900, 901, 902, 903, 904, 905, 906, 907, 908, 909]	15	[894, 895, 896, 897, 898, 899, 900, 901, 902, 903, 904, 905, 906, 907, 908, 909, 910, 911, 917]	4_1088_3w3z.1.A_5cda4dcb732c1e932e2a4205.pdb
P32337	Helix@_group93	[914, 915, 916, 917, 918, 919, 920, 921, 922, 923, 924, 925, 926, 927, 928, 929, 930]	17	[884, 891, 909, 913, 914, 915, 916, 917, 918, 919, 920, 921, 922, 923, 924, 925, 926, 927, 928, 929, 930, 931, 932, 963, 970]	4_1088_3w3z.1.A_5cda4dcb732c1e932e2a4205.pdb
P32337	Helix@_group94	[936, 937, 938, 939, 940, 941, 942, 943, 944, 945, 946, 947, 948, 949]	14	[935, 936, 937, 938, 939, 940, 941, 942, 943, 944, 945, 946, 947, 948, 949, 950]	4_1088_3w3z.1.A_5cda4dcb732c1e932e2a4205.pdb
P32337	Helix@_group95	[958, 959, 960]	3	[957, 958, 959, 960, 961]	4_1088_3w3z.1.A_5cda4dcb732c1e932e2a4205.pdb
P32337	Helix@_group96	[961, 962, 963, 964, 965, 966, 967, 968, 969, 970, 971, 972, 973, 974, 975, 976, 977]	17	[918, 925, 960, 961, 962, 963, 964, 965, 966, 967, 968, 969, 970, 971, 972, 973, 974, 975, 976, 977, 978]	4_1088_3w3z.1.A_5cda4dcb732c1e932e2a4205.pdb
P32337	Helix@_group97	[987, 988, 989, 990, 991, 992, 993]	7	[986, 987, 988, 989, 990, 991, 992, 993, 994]	4_1088_3w3z.1.A_5cda4dcb732c1e932e2a4205.pdb
P32337	Helix@_group98	[1002, 1003, 1004, 1005, 1006, 1007, 1008, 1009, 1010, 1011, 1012, 1013]	12	[1001, 1002, 1003, 1004, 1005, 1006, 1007, 1008, 1009, 1010, 1011, 1012, 1013, 1014]	4_1088_3w3z.1.A_5cda4dcb732c1e932e2a4205.pdb
P32337	Helix@_group99	[1029, 1030, 1031, 1032, 1033, 1034, 1035, 1036, 1037, 1038, 1039, 1040, 1041]	13	[997, 1028, 1029, 1030, 1031, 1032, 1033, 1034, 1035, 1036, 1037, 1038, 1039, 1040, 1041, 1042]	4_1088_3w3z.1.A_5cda4dcb732c1e932e2a4205.pdb
P32337	Helix@_group100	[1053, 1054, 1055, 1056, 1057, 1058, 1059, 1060, 1061, 1062]	10	[1052, 1053, 1054, 1055, 1056, 1057, 1058, 1059, 1060, 1061, 1062, 1063]	4_1088_3w3z.1.A_5cda4dcb732c1e932e2a4205.pdb
P32337	Helix@_group101	[1066, 1067, 1068, 1069, 1070, 1071]	6	[1065, 1066, 1067, 1068, 1069, 1070, 1071, 1072]	4_1088_3w3z.1.A_5cda4dcb732c1e932e2a4205.pdb
P32337	Helix@_group102	[1072, 1073, 1074, 1075]	4	[1071, 1072, 1073, 1074, 1075, 1076]	4_1088_3w3z.1.A_5cda4dcb732c1e932e2a4205.pdb
P32337	Helix@_group103	[1078, 1079, 1080, 1081, 1082, 1083, 1084, 1085]	8	[1077, 1078, 1079, 1080, 1081, 1082, 1083, 1084, 1085, 1086, 1087]	4_1088_3w3z.1.A_5cda4dcb732c1e932e2a4205.pdb
P32337	Turn@_group104	[41, 42, 43]	3	[40, 41, 42, 43, 44]	4_1088_3w3z.1.A_5cda4dcb732c1e932e2a4205.pdb
P32337	Turn@_group105	[395, 396, 397, 398]	4	[356, 357, 360, 361, 394, 395, 396, 397, 398, 399]	4_1088_3w3z.1.A_5cda4dcb732c1e932e2a4205.pdb
P32337	Turn@_group106	[439, 440, 441]	3	[438, 439, 440, 441, 442]	4_1088_3w3z.1.A_5cda4dcb732c1e932e2a4205.pdb
P32337	Turn@_group107	[574, 575, 576]	3	[573, 574, 575, 576, 577]	4_1088_3w3z.1.A_5cda4dcb732c1e932e2a4205.pdb
P32337	Turn@_group108	[758, 759, 760]	3	[757, 758, 759, 760, 761, 797]	4_1088_3w3z.1.A_5cda4dcb732c1e932e2a4205.pdb
P32337	Turn@_group109	[850, 851, 852, 853]	4	[847, 849, 850, 851, 852, 853, 854, 889, 890]	4_1088_3w3z.1.A_5cda4dcb732c1e932e2a4205.pdb
P32337	Turn@_group110	[933, 934, 935]	3	[932, 933, 934, 935, 936]	4_1088_3w3z.1.A_5cda4dcb732c1e932e2a4205.pdb
P32337	Turn@_group111	[978, 979, 980]	3	[977, 978, 979, 980, 981]	4_1088_3w3z.1.A_5cda4dcb732c1e932e2a4205.pdb
P32337	P32337+P32835_interface@_group112	[19, 20, 21, 22, 24, 27, 31, 35, 39, 61, 62, 65, 66, 69, 70, 72, 73, 77, 83, 117, 120, 121, 124, 161, 165, 206, 207, 244, 248, 251, 280, 287, 337, 338, 340, 341, 343, 346, 347, 350, 353, 354, 357, 396, 548, 596, 644, 648, 650, 651, 652, 653]	52	[18, 19, 20, 21, 22, 23, 24, 25, 26, 27, 28, 30, 31, 32, 34, 35, 36, 38, 39, 40, 60, 61, 62, 63, 64, 65, 66, 67, 68, 69, 70, 71, 72, 73, 74, 75, 76, 77, 78, 82, 83, 84, 116, 117, 118, 119, 120, 121, 122, 123, 124, 125, 158, 160, 161, 162, 164, 165, 166, 203, 205, 206, 207, 208, 243, 244, 245, 247, 248, 249, 250, 251, 252, 279, 280, 281, 284, 286, 287, 288, 290, 336, 337, 338, 339, 340, 341, 342, 343, 344, 345, 346, 347, 348, 349, 350, 351, 352, 353, 354, 355, 356, 357, 358, 393, 395, 396, 397, 547, 548, 549, 595, 596, 597, 643, 644, 645, 647, 648, 649, 650, 651, 652, 653, 654]	4_1088_3w3z.1.A_5cda4dcb732c1e932e2a4205.pdb
P32337	P32337+P32836_interface@_group113	[19, 20, 21, 22, 24, 27, 31, 35, 39, 61, 62, 65, 66, 69, 70, 72, 73, 77, 83, 117, 120, 121, 124, 161, 165, 206, 207, 244, 248, 251, 280, 287, 337, 338, 340, 341, 343, 346, 347, 350, 353, 354, 357, 396, 548, 596, 644, 648, 650, 651, 652, 653]	52	[18, 19, 20, 21, 22, 23, 24, 25, 26, 27, 28, 30, 31, 32, 34, 35, 36, 38, 39, 40, 60, 61, 62, 63, 64, 65, 66, 67, 68, 69, 70, 71, 72, 73, 74, 75, 76, 77, 78, 82, 83, 84, 116, 117, 118, 119, 120, 121, 122, 123, 124, 125, 158, 160, 161, 162, 164, 165, 166, 203, 205, 206, 207, 208, 243, 244, 245, 247, 248, 249, 250, 251, 252, 279, 280, 281, 284, 286, 287, 288, 290, 336, 337, 338, 339, 340, 341, 342, 343, 344, 345, 346, 347, 348, 349, 350, 351, 352, 353, 354, 355, 356, 357, 358, 393, 395, 396, 397, 547, 548, 549, 595, 596, 597, 643, 644, 645, 647, 648, 649, 650, 651, 652, 653, 654]	4_1088_3w3z.1.A_5cda4dcb732c1e932e2a4205.pdb
P32337	P32337+P35497_interface@_group114	[10, 13, 17, 20, 21, 22, 23, 24, 25, 26, 27, 28, 29, 31, 36, 42, 46, 66, 69, 72, 73, 76, 77, 120, 121, 131, 132, 133, 135, 136, 138, 139, 142, 145, 149, 151, 153, 161, 164, 165, 168, 171, 172, 187, 189, 195, 209, 218, 221, 225, 229, 244, 248, 251, 252, 255, 256, 259, 270, 273, 274, 275, 276, 294, 298, 301, 302, 312, 316, 323, 324, 326, 327, 332, 333, 335, 338, 339, 340, 343, 346, 347, 349, 350, 353, 354, 357, 358, 362, 366, 370, 371, 373, 374, 377, 379, 380, 383, 396, 399, 400, 401, 403, 404, 405, 408, 411, 415, 418, 420, 421, 434, 437, 438, 441, 442, 445, 446, 449, 450, 453, 457, 463, 476, 477, 480, 481, 483, 484, 485, 486, 488, 489, 490, 492, 496, 500, 503, 504, 505, 506, 507, 510, 519, 522, 526, 527, 529, 530, 533, 534, 537, 538, 541, 545, 548, 549, 552, 566, 569, 570, 571, 574, 578, 585, 591, 592, 593, 594, 595, 596, 597, 599, 600, 604, 611, 614, 615, 616, 618, 619, 622, 623, 626, 627, 630, 633, 634, 635, 637, 638, 639, 640, 642, 643, 644, 645, 651, 652, 653, 654, 655, 656, 658, 659, 660, 661, 662, 663, 664, 671, 673, 674, 677, 680, 683, 687, 690, 692, 695, 698, 703, 707, 710, 712, 713, 715, 716, 733, 744, 745, 748, 759, 760, 762, 763, 769, 779, 782, 783, 784, 788, 808, 811, 812, 829, 832, 840, 850, 852, 881, 888, 889, 891, 892, 896, 899, 910, 912, 915, 918, 922, 929, 930, 933, 951, 952, 953, 954, 955, 956, 957, 958, 959, 976, 979, 985, 994, 997, 1000, 1002, 1003, 1006, 1010, 1014, 1015, 1017, 1020, 1023, 1059, 1063, 1070, 1074, 1075, 1077, 1078]	296	[519, 10, 522, 13, 526, 527, 17, 529, 530, 20, 21, 22, 23, 24, 25, 26, 27, 28, 29, 533, 31, 537, 538, 541, 545, 36, 548, 549, 1059, 552, 1063, 42, 46, 1070, 1074, 1075, 1077, 566, 1078, 569, 570, 571, 574, 66, 578, 69, 72, 73, 585, 76, 77, 591, 592, 593, 594, 595, 596, 597, 599, 600, 604, 611, 614, 615, 616, 618, 619, 622, 623, 626, 627, 630, 120, 633, 121, 634, 635, 637, 638, 534, 639, 640, 642, 131, 132, 133, 643, 135, 136, 644, 138, 139, 645, 651, 142, 652, 653, 145, 654, 655, 656, 149, 658, 151, 659, 153, 660, 661, 662, 663, 664, 671, 161, 673, 674, 164, 165, 677, 168, 680, 171, 172, 683, 687, 690, 692, 695, 698, 187, 189, 703, 195, 707, 710, 712, 713, 715, 716, 209, 218, 221, 733, 225, 229, 744, 745, 748, 244, 759, 248, 760, 762, 251, 252, 763, 255, 256, 769, 259, 779, 270, 782, 783, 273, 274, 275, 276, 784, 788, 294, 808, 298, 811, 812, 301, 302, 312, 316, 829, 832, 323, 324, 326, 327, 840, 332, 333, 335, 338, 339, 340, 850, 852, 343, 346, 347, 349, 350, 353, 354, 357, 358, 362, 366, 503, 881, 370, 371, 373, 374, 888, 377, 889, 379, 380, 891, 892, 383, 896, 899, 396, 910, 399, 400, 401, 912, 403, 404, 405, 915, 918, 408, 922, 411, 415, 929, 418, 930, 420, 421, 933, 434, 437, 438, 951, 952, 441, 442, 953, 954, 445, 446, 955, 956, 449, 450, 957, 958, 453, 959, 457, 463, 976, 979, 985, 476, 477, 480, 481, 994, 483, 484, 485, 486, 997, 488, 489, 490, 1000, 492, 1002, 1003, 1006, 496, 1010, 500, 1014, 1015, 504, 505, 506, 507, 1020, 1017, 510, 1023]	4_1088_3w3z.1.A_5cda4dcb732c1e932e2a4205.pdb
P32337	P32337+P36000_interface@_group115	[10, 13, 17, 20, 21, 22, 23, 24, 25, 26, 27, 28, 29, 31, 36, 42, 46, 66, 69, 72, 73, 76, 77, 120, 121, 131, 132, 133, 135, 136, 138, 139, 142, 145, 149, 151, 153, 161, 164, 165, 168, 171, 172, 187, 189, 195, 209, 218, 221, 225, 229, 244, 248, 251, 252, 255, 256, 259, 270, 273, 274, 275, 276, 294, 298, 301, 302, 312, 316, 323, 324, 326, 327, 332, 333, 335, 338, 339, 340, 343, 346, 347, 349, 350, 353, 354, 357, 358, 362, 366, 370, 371, 373, 374, 377, 379, 380, 383, 396, 399, 400, 401, 403, 404, 405, 408, 411, 415, 418, 420, 421, 434, 437, 438, 441, 442, 445, 446, 449, 450, 453, 457, 463, 476, 477, 480, 481, 483, 484, 485, 486, 488, 489, 490, 492, 496, 500, 503, 504, 505, 506, 507, 510, 519, 522, 526, 527, 529, 530, 533, 534, 537, 538, 541, 545, 548, 549, 552, 566, 569, 570, 571, 574, 578, 585, 591, 592, 593, 594, 595, 596, 597, 599, 600, 604, 611, 614, 615, 616, 618, 619, 622, 623, 626, 627, 630, 633, 634, 635, 637, 638, 639, 640, 642, 643, 644, 645, 651, 652, 653, 654, 655, 656, 658, 659, 660, 661, 662, 663, 664, 671, 673, 674, 677, 680, 683, 687, 690, 692, 695, 698, 703, 707, 710, 712, 713, 715, 716, 733, 744, 745, 748, 759, 760, 762, 763, 769, 779, 782, 783, 784, 788, 808, 811, 812, 829, 832, 840, 850, 852, 881, 888, 889, 891, 892, 896, 899, 910, 912, 915, 918, 922, 929, 930, 933, 951, 952, 953, 954, 955, 956, 957, 958, 959, 976, 979, 985, 994, 997, 1000, 1002, 1003, 1006, 1010, 1014, 1015, 1017, 1020, 1023, 1059, 1063, 1070, 1074, 1075, 1077, 1078]	296	[519, 10, 522, 13, 526, 527, 17, 529, 530, 20, 21, 22, 23, 24, 25, 26, 27, 28, 29, 533, 31, 537, 538, 541, 545, 36, 548, 549, 1059, 552, 1063, 42, 46, 1070, 1074, 1075, 1077, 566, 1078, 569, 570, 571, 574, 66, 578, 69, 72, 73, 585, 76, 77, 591, 592, 593, 594, 595, 596, 597, 599, 600, 604, 611, 614, 615, 616, 618, 619, 622, 623, 626, 627, 630, 120, 633, 121, 634, 635, 637, 638, 534, 639, 640, 642, 131, 132, 133, 643, 135, 136, 644, 138, 139, 645, 651, 142, 652, 653, 145, 654, 655, 656, 149, 658, 151, 659, 153, 660, 661, 662, 663, 664, 671, 161, 673, 674, 164, 165, 677, 168, 680, 171, 172, 683, 687, 690, 692, 695, 698, 187, 189, 703, 195, 707, 710, 712, 713, 715, 716, 209, 218, 221, 733, 225, 229, 744, 745, 748, 244, 759, 248, 760, 762, 251, 252, 763, 255, 256, 769, 259, 779, 270, 782, 783, 273, 274, 275, 276, 784, 788, 294, 808, 298, 811, 812, 301, 302, 312, 316, 829, 832, 323, 324, 326, 327, 840, 332, 333, 335, 338, 339, 340, 850, 852, 343, 346, 347, 349, 350, 353, 354, 357, 358, 362, 366, 503, 881, 370, 371, 373, 374, 888, 377, 889, 379, 380, 891, 892, 383, 896, 899, 396, 910, 399, 400, 401, 912, 403, 404, 405, 915, 918, 408, 922, 411, 415, 929, 418, 930, 420, 421, 933, 434, 437, 438, 951, 952, 441, 442, 953, 954, 445, 446, 955, 956, 449, 450, 957, 958, 453, 959, 457, 463, 976, 979, 985, 476, 477, 480, 481, 994, 483, 484, 485, 486, 997, 488, 489, 490, 1000, 492, 1002, 1003, 1006, 496, 1010, 500, 1014, 1015, 504, 505, 506, 507, 1020, 1017, 510, 1023]	4_1088_3w3z.1.A_5cda4dcb732c1e932e2a4205.pdb
P32337	P32337+P38821_interface@_group116	[10, 13, 17, 20, 21, 22, 23, 24, 25, 26, 27, 28, 29, 31, 36, 42, 46, 66, 69, 72, 73, 76, 77, 120, 121, 131, 132, 133, 135, 136, 138, 139, 142, 145, 149, 151, 153, 161, 164, 165, 168, 171, 172, 187, 189, 195, 209, 218, 221, 225, 229, 244, 248, 251, 252, 255, 256, 259, 270, 273, 274, 275, 276, 294, 298, 301, 302, 312, 316, 323, 324, 326, 327, 332, 333, 335, 338, 339, 340, 343, 346, 347, 349, 350, 353, 354, 357, 358, 362, 366, 370, 371, 373, 374, 377, 379, 380, 383, 396, 399, 400, 401, 403, 404, 405, 408, 411, 415, 418, 420, 421, 434, 437, 438, 441, 442, 445, 446, 449, 450, 453, 457, 463, 476, 477, 480, 481, 483, 484, 485, 486, 488, 489, 490, 492, 496, 500, 503, 504, 505, 506, 507, 510, 519, 522, 526, 527, 529, 530, 533, 534, 537, 538, 541, 545, 548, 549, 552, 566, 569, 570, 571, 574, 578, 585, 591, 592, 593, 594, 595, 596, 597, 599, 600, 604, 611, 614, 615, 616, 618, 619, 622, 623, 626, 627, 630, 633, 634, 635, 637, 638, 639, 640, 642, 643, 644, 645, 651, 652, 653, 654, 655, 656, 658, 659, 660, 661, 662, 663, 664, 671, 673, 674, 677, 680, 683, 687, 690, 692, 695, 698, 703, 707, 710, 712, 713, 715, 716, 733, 744, 745, 748, 759, 760, 762, 763, 769, 779, 782, 783, 784, 788, 808, 811, 812, 829, 832, 840, 850, 852, 881, 888, 889, 891, 892, 896, 899, 910, 912, 915, 918, 922, 929, 930, 933, 951, 952, 953, 954, 955, 956, 957, 958, 959, 976, 979, 985, 994, 997, 1000, 1002, 1003, 1006, 1010, 1014, 1015, 1017, 1020, 1023, 1059, 1063, 1070, 1074, 1075, 1077, 1078]	296	[519, 10, 522, 13, 526, 527, 17, 529, 530, 20, 21, 22, 23, 24, 25, 26, 27, 28, 29, 533, 31, 537, 538, 541, 545, 36, 548, 549, 1059, 552, 1063, 42, 46, 1070, 1074, 1075, 1077, 566, 1078, 569, 570, 571, 574, 66, 578, 69, 72, 73, 585, 76, 77, 591, 592, 593, 594, 595, 596, 597, 599, 600, 604, 611, 614, 615, 616, 618, 619, 622, 623, 626, 627, 630, 120, 633, 121, 634, 635, 637, 638, 534, 639, 640, 642, 131, 132, 133, 643, 135, 136, 644, 138, 139, 645, 651, 142, 652, 653, 145, 654, 655, 656, 149, 658, 151, 659, 153, 660, 661, 662, 663, 664, 671, 161, 673, 674, 164, 165, 677, 168, 680, 171, 172, 683, 687, 690, 692, 695, 698, 187, 189, 703, 195, 707, 710, 712, 713, 715, 716, 209, 218, 221, 733, 225, 229, 744, 745, 748, 244, 759, 248, 760, 762, 251, 252, 763, 255, 256, 769, 259, 779, 270, 782, 783, 273, 274, 275, 276, 784, 788, 294, 808, 298, 811, 812, 301, 302, 312, 316, 829, 832, 323, 324, 326, 327, 840, 332, 333, 335, 338, 339, 340, 850, 852, 343, 346, 347, 349, 350, 353, 354, 357, 358, 362, 366, 503, 881, 370, 371, 373, 374, 888, 377, 889, 379, 380, 891, 892, 383, 896, 899, 396, 910, 399, 400, 401, 912, 403, 404, 405, 915, 918, 408, 922, 411, 415, 929, 418, 930, 420, 421, 933, 434, 437, 438, 951, 952, 441, 442, 953, 954, 445, 446, 955, 956, 449, 450, 957, 958, 453, 959, 457, 463, 976, 979, 985, 476, 477, 480, 481, 994, 483, 484, 485, 486, 997, 488, 489, 490, 1000, 492, 1002, 1003, 1006, 496, 1010, 500, 1014, 1015, 504, 505, 506, 507, 1020, 1017, 510, 1023]	4_1088_3w3z.1.A_5cda4dcb732c1e932e2a4205.pdb
P32337	P32337+P38910_interface@_group117	[10, 13, 17, 20, 21, 22, 23, 24, 25, 26, 27, 28, 29, 31, 36, 42, 46, 66, 69, 72, 73, 76, 77, 120, 121, 131, 132, 133, 135, 136, 138, 139, 142, 145, 149, 151, 153, 161, 164, 165, 168, 171, 172, 187, 189, 195, 209, 218, 221, 225, 229, 244, 248, 251, 252, 255, 256, 259, 270, 273, 274, 275, 276, 294, 298, 301, 302, 312, 316, 323, 324, 326, 327, 332, 333, 335, 338, 339, 340, 343, 346, 347, 349, 350, 353, 354, 357, 358, 362, 366, 370, 371, 373, 374, 377, 379, 380, 383, 396, 399, 400, 401, 403, 404, 405, 408, 411, 415, 418, 420, 421, 434, 437, 438, 441, 442, 445, 446, 449, 450, 453, 457, 463, 476, 477, 480, 481, 483, 484, 485, 486, 488, 489, 490, 492, 496, 500, 503, 504, 505, 506, 507, 510, 519, 522, 526, 527, 529, 530, 533, 534, 537, 538, 541, 545, 548, 549, 552, 566, 569, 570, 571, 574, 578, 585, 591, 592, 593, 594, 595, 596, 597, 599, 600, 604, 611, 614, 615, 616, 618, 619, 622, 623, 626, 627, 630, 633, 634, 635, 637, 638, 639, 640, 642, 643, 644, 645, 651, 652, 653, 654, 655, 656, 658, 659, 660, 661, 662, 663, 664, 671, 673, 674, 677, 680, 683, 687, 690, 692, 695, 698, 703, 707, 710, 712, 713, 715, 716, 733, 744, 745, 748, 759, 760, 762, 763, 769, 779, 782, 783, 784, 788, 808, 811, 812, 829, 832, 840, 850, 852, 881, 888, 889, 891, 892, 896, 899, 910, 912, 915, 918, 922, 929, 930, 933, 951, 952, 953, 954, 955, 956, 957, 958, 959, 976, 979, 985, 994, 997, 1000, 1002, 1003, 1006, 1010, 1014, 1015, 1017, 1020, 1023, 1059, 1063, 1070, 1074, 1075, 1077, 1078]	296	[519, 10, 522, 13, 526, 527, 17, 529, 530, 20, 21, 22, 23, 24, 25, 26, 27, 28, 29, 533, 31, 537, 538, 541, 545, 36, 548, 549, 1059, 552, 1063, 42, 46, 1070, 1074, 1075, 1077, 566, 1078, 569, 570, 571, 574, 66, 578, 69, 72, 73, 585, 76, 77, 591, 592, 593, 594, 595, 596, 597, 599, 600, 604, 611, 614, 615, 616, 618, 619, 622, 623, 626, 627, 630, 120, 633, 121, 634, 635, 637, 638, 534, 639, 640, 642, 131, 132, 133, 643, 135, 136, 644, 138, 139, 645, 651, 142, 652, 653, 145, 654, 655, 656, 149, 658, 151, 659, 153, 660, 661, 662, 663, 664, 671, 161, 673, 674, 164, 165, 677, 168, 680, 171, 172, 683, 687, 690, 692, 695, 698, 187, 189, 703, 195, 707, 710, 712, 713, 715, 716, 209, 218, 221, 733, 225, 229, 744, 745, 748, 244, 759, 248, 760, 762, 251, 252, 763, 255, 256, 769, 259, 779, 270, 782, 783, 273, 274, 275, 276, 784, 788, 294, 808, 298, 811, 812, 301, 302, 312, 316, 829, 832, 323, 324, 326, 327, 840, 332, 333, 335, 338, 339, 340, 850, 852, 343, 346, 347, 349, 350, 353, 354, 357, 358, 362, 366, 503, 881, 370, 371, 373, 374, 888, 377, 889, 379, 380, 891, 892, 383, 896, 899, 396, 910, 399, 400, 401, 912, 403, 404, 405, 915, 918, 408, 922, 411, 415, 929, 418, 930, 420, 421, 933, 434, 437, 438, 951, 952, 441, 442, 953, 954, 445, 446, 955, 956, 449, 450, 957, 958, 453, 959, 457, 463, 976, 979, 985, 476, 477, 480, 481, 994, 483, 484, 485, 486, 997, 488, 489, 490, 1000, 492, 1002, 1003, 1006, 496, 1010, 500, 1014, 1015, 504, 505, 506, 507, 1020, 1017, 510, 1023]	4_1088_3w3z.1.A_5cda4dcb732c1e932e2a4205.pdb
P32337	P32337+P39970_interface@_group118	[20, 21, 22, 23, 24, 25, 26, 29, 69, 72, 73, 76, 113, 121, 139, 161, 195, 225, 229, 248, 255, 256, 275, 323, 324, 350, 353, 354, 357, 358, 366, 373, 374, 396, 399, 400, 415, 420, 421, 434, 437, 438, 440, 442, 445, 446, 476, 477, 480, 481, 488, 489, 490, 492, 500, 503, 505, 506, 507, 519, 522, 530, 533, 534, 537, 538, 541, 545, 548, 549, 566, 570, 571, 591, 592, 593, 594, 595, 596, 597, 611, 615, 616, 618, 619, 622, 623, 626, 627, 635, 637, 638, 639, 640, 642, 644, 651, 652, 653, 654, 656, 658, 659, 661, 662, 663, 673, 674, 680, 695, 710, 712, 715, 716, 762, 763, 806, 811, 812, 829, 881, 888, 889, 891, 892, 910, 918, 922, 930, 944, 951, 952, 953, 954, 955, 956, 957, 958, 959, 976, 985, 997, 1003, 1014, 1015, 1017, 1020, 1023]	148	[519, 522, 530, 20, 21, 22, 23, 24, 537, 538, 25, 26, 541, 533, 534, 29, 545, 548, 549, 566, 570, 571, 69, 72, 73, 76, 591, 592, 593, 594, 595, 596, 597, 611, 615, 616, 618, 619, 622, 623, 113, 626, 627, 121, 635, 637, 638, 639, 640, 642, 644, 139, 651, 652, 653, 654, 656, 658, 659, 661, 662, 663, 161, 673, 674, 680, 695, 195, 710, 712, 715, 716, 225, 229, 248, 762, 763, 255, 256, 275, 806, 811, 812, 829, 323, 324, 350, 353, 354, 357, 358, 366, 881, 373, 374, 888, 889, 891, 892, 396, 910, 399, 400, 918, 922, 415, 930, 420, 421, 944, 434, 437, 438, 951, 440, 952, 442, 953, 954, 445, 446, 955, 956, 957, 958, 959, 976, 985, 476, 477, 480, 481, 503, 997, 488, 489, 490, 1003, 492, 500, 1014, 1015, 505, 506, 507, 1020, 1017, 1023]	4_1088_3w3z.1.A_5cda4dcb732c1e932e2a4205.pdb
P32337	P32337+P40577_interface@_group119	[20, 21, 22, 23, 24, 25, 26, 29, 69, 72, 73, 76, 113, 121, 139, 161, 195, 225, 229, 248, 255, 256, 275, 323, 324, 350, 353, 354, 357, 358, 366, 373, 374, 396, 399, 400, 415, 420, 421, 434, 437, 438, 440, 442, 445, 446, 476, 477, 480, 481, 488, 489, 490, 492, 500, 503, 505, 506, 507, 519, 522, 530, 533, 534, 537, 538, 541, 545, 548, 549, 566, 570, 571, 591, 592, 593, 594, 595, 596, 597, 611, 615, 616, 618, 619, 622, 623, 626, 627, 635, 637, 638, 639, 640, 642, 644, 651, 652, 653, 654, 656, 658, 659, 661, 662, 663, 673, 674, 680, 695, 710, 712, 715, 716, 762, 763, 806, 811, 812, 829, 881, 888, 889, 891, 892, 910, 918, 922, 930, 944, 951, 952, 953, 954, 955, 956, 957, 958, 959, 976, 985, 997, 1003, 1014, 1015, 1017, 1020, 1023]	148	[519, 522, 530, 20, 21, 22, 23, 24, 537, 538, 25, 26, 541, 533, 534, 29, 545, 548, 549, 566, 570, 571, 69, 72, 73, 76, 591, 592, 593, 594, 595, 596, 597, 611, 615, 616, 618, 619, 622, 623, 113, 626, 627, 121, 635, 637, 638, 639, 640, 642, 644, 139, 651, 652, 653, 654, 656, 658, 659, 661, 662, 663, 161, 673, 674, 680, 695, 195, 710, 712, 715, 716, 225, 229, 248, 762, 763, 255, 256, 275, 806, 811, 812, 829, 323, 324, 350, 353, 354, 357, 358, 366, 881, 373, 374, 888, 889, 891, 892, 396, 910, 399, 400, 918, 922, 415, 930, 420, 421, 944, 434, 437, 438, 951, 440, 952, 442, 953, 954, 445, 446, 955, 956, 957, 958, 959, 976, 985, 476, 477, 480, 481, 503, 997, 488, 489, 490, 1003, 492, 500, 1014, 1015, 505, 506, 507, 1020, 1017, 1023]	4_1088_3w3z.1.A_5cda4dcb732c1e932e2a4205.pdb
P32337	P32337+P48837_interface@_group120	[20, 21, 22, 23, 24, 25, 26, 29, 69, 72, 73, 76, 113, 121, 139, 161, 195, 225, 229, 248, 255, 256, 275, 323, 324, 350, 353, 354, 357, 358, 366, 373, 374, 396, 399, 400, 415, 420, 421, 434, 437, 438, 440, 442, 445, 446, 476, 477, 480, 481, 488, 489, 490, 492, 500, 503, 505, 506, 507, 519, 522, 530, 533, 534, 537, 538, 541, 545, 548, 549, 566, 570, 571, 591, 592, 593, 594, 595, 596, 597, 611, 615, 616, 618, 619, 622, 623, 626, 627, 635, 637, 638, 639, 640, 642, 644, 651, 652, 653, 654, 656, 658, 659, 661, 662, 663, 673, 674, 680, 695, 710, 712, 715, 716, 762, 763, 806, 811, 812, 829, 881, 888, 889, 891, 892, 910, 918, 922, 930, 944, 951, 952, 953, 954, 955, 956, 957, 958, 959, 976, 985, 997, 1003, 1014, 1015, 1017, 1020, 1023]	148	[519, 522, 530, 20, 21, 22, 23, 24, 537, 538, 25, 26, 541, 533, 534, 29, 545, 548, 549, 566, 570, 571, 69, 72, 73, 76, 591, 592, 593, 594, 595, 596, 597, 611, 615, 616, 618, 619, 622, 623, 113, 626, 627, 121, 635, 637, 638, 639, 640, 642, 644, 139, 651, 652, 653, 654, 656, 658, 659, 661, 662, 663, 161, 673, 674, 680, 695, 195, 710, 712, 715, 716, 225, 229, 248, 762, 763, 255, 256, 275, 806, 811, 812, 829, 323, 324, 350, 353, 354, 357, 358, 366, 881, 373, 374, 888, 889, 891, 892, 396, 910, 399, 400, 918, 922, 415, 930, 420, 421, 944, 434, 437, 438, 951, 440, 952, 442, 953, 954, 445, 446, 955, 956, 957, 958, 959, 976, 985, 476, 477, 480, 481, 503, 997, 488, 489, 490, 1003, 492, 500, 1014, 1015, 505, 506, 507, 1020, 1017, 1023]	4_1088_3w3z.1.A_5cda4dcb732c1e932e2a4205.pdb
P32337	P32337+P49687_interface@_group121	[20, 21, 22, 23, 24, 25, 26, 29, 69, 72, 73, 76, 113, 121, 139, 161, 195, 225, 229, 248, 255, 256, 275, 323, 324, 350, 353, 354, 357, 358, 366, 373, 374, 396, 399, 400, 415, 420, 421, 434, 437, 438, 440, 442, 445, 446, 476, 477, 480, 481, 488, 489, 490, 492, 500, 503, 505, 506, 507, 519, 522, 530, 533, 534, 537, 538, 541, 545, 548, 549, 566, 570, 571, 591, 592, 593, 594, 595, 596, 597, 611, 615, 616, 618, 619, 622, 623, 626, 627, 635, 637, 638, 639, 640, 642, 644, 651, 652, 653, 654, 656, 658, 659, 661, 662, 663, 673, 674, 680, 695, 710, 712, 715, 716, 762, 763, 806, 811, 812, 829, 881, 888, 889, 891, 892, 910, 918, 922, 930, 944, 951, 952, 953, 954, 955, 956, 957, 958, 959, 976, 985, 997, 1003, 1014, 1015, 1017, 1020, 1023]	148	[519, 522, 530, 20, 21, 22, 23, 24, 537, 538, 25, 26, 541, 533, 534, 29, 545, 548, 549, 566, 570, 571, 69, 72, 73, 76, 591, 592, 593, 594, 595, 596, 597, 611, 615, 616, 618, 619, 622, 623, 113, 626, 627, 121, 635, 637, 638, 639, 640, 642, 644, 139, 651, 652, 653, 654, 656, 658, 659, 661, 662, 663, 161, 673, 674, 680, 695, 195, 710, 712, 715, 716, 225, 229, 248, 762, 763, 255, 256, 275, 806, 811, 812, 829, 323, 324, 350, 353, 354, 357, 358, 366, 881, 373, 374, 888, 889, 891, 892, 396, 910, 399, 400, 918, 922, 415, 930, 420, 421, 944, 434, 437, 438, 951, 440, 952, 442, 953, 954, 445, 446, 955, 956, 957, 958, 959, 976, 985, 476, 477, 480, 481, 503, 997, 488, 489, 490, 1003, 492, 500, 1014, 1015, 505, 506, 507, 1020, 1017, 1023]	4_1088_3w3z.1.A_5cda4dcb732c1e932e2a4205.pdb
P32337	P32337+P51601_interface@_group122	[10, 13, 17, 20, 21, 22, 23, 24, 25, 26, 27, 28, 29, 31, 36, 42, 46, 66, 69, 72, 73, 76, 77, 120, 121, 131, 132, 133, 135, 136, 138, 139, 142, 145, 149, 151, 153, 161, 164, 165, 168, 171, 172, 187, 189, 195, 209, 218, 221, 225, 229, 244, 248, 251, 252, 255, 256, 259, 270, 273, 274, 275, 276, 294, 298, 301, 302, 312, 316, 323, 324, 326, 327, 332, 333, 335, 338, 339, 340, 343, 346, 347, 349, 350, 353, 354, 357, 358, 362, 366, 370, 371, 373, 374, 377, 379, 380, 383, 396, 399, 400, 401, 403, 404, 405, 408, 411, 415, 418, 420, 421, 434, 437, 438, 441, 442, 445, 446, 449, 450, 453, 457, 463, 476, 477, 480, 481, 483, 484, 485, 486, 488, 489, 490, 492, 496, 500, 503, 504, 505, 506, 507, 510, 519, 522, 526, 527, 529, 530, 533, 534, 537, 538, 541, 545, 548, 549, 552, 566, 569, 570, 571, 574, 578, 585, 591, 592, 593, 594, 595, 596, 597, 599, 600, 604, 611, 614, 615, 616, 618, 619, 622, 623, 626, 627, 630, 633, 634, 635, 637, 638, 639, 640, 642, 643, 644, 645, 651, 652, 653, 654, 655, 656, 658, 659, 660, 661, 662, 663, 664, 671, 673, 674, 677, 680, 683, 687, 690, 692, 695, 698, 703, 707, 710, 712, 713, 715, 716, 733, 744, 745, 748, 759, 760, 762, 763, 769, 779, 782, 783, 784, 788, 808, 811, 812, 829, 832, 840, 850, 852, 881, 888, 889, 891, 892, 896, 899, 910, 912, 915, 918, 922, 929, 930, 933, 951, 952, 953, 954, 955, 956, 957, 958, 959, 976, 979, 985, 994, 997, 1000, 1002, 1003, 1006, 1010, 1014, 1015, 1017, 1020, 1023, 1059, 1063, 1070, 1074, 1075, 1077, 1078]	296	[519, 10, 522, 13, 526, 527, 17, 529, 530, 20, 21, 22, 23, 24, 25, 26, 27, 28, 29, 533, 31, 537, 538, 541, 545, 36, 548, 549, 1059, 552, 1063, 42, 46, 1070, 1074, 1075, 1077, 566, 1078, 569, 570, 571, 574, 66, 578, 69, 72, 73, 585, 76, 77, 591, 592, 593, 594, 595, 596, 597, 599, 600, 604, 611, 614, 615, 616, 618, 619, 622, 623, 626, 627, 630, 120, 633, 121, 634, 635, 637, 638, 534, 639, 640, 642, 131, 132, 133, 643, 135, 136, 644, 138, 139, 645, 651, 142, 652, 653, 145, 654, 655, 656, 149, 658, 151, 659, 153, 660, 661, 662, 663, 664, 671, 161, 673, 674, 164, 165, 677, 168, 680, 171, 172, 683, 687, 690, 692, 695, 698, 187, 189, 703, 195, 707, 710, 712, 713, 715, 716, 209, 218, 221, 733, 225, 229, 744, 745, 748, 244, 759, 248, 760, 762, 251, 252, 763, 255, 256, 769, 259, 779, 270, 782, 783, 273, 274, 275, 276, 784, 788, 294, 808, 298, 811, 812, 301, 302, 312, 316, 829, 832, 323, 324, 326, 327, 840, 332, 333, 335, 338, 339, 340, 850, 852, 343, 346, 347, 349, 350, 353, 354, 357, 358, 362, 366, 503, 881, 370, 371, 373, 374, 888, 377, 889, 379, 380, 891, 892, 383, 896, 899, 396, 910, 399, 400, 401, 912, 403, 404, 405, 915, 918, 408, 922, 411, 415, 929, 418, 930, 420, 421, 933, 434, 437, 438, 951, 952, 441, 442, 953, 954, 445, 446, 955, 956, 449, 450, 957, 958, 453, 959, 457, 463, 976, 979, 985, 476, 477, 480, 481, 994, 483, 484, 485, 486, 997, 488, 489, 490, 1000, 492, 1002, 1003, 1006, 496, 1010, 500, 1014, 1015, 504, 505, 506, 507, 1020, 1017, 510, 1023]	4_1088_3w3z.1.A_5cda4dcb732c1e932e2a4205.pdb
P32337	P32337+Q02630_interface@_group123	[20, 21, 22, 23, 24, 25, 26, 29, 69, 72, 73, 76, 113, 121, 139, 161, 195, 225, 229, 248, 255, 256, 275, 323, 324, 350, 353, 354, 357, 358, 366, 373, 374, 396, 399, 400, 415, 420, 421, 434, 437, 438, 440, 442, 445, 446, 476, 477, 480, 481, 488, 489, 490, 492, 500, 503, 505, 506, 507, 519, 522, 530, 533, 534, 537, 538, 541, 545, 548, 549, 566, 570, 571, 591, 592, 593, 594, 595, 596, 597, 611, 615, 616, 618, 619, 622, 623, 626, 627, 635, 637, 638, 639, 640, 642, 644, 651, 652, 653, 654, 656, 658, 659, 661, 662, 663, 673, 674, 680, 695, 710, 712, 715, 716, 762, 763, 806, 811, 812, 829, 881, 888, 889, 891, 892, 910, 918, 922, 930, 944, 951, 952, 953, 954, 955, 956, 957, 958, 959, 976, 985, 997, 1003, 1014, 1015, 1017, 1020, 1023]	148	[519, 522, 530, 20, 21, 22, 23, 24, 537, 538, 25, 26, 541, 533, 534, 29, 545, 548, 549, 566, 570, 571, 69, 72, 73, 76, 591, 592, 593, 594, 595, 596, 597, 611, 615, 616, 618, 619, 622, 623, 113, 626, 627, 121, 635, 637, 638, 639, 640, 642, 644, 139, 651, 652, 653, 654, 656, 658, 659, 661, 662, 663, 161, 673, 674, 680, 695, 195, 710, 712, 715, 716, 225, 229, 248, 762, 763, 255, 256, 275, 806, 811, 812, 829, 323, 324, 350, 353, 354, 357, 358, 366, 881, 373, 374, 888, 889, 891, 892, 396, 910, 399, 400, 918, 922, 415, 930, 420, 421, 944, 434, 437, 438, 951, 440, 952, 442, 953, 954, 445, 446, 955, 956, 957, 958, 959, 976, 985, 476, 477, 480, 481, 503, 997, 488, 489, 490, 1003, 492, 500, 1014, 1015, 505, 506, 507, 1020, 1017, 1023]	4_1088_3w3z.1.A_5cda4dcb732c1e932e2a4205.pdb
P32337	P32337+Q02895_interface@_group124	[10, 13, 17, 20, 21, 22, 23, 24, 25, 26, 27, 28, 29, 31, 36, 42, 46, 66, 69, 72, 73, 76, 77, 120, 121, 131, 132, 133, 135, 136, 138, 139, 142, 145, 149, 151, 153, 161, 164, 165, 168, 171, 172, 187, 189, 195, 209, 218, 221, 225, 229, 244, 248, 251, 252, 255, 256, 259, 270, 273, 274, 275, 276, 294, 298, 301, 302, 312, 316, 323, 324, 326, 327, 332, 333, 335, 338, 339, 340, 343, 346, 347, 349, 350, 353, 354, 357, 358, 362, 366, 370, 371, 373, 374, 377, 379, 380, 383, 396, 399, 400, 401, 403, 404, 405, 408, 411, 415, 418, 420, 421, 434, 437, 438, 441, 442, 445, 446, 449, 450, 453, 457, 463, 476, 477, 480, 481, 483, 484, 485, 486, 488, 489, 490, 492, 496, 500, 503, 504, 505, 506, 507, 510, 519, 522, 526, 527, 529, 530, 533, 534, 537, 538, 541, 545, 548, 549, 552, 566, 569, 570, 571, 574, 578, 585, 591, 592, 593, 594, 595, 596, 597, 599, 600, 604, 611, 614, 615, 616, 618, 619, 622, 623, 626, 627, 630, 633, 634, 635, 637, 638, 639, 640, 642, 643, 644, 645, 651, 652, 653, 654, 655, 656, 658, 659, 660, 661, 662, 663, 664, 671, 673, 674, 677, 680, 683, 687, 690, 692, 695, 698, 703, 707, 710, 712, 713, 715, 716, 733, 744, 745, 748, 759, 760, 762, 763, 769, 779, 782, 783, 784, 788, 808, 811, 812, 829, 832, 840, 850, 852, 881, 888, 889, 891, 892, 896, 899, 910, 912, 915, 918, 922, 929, 930, 933, 951, 952, 953, 954, 955, 956, 957, 958, 959, 976, 979, 985, 994, 997, 1000, 1002, 1003, 1006, 1010, 1014, 1015, 1017, 1020, 1023, 1059, 1063, 1070, 1074, 1075, 1077, 1078]	296	[519, 10, 522, 13, 526, 527, 17, 529, 530, 20, 21, 22, 23, 24, 25, 26, 27, 28, 29, 533, 31, 537, 538, 541, 545, 36, 548, 549, 1059, 552, 1063, 42, 46, 1070, 1074, 1075, 1077, 566, 1078, 569, 570, 571, 574, 66, 578, 69, 72, 73, 585, 76, 77, 591, 592, 593, 594, 595, 596, 597, 599, 600, 604, 611, 614, 615, 616, 618, 619, 622, 623, 626, 627, 630, 120, 633, 121, 634, 635, 637, 638, 534, 639, 640, 642, 131, 132, 133, 643, 135, 136, 644, 138, 139, 645, 651, 142, 652, 653, 145, 654, 655, 656, 149, 658, 151, 659, 153, 660, 661, 662, 663, 664, 671, 161, 673, 674, 164, 165, 677, 168, 680, 171, 172, 683, 687, 690, 692, 695, 698, 187, 189, 703, 195, 707, 710, 712, 713, 715, 716, 209, 218, 221, 733, 225, 229, 744, 745, 748, 244, 759, 248, 760, 762, 251, 252, 763, 255, 256, 769, 259, 779, 270, 782, 783, 273, 274, 275, 276, 784, 788, 294, 808, 298, 811, 812, 301, 302, 312, 316, 829, 832, 323, 324, 326, 327, 840, 332, 333, 335, 338, 339, 340, 850, 852, 343, 346, 347, 349, 350, 353, 354, 357, 358, 362, 366, 503, 881, 370, 371, 373, 374, 888, 377, 889, 379, 380, 891, 892, 383, 896, 899, 396, 910, 399, 400, 401, 912, 403, 404, 405, 915, 918, 408, 922, 411, 415, 929, 418, 930, 420, 421, 933, 434, 437, 438, 951, 952, 441, 442, 953, 954, 445, 446, 955, 956, 449, 450, 957, 958, 453, 959, 457, 463, 976, 979, 985, 476, 477, 480, 481, 994, 483, 484, 485, 486, 997, 488, 489, 490, 1000, 492, 1002, 1003, 1006, 496, 1010, 500, 1014, 1015, 504, 505, 506, 507, 1020, 1017, 510, 1023]	4_1088_3w3z.1.A_5cda4dcb732c1e932e2a4205.pdb
P32337	P32337+Q04659_interface@_group125	[20, 21, 22, 23, 24, 25, 26, 29, 69, 72, 73, 76, 113, 121, 139, 161, 195, 225, 229, 248, 255, 256, 275, 323, 324, 350, 353, 354, 357, 358, 366, 373, 374, 396, 399, 400, 415, 420, 421, 434, 437, 438, 440, 442, 445, 446, 476, 477, 480, 481, 488, 489, 490, 492, 500, 503, 505, 506, 507, 519, 522, 530, 533, 534, 537, 538, 541, 545, 548, 549, 566, 570, 571, 591, 592, 593, 594, 595, 596, 597, 611, 615, 616, 618, 619, 622, 623, 626, 627, 635, 637, 638, 639, 640, 642, 644, 651, 652, 653, 654, 656, 658, 659, 661, 662, 663, 673, 674, 680, 695, 710, 712, 715, 716, 762, 763, 806, 811, 812, 829, 881, 888, 889, 891, 892, 910, 918, 922, 930, 944, 951, 952, 953, 954, 955, 956, 957, 958, 959, 976, 985, 997, 1003, 1014, 1015, 1017, 1020, 1023]	148	[519, 522, 530, 20, 21, 22, 23, 24, 537, 538, 25, 26, 541, 533, 534, 29, 545, 548, 549, 566, 570, 571, 69, 72, 73, 76, 591, 592, 593, 594, 595, 596, 597, 611, 615, 616, 618, 619, 622, 623, 113, 626, 627, 121, 635, 637, 638, 639, 640, 642, 644, 139, 651, 652, 653, 654, 656, 658, 659, 661, 662, 663, 161, 673, 674, 680, 695, 195, 710, 712, 715, 716, 225, 229, 248, 762, 763, 255, 256, 275, 806, 811, 812, 829, 323, 324, 350, 353, 354, 357, 358, 366, 881, 373, 374, 888, 889, 891, 892, 396, 910, 399, 400, 918, 922, 415, 930, 420, 421, 944, 434, 437, 438, 951, 440, 952, 442, 953, 954, 445, 446, 955, 956, 957, 958, 959, 976, 985, 476, 477, 480, 481, 503, 997, 488, 489, 490, 1003, 492, 500, 1014, 1015, 505, 506, 507, 1020, 1017, 1023]	4_1088_3w3z.1.A_5cda4dcb732c1e932e2a4205.pdb
P32337	P32337+Q07786_interface@_group126	[10, 13, 17, 20, 21, 22, 23, 24, 25, 26, 27, 28, 29, 31, 36, 42, 46, 66, 69, 72, 73, 76, 77, 120, 121, 131, 132, 133, 135, 136, 138, 139, 142, 145, 149, 151, 153, 161, 164, 165, 168, 171, 172, 187, 189, 195, 209, 218, 221, 225, 229, 244, 248, 251, 252, 255, 256, 259, 270, 273, 274, 275, 276, 294, 298, 301, 302, 312, 316, 323, 324, 326, 327, 332, 333, 335, 338, 339, 340, 343, 346, 347, 349, 350, 353, 354, 357, 358, 362, 366, 370, 371, 373, 374, 377, 379, 380, 383, 396, 399, 400, 401, 403, 404, 405, 408, 411, 415, 418, 420, 421, 434, 437, 438, 441, 442, 445, 446, 449, 450, 453, 457, 463, 476, 477, 480, 481, 483, 484, 485, 486, 488, 489, 490, 492, 496, 500, 503, 504, 505, 506, 507, 510, 519, 522, 526, 527, 529, 530, 533, 534, 537, 538, 541, 545, 548, 549, 552, 566, 569, 570, 571, 574, 578, 585, 591, 592, 593, 594, 595, 596, 597, 599, 600, 604, 611, 614, 615, 616, 618, 619, 622, 623, 626, 627, 630, 633, 634, 635, 637, 638, 639, 640, 642, 643, 644, 645, 651, 652, 653, 654, 655, 656, 658, 659, 660, 661, 662, 663, 664, 671, 673, 674, 677, 680, 683, 687, 690, 692, 695, 698, 703, 707, 710, 712, 713, 715, 716, 733, 744, 745, 748, 759, 760, 762, 763, 769, 779, 782, 783, 784, 788, 808, 811, 812, 829, 832, 840, 850, 852, 881, 888, 889, 891, 892, 896, 899, 910, 912, 915, 918, 922, 929, 930, 933, 951, 952, 953, 954, 955, 956, 957, 958, 959, 976, 979, 985, 994, 997, 1000, 1002, 1003, 1006, 1010, 1014, 1015, 1017, 1020, 1023, 1059, 1063, 1070, 1074, 1075, 1077, 1078]	296	[519, 10, 522, 13, 526, 527, 17, 529, 530, 20, 21, 22, 23, 24, 25, 26, 27, 28, 29, 533, 31, 537, 538, 541, 545, 36, 548, 549, 1059, 552, 1063, 42, 46, 1070, 1074, 1075, 1077, 566, 1078, 569, 570, 571, 574, 66, 578, 69, 72, 73, 585, 76, 77, 591, 592, 593, 594, 595, 596, 597, 599, 600, 604, 611, 614, 615, 616, 618, 619, 622, 623, 626, 627, 630, 120, 633, 121, 634, 635, 637, 638, 534, 639, 640, 642, 131, 132, 133, 643, 135, 136, 644, 138, 139, 645, 651, 142, 652, 653, 145, 654, 655, 656, 149, 658, 151, 659, 153, 660, 661, 662, 663, 664, 671, 161, 673, 674, 164, 165, 677, 168, 680, 171, 172, 683, 687, 690, 692, 695, 698, 187, 189, 703, 195, 707, 710, 712, 713, 715, 716, 209, 218, 221, 733, 225, 229, 744, 745, 748, 244, 759, 248, 760, 762, 251, 252, 763, 255, 256, 769, 259, 779, 270, 782, 783, 273, 274, 275, 276, 784, 788, 294, 808, 298, 811, 812, 301, 302, 312, 316, 829, 832, 323, 324, 326, 327, 840, 332, 333, 335, 338, 339, 340, 850, 852, 343, 346, 347, 349, 350, 353, 354, 357, 358, 362, 366, 503, 881, 370, 371, 373, 374, 888, 377, 889, 379, 380, 891, 892, 383, 896, 899, 396, 910, 399, 400, 401, 912, 403, 404, 405, 915, 918, 408, 922, 411, 415, 929, 418, 930, 420, 421, 933, 434, 437, 438, 951, 952, 441, 442, 953, 954, 445, 446, 955, 956, 449, 450, 957, 958, 453, 959, 457, 463, 976, 979, 985, 476, 477, 480, 481, 994, 483, 484, 485, 486, 997, 488, 489, 490, 1000, 492, 1002, 1003, 1006, 496, 1010, 500, 1014, 1015, 504, 505, 506, 507, 1020, 1017, 510, 1023]	4_1088_3w3z.1.A_5cda4dcb732c1e932e2a4205.pdb
P32337	P32337+Q08904_interface@_group127	[20, 21, 22, 23, 24, 25, 26, 29, 69, 72, 73, 76, 113, 121, 139, 161, 195, 225, 229, 248, 255, 256, 275, 323, 324, 350, 353, 354, 357, 358, 366, 373, 374, 396, 399, 400, 415, 420, 421, 434, 437, 438, 440, 442, 445, 446, 476, 477, 480, 481, 488, 489, 490, 492, 500, 503, 505, 506, 507, 519, 522, 530, 533, 534, 537, 538, 541, 545, 548, 549, 566, 570, 571, 591, 592, 593, 594, 595, 596, 597, 611, 615, 616, 618, 619, 622, 623, 626, 627, 635, 637, 638, 639, 640, 642, 644, 651, 652, 653, 654, 656, 658, 659, 661, 662, 663, 673, 674, 680, 695, 710, 712, 715, 716, 762, 763, 806, 811, 812, 829, 881, 888, 889, 891, 892, 910, 918, 922, 930, 944, 951, 952, 953, 954, 955, 956, 957, 958, 959, 976, 985, 997, 1003, 1014, 1015, 1017, 1020, 1023]	148	[519, 522, 530, 20, 21, 22, 23, 24, 537, 538, 25, 26, 541, 533, 534, 29, 545, 548, 549, 566, 570, 571, 69, 72, 73, 76, 591, 592, 593, 594, 595, 596, 597, 611, 615, 616, 618, 619, 622, 623, 113, 626, 627, 121, 635, 637, 638, 639, 640, 642, 644, 139, 651, 652, 653, 654, 656, 658, 659, 661, 662, 663, 161, 673, 674, 680, 695, 195, 710, 712, 715, 716, 225, 229, 248, 762, 763, 255, 256, 275, 806, 811, 812, 829, 323, 324, 350, 353, 354, 357, 358, 366, 881, 373, 374, 888, 889, 891, 892, 396, 910, 399, 400, 918, 922, 415, 930, 420, 421, 944, 434, 437, 438, 951, 440, 952, 442, 953, 954, 445, 446, 955, 956, 957, 958, 959, 976, 985, 476, 477, 480, 481, 503, 997, 488, 489, 490, 1003, 492, 500, 1014, 1015, 505, 506, 507, 1020, 1017, 1023]	4_1088_3w3z.1.A_5cda4dcb732c1e932e2a4205.pdb
P32337	P32337+Q12206_interface@_group128	[20, 21, 22, 23, 24, 25, 26, 29, 69, 72, 73, 76, 113, 121, 139, 161, 195, 225, 229, 248, 255, 256, 275, 323, 324, 350, 353, 354, 357, 358, 366, 373, 374, 396, 399, 400, 415, 420, 421, 434, 437, 438, 440, 442, 445, 446, 476, 477, 480, 481, 488, 489, 490, 492, 500, 503, 505, 506, 507, 519, 522, 530, 533, 534, 537, 538, 541, 545, 548, 549, 566, 570, 571, 591, 592, 593, 594, 595, 596, 597, 611, 615, 616, 618, 619, 622, 623, 626, 627, 635, 637, 638, 639, 640, 642, 644, 651, 652, 653, 654, 656, 658, 659, 661, 662, 663, 673, 674, 680, 695, 710, 712, 715, 716, 762, 763, 806, 811, 812, 829, 881, 888, 889, 891, 892, 910, 918, 922, 930, 944, 951, 952, 953, 954, 955, 956, 957, 958, 959, 976, 985, 997, 1003, 1014, 1015, 1017, 1020, 1023]	148	[519, 522, 530, 20, 21, 22, 23, 24, 537, 538, 25, 26, 541, 533, 534, 29, 545, 548, 549, 566, 570, 571, 69, 72, 73, 76, 591, 592, 593, 594, 595, 596, 597, 611, 615, 616, 618, 619, 622, 623, 113, 626, 627, 121, 635, 637, 638, 639, 640, 642, 644, 139, 651, 652, 653, 654, 656, 658, 659, 661, 662, 663, 161, 673, 674, 680, 695, 195, 710, 712, 715, 716, 225, 229, 248, 762, 763, 255, 256, 275, 806, 811, 812, 829, 323, 324, 350, 353, 354, 357, 358, 366, 881, 373, 374, 888, 889, 891, 892, 396, 910, 399, 400, 918, 922, 415, 930, 420, 421, 944, 434, 437, 438, 951, 440, 952, 442, 953, 954, 445, 446, 955, 956, 957, 958, 959, 976, 985, 476, 477, 480, 481, 503, 997, 488, 489, 490, 1003, 492, 500, 1014, 1015, 505, 506, 507, 1020, 1017, 1023]	4_1088_3w3z.1.A_5cda4dcb732c1e932e2a4205.pdb
P32337	P32337+Q00684_interface@_group129	[349, 350, 353, 396, 430, 434, 470, 473, 476, 477, 515, 556]	12	[348, 349, 350, 351, 352, 353, 354, 393, 395, 396, 397, 429, 430, 431, 433, 434, 435, 469, 470, 471, 472, 473, 474, 475, 476, 477, 478, 512, 514, 515, 516, 555, 556, 557]	4_1088_3w3z.1.A_5cda4dcb732c1e932e2a4205.pdb
P32337	P32337+Q03790_interface@_group130	[336, 338, 346, 349, 350, 353, 396, 430, 434, 437, 470, 473, 476, 477, 480, 512, 515, 519, 556, 559]	20	[335, 336, 337, 338, 339, 345, 346, 347, 348, 349, 350, 351, 352, 353, 354, 393, 395, 396, 397, 429, 430, 431, 433, 434, 435, 436, 437, 438, 469, 470, 471, 472, 473, 474, 475, 476, 477, 478, 479, 480, 481, 511, 512, 513, 514, 515, 516, 518, 519, 520, 555, 556, 557, 558, 559, 560]	4_1088_3w3z.1.A_5cda4dcb732c1e932e2a4205.pdb
P32337	P32337+Q02724_interface@_group131	[20, 21, 22, 23, 24, 25, 26, 27, 28, 29, 69, 72, 73, 76, 113, 121, 139, 161, 195, 225, 248, 255, 256, 270, 275, 301, 302, 323, 324, 350, 353, 354, 357, 358, 366, 373, 374, 396, 399, 400, 415, 420, 421, 434, 437, 438, 440, 442, 445, 446, 477, 480, 481, 488, 489, 490, 492, 500, 503, 505, 506, 507, 519, 522, 530, 533, 534, 537, 538, 541, 544, 545, 548, 566, 570, 571, 591, 592, 593, 594, 595, 596, 597, 611, 615, 616, 618, 619, 623, 626, 627, 635, 637, 638, 639, 640, 642, 644, 651, 652, 653, 654, 656, 658, 659, 660, 661, 662, 663, 673, 674, 680, 695, 710, 712, 713, 715, 716, 762, 763, 811, 812, 829, 869, 881, 889, 891, 892, 910, 918, 922, 930, 951, 952, 953, 954, 955, 956, 957, 958, 959, 976, 985, 997, 1003, 1014, 1015, 1017, 1019, 1020, 1021, 1022, 1023, 1048]	154	[519, 522, 530, 20, 21, 22, 23, 24, 537, 538, 27, 25, 541, 29, 26, 28, 544, 545, 548, 566, 570, 571, 69, 72, 73, 76, 591, 592, 593, 594, 595, 596, 597, 611, 615, 616, 618, 619, 623, 113, 626, 627, 121, 533, 635, 637, 638, 639, 640, 534, 642, 644, 139, 651, 652, 653, 654, 656, 658, 659, 660, 661, 662, 663, 1048, 161, 673, 674, 680, 695, 195, 710, 712, 713, 715, 716, 225, 248, 762, 763, 255, 256, 270, 275, 811, 812, 301, 302, 829, 323, 324, 350, 353, 354, 357, 358, 869, 366, 881, 373, 374, 889, 891, 892, 396, 910, 399, 400, 918, 922, 415, 930, 420, 421, 434, 437, 438, 951, 440, 952, 442, 953, 954, 445, 446, 955, 956, 957, 958, 959, 976, 507, 985, 477, 480, 481, 503, 997, 488, 489, 490, 1003, 492, 1017, 500, 1014, 1015, 505, 506, 1019, 1020, 1021, 1022, 1023]	4_1088_3w3z.1.A_5cda4dcb732c1e932e2a4205.pdb
P32337	P00927+P32337_interface@_group132	[10, 13, 17, 20, 21, 22, 23, 24, 25, 26, 27, 28, 29, 31, 36, 42, 46, 66, 69, 72, 73, 76, 77, 120, 121, 131, 132, 133, 135, 136, 138, 139, 142, 145, 149, 151, 153, 161, 164, 165, 168, 171, 172, 187, 189, 195, 209, 218, 221, 225, 229, 244, 248, 251, 252, 255, 256, 259, 270, 273, 274, 275, 276, 294, 298, 301, 302, 312, 316, 323, 324, 326, 327, 332, 333, 335, 338, 339, 340, 343, 346, 347, 349, 350, 353, 354, 357, 358, 362, 366, 370, 371, 373, 374, 377, 379, 380, 383, 396, 399, 400, 401, 403, 404, 405, 408, 411, 415, 418, 420, 421, 434, 437, 438, 441, 442, 445, 446, 449, 450, 453, 457, 463, 476, 477, 480, 481, 483, 484, 485, 486, 488, 489, 490, 492, 496, 500, 503, 504, 505, 506, 507, 510, 519, 522, 526, 527, 529, 530, 533, 534, 537, 538, 541, 545, 548, 549, 552, 566, 569, 570, 571, 574, 578, 585, 591, 592, 593, 594, 595, 596, 597, 599, 600, 604, 611, 614, 615, 616, 618, 619, 622, 623, 626, 627, 630, 633, 634, 635, 637, 638, 639, 640, 642, 643, 644, 645, 651, 652, 653, 654, 655, 656, 658, 659, 660, 661, 662, 663, 664, 671, 673, 674, 677, 680, 683, 687, 690, 692, 695, 698, 703, 707, 710, 712, 713, 715, 716, 733, 744, 745, 748, 759, 760, 762, 763, 769, 779, 782, 783, 784, 788, 808, 811, 812, 829, 832, 840, 850, 852, 881, 888, 889, 891, 892, 896, 899, 910, 912, 915, 918, 922, 929, 930, 933, 951, 952, 953, 954, 955, 956, 957, 958, 959, 976, 979, 985, 994, 997, 1000, 1002, 1003, 1006, 1010, 1014, 1015, 1017, 1020, 1023, 1059, 1063, 1070, 1074, 1075, 1077, 1078]	296	[519, 10, 522, 13, 526, 527, 17, 529, 530, 20, 21, 22, 23, 24, 25, 26, 27, 28, 29, 533, 31, 537, 538, 541, 545, 36, 548, 549, 1059, 552, 1063, 42, 46, 1070, 1074, 1075, 1077, 566, 1078, 569, 570, 571, 574, 66, 578, 69, 72, 73, 585, 76, 77, 591, 592, 593, 594, 595, 596, 597, 599, 600, 604, 611, 614, 615, 616, 618, 619, 622, 623, 626, 627, 630, 120, 633, 121, 634, 635, 637, 638, 534, 639, 640, 642, 131, 132, 133, 643, 135, 136, 644, 138, 139, 645, 651, 142, 652, 653, 145, 654, 655, 656, 149, 658, 151, 659, 153, 660, 661, 662, 663, 664, 671, 161, 673, 674, 164, 165, 677, 168, 680, 171, 172, 683, 687, 690, 692, 695, 698, 187, 189, 703, 195, 707, 710, 712, 713, 715, 716, 209, 218, 221, 733, 225, 229, 744, 745, 748, 244, 759, 248, 760, 762, 251, 252, 763, 255, 256, 769, 259, 779, 270, 782, 783, 273, 274, 275, 276, 784, 788, 294, 808, 298, 811, 812, 301, 302, 312, 316, 829, 832, 323, 324, 326, 327, 840, 332, 333, 335, 338, 339, 340, 850, 852, 343, 346, 347, 349, 350, 353, 354, 357, 358, 362, 366, 503, 881, 370, 371, 373, 374, 888, 377, 889, 379, 380, 891, 892, 383, 896, 899, 396, 910, 399, 400, 401, 912, 403, 404, 405, 915, 918, 408, 922, 411, 415, 929, 418, 930, 420, 421, 933, 434, 437, 438, 951, 952, 441, 442, 953, 954, 445, 446, 955, 956, 449, 450, 957, 958, 453, 959, 457, 463, 976, 979, 985, 476, 477, 480, 481, 994, 483, 484, 485, 486, 997, 488, 489, 490, 1000, 492, 1002, 1003, 1006, 496, 1010, 500, 1014, 1015, 504, 505, 506, 507, 1020, 1017, 510, 1023]	4_1088_3w3z.1.A_5cda4dcb732c1e932e2a4205.pdb
P32337	P11710+P32337_interface@_group133	[20, 21, 22, 23, 24, 25, 26, 29, 69, 72, 73, 76, 113, 121, 139, 161, 195, 225, 229, 248, 255, 256, 275, 323, 324, 350, 353, 354, 357, 358, 366, 373, 374, 396, 399, 400, 415, 420, 421, 434, 437, 438, 440, 442, 445, 446, 476, 477, 480, 481, 488, 489, 490, 492, 500, 503, 505, 506, 507, 519, 522, 530, 533, 534, 537, 538, 541, 545, 548, 549, 566, 570, 571, 591, 592, 593, 594, 595, 596, 597, 611, 615, 616, 618, 619, 622, 623, 626, 627, 635, 637, 638, 639, 640, 642, 644, 651, 652, 653, 654, 656, 658, 659, 661, 662, 663, 673, 674, 680, 695, 710, 712, 715, 716, 762, 763, 806, 811, 812, 829, 881, 888, 889, 891, 892, 910, 918, 922, 930, 944, 951, 952, 953, 954, 955, 956, 957, 958, 959, 976, 985, 997, 1003, 1014, 1015, 1017, 1020, 1023]	148	[519, 522, 530, 20, 21, 22, 23, 24, 537, 538, 25, 26, 541, 533, 534, 29, 545, 548, 549, 566, 570, 571, 69, 72, 73, 76, 591, 592, 593, 594, 595, 596, 597, 611, 615, 616, 618, 619, 622, 623, 113, 626, 627, 121, 635, 637, 638, 639, 640, 642, 644, 139, 651, 652, 653, 654, 656, 658, 659, 661, 662, 663, 161, 673, 674, 680, 695, 195, 710, 712, 715, 716, 225, 229, 248, 762, 763, 255, 256, 275, 806, 811, 812, 829, 323, 324, 350, 353, 354, 357, 358, 366, 881, 373, 374, 888, 889, 891, 892, 396, 910, 399, 400, 918, 922, 415, 930, 420, 421, 944, 434, 437, 438, 951, 440, 952, 442, 953, 954, 445, 446, 955, 956, 957, 958, 959, 976, 985, 476, 477, 480, 481, 503, 997, 488, 489, 490, 1003, 492, 500, 1014, 1015, 505, 506, 507, 1020, 1017, 1023]	4_1088_3w3z.1.A_5cda4dcb732c1e932e2a4205.pdb
P32337	P19262+P32337_interface@_group134	[20, 21, 22, 23, 24, 25, 26, 29, 69, 72, 73, 76, 113, 121, 139, 161, 195, 225, 229, 248, 255, 256, 275, 323, 324, 350, 353, 354, 357, 358, 366, 373, 374, 396, 399, 400, 415, 420, 421, 434, 437, 438, 440, 442, 445, 446, 476, 477, 480, 481, 488, 489, 490, 492, 500, 503, 505, 506, 507, 519, 522, 530, 533, 534, 537, 538, 541, 545, 548, 549, 566, 570, 571, 591, 592, 593, 594, 595, 596, 597, 611, 615, 616, 618, 619, 622, 623, 626, 627, 635, 637, 638, 639, 640, 642, 644, 651, 652, 653, 654, 656, 658, 659, 661, 662, 663, 673, 674, 680, 695, 710, 712, 715, 716, 762, 763, 806, 811, 812, 829, 881, 888, 889, 891, 892, 910, 918, 922, 930, 944, 951, 952, 953, 954, 955, 956, 957, 958, 959, 976, 985, 997, 1003, 1014, 1015, 1017, 1020, 1023]	148	[519, 522, 530, 20, 21, 22, 23, 24, 537, 538, 25, 26, 541, 533, 534, 29, 545, 548, 549, 566, 570, 571, 69, 72, 73, 76, 591, 592, 593, 594, 595, 596, 597, 611, 615, 616, 618, 619, 622, 623, 113, 626, 627, 121, 635, 637, 638, 639, 640, 642, 644, 139, 651, 652, 653, 654, 656, 658, 659, 661, 662, 663, 161, 673, 674, 680, 695, 195, 710, 712, 715, 716, 225, 229, 248, 762, 763, 255, 256, 275, 806, 811, 812, 829, 323, 324, 350, 353, 354, 357, 358, 366, 881, 373, 374, 888, 889, 891, 892, 396, 910, 399, 400, 918, 922, 415, 930, 420, 421, 944, 434, 437, 438, 951, 440, 952, 442, 953, 954, 445, 446, 955, 956, 957, 958, 959, 976, 985, 476, 477, 480, 481, 503, 997, 488, 489, 490, 1003, 492, 500, 1014, 1015, 505, 506, 507, 1020, 1017, 1023]	4_1088_3w3z.1.A_5cda4dcb732c1e932e2a4205.pdb
P32337	P19541+P32337_interface@_group135	[20, 21, 22, 23, 24, 25, 26, 29, 69, 72, 73, 76, 113, 121, 139, 161, 195, 225, 229, 248, 255, 256, 275, 323, 324, 350, 353, 354, 357, 358, 366, 373, 374, 396, 399, 400, 415, 420, 421, 434, 437, 438, 440, 442, 445, 446, 476, 477, 480, 481, 488, 489, 490, 492, 500, 503, 505, 506, 507, 519, 522, 530, 533, 534, 537, 538, 541, 545, 548, 549, 566, 570, 571, 591, 592, 593, 594, 595, 596, 597, 611, 615, 616, 618, 619, 622, 623, 626, 627, 635, 637, 638, 639, 640, 642, 644, 651, 652, 653, 654, 656, 658, 659, 661, 662, 663, 673, 674, 680, 695, 710, 712, 715, 716, 762, 763, 806, 811, 812, 829, 881, 888, 889, 891, 892, 910, 918, 922, 930, 944, 951, 952, 953, 954, 955, 956, 957, 958, 959, 976, 985, 997, 1003, 1014, 1015, 1017, 1020, 1023]	148	[519, 522, 530, 20, 21, 22, 23, 24, 537, 538, 25, 26, 541, 533, 534, 29, 545, 548, 549, 566, 570, 571, 69, 72, 73, 76, 591, 592, 593, 594, 595, 596, 597, 611, 615, 616, 618, 619, 622, 623, 113, 626, 627, 121, 635, 637, 638, 639, 640, 642, 644, 139, 651, 652, 653, 654, 656, 658, 659, 661, 662, 663, 161, 673, 674, 680, 695, 195, 710, 712, 715, 716, 225, 229, 248, 762, 763, 255, 256, 275, 806, 811, 812, 829, 323, 324, 350, 353, 354, 357, 358, 366, 881, 373, 374, 888, 889, 891, 892, 396, 910, 399, 400, 918, 922, 415, 930, 420, 421, 944, 434, 437, 438, 951, 440, 952, 442, 953, 954, 445, 446, 955, 956, 957, 958, 959, 976, 985, 476, 477, 480, 481, 503, 997, 488, 489, 490, 1003, 492, 500, 1014, 1015, 505, 506, 507, 1020, 1017, 1023]	4_1088_3w3z.1.A_5cda4dcb732c1e932e2a4205.pdb
P32337	P20676+P32337_interface@_group136	[20, 21, 22, 23, 24, 25, 26, 29, 69, 72, 73, 76, 113, 121, 139, 161, 195, 225, 229, 248, 255, 256, 275, 323, 324, 350, 353, 354, 357, 358, 366, 373, 374, 396, 399, 400, 415, 420, 421, 434, 437, 438, 440, 442, 445, 446, 476, 477, 480, 481, 488, 489, 490, 492, 500, 503, 505, 506, 507, 519, 522, 530, 533, 534, 537, 538, 541, 545, 548, 549, 566, 570, 571, 591, 592, 593, 594, 595, 596, 597, 611, 615, 616, 618, 619, 622, 623, 626, 627, 635, 637, 638, 639, 640, 642, 644, 651, 652, 653, 654, 656, 658, 659, 661, 662, 663, 673, 674, 680, 695, 710, 712, 715, 716, 762, 763, 806, 811, 812, 829, 881, 888, 889, 891, 892, 910, 918, 922, 930, 944, 951, 952, 953, 954, 955, 956, 957, 958, 959, 976, 985, 997, 1003, 1014, 1015, 1017, 1020, 1023]	148	[519, 522, 530, 20, 21, 22, 23, 24, 537, 538, 25, 26, 541, 533, 534, 29, 545, 548, 549, 566, 570, 571, 69, 72, 73, 76, 591, 592, 593, 594, 595, 596, 597, 611, 615, 616, 618, 619, 622, 623, 113, 626, 627, 121, 635, 637, 638, 639, 640, 642, 644, 139, 651, 652, 653, 654, 656, 658, 659, 661, 662, 663, 161, 673, 674, 680, 695, 195, 710, 712, 715, 716, 225, 229, 248, 762, 763, 255, 256, 275, 806, 811, 812, 829, 323, 324, 350, 353, 354, 357, 358, 366, 881, 373, 374, 888, 889, 891, 892, 396, 910, 399, 400, 918, 922, 415, 930, 420, 421, 944, 434, 437, 438, 951, 440, 952, 442, 953, 954, 445, 446, 955, 956, 957, 958, 959, 976, 985, 476, 477, 480, 481, 503, 997, 488, 489, 490, 1003, 492, 500, 1014, 1015, 505, 506, 507, 1020, 1017, 1023]	4_1088_3w3z.1.A_5cda4dcb732c1e932e2a4205.pdb
P32337	P07270+P32337_interface@_group137	[287, 294, 336, 337, 338, 346, 349, 350, 353, 354, 357, 396, 434, 437, 470, 473, 476, 477, 480, 511, 515, 556]	22	[284, 286, 287, 288, 290, 293, 294, 295, 335, 336, 337, 338, 339, 345, 346, 347, 348, 349, 350, 351, 352, 353, 354, 355, 356, 357, 358, 393, 395, 396, 397, 433, 434, 435, 436, 437, 438, 469, 470, 471, 472, 473, 474, 475, 476, 477, 478, 479, 480, 481, 510, 511, 512, 514, 515, 516, 555, 556, 557]	4_1088_3w3z.1.A_5cda4dcb732c1e932e2a4205.pdb
P32337	P26343+P32337_interface@_group138	[20, 21, 22, 23, 24, 25, 26, 29, 69, 72, 73, 76, 113, 121, 139, 161, 195, 225, 229, 248, 255, 256, 275, 323, 324, 350, 353, 354, 357, 358, 366, 373, 374, 396, 399, 400, 415, 420, 421, 434, 437, 438, 440, 442, 445, 446, 476, 477, 480, 481, 488, 489, 490, 492, 500, 503, 505, 506, 507, 519, 522, 530, 533, 534, 537, 538, 541, 545, 548, 549, 566, 570, 571, 591, 592, 593, 594, 595, 596, 597, 611, 615, 616, 618, 619, 622, 623, 626, 627, 635, 637, 638, 639, 640, 642, 644, 651, 652, 653, 654, 656, 658, 659, 661, 662, 663, 673, 674, 680, 695, 710, 712, 715, 716, 762, 763, 806, 811, 812, 829, 881, 888, 889, 891, 892, 910, 918, 922, 930, 944, 951, 952, 953, 954, 955, 956, 957, 958, 959, 976, 985, 997, 1003, 1014, 1015, 1017, 1020, 1023]	148	[519, 522, 530, 20, 21, 22, 23, 24, 537, 538, 25, 26, 541, 533, 534, 29, 545, 548, 549, 566, 570, 571, 69, 72, 73, 76, 591, 592, 593, 594, 595, 596, 597, 611, 615, 616, 618, 619, 622, 623, 113, 626, 627, 121, 635, 637, 638, 639, 640, 642, 644, 139, 651, 652, 653, 654, 656, 658, 659, 661, 662, 663, 161, 673, 674, 680, 695, 195, 710, 712, 715, 716, 225, 229, 248, 762, 763, 255, 256, 275, 806, 811, 812, 829, 323, 324, 350, 353, 354, 357, 358, 366, 881, 373, 374, 888, 889, 891, 892, 396, 910, 399, 400, 918, 922, 415, 930, 420, 421, 944, 434, 437, 438, 951, 440, 952, 442, 953, 954, 445, 446, 955, 956, 957, 958, 959, 976, 985, 476, 477, 480, 481, 503, 997, 488, 489, 490, 1003, 492, 500, 1014, 1015, 505, 506, 507, 1020, 1017, 1023]	4_1088_3w3z.1.A_5cda4dcb732c1e932e2a4205.pdb
P32337	P13574+P32337_interface@_group139	[251, 287, 338, 346, 347, 349, 350, 353, 354, 357, 396, 430, 434, 437, 470, 473, 476, 477, 480, 512, 556]	21	[250, 251, 252, 284, 286, 287, 288, 290, 337, 338, 339, 345, 346, 347, 348, 349, 350, 351, 352, 353, 354, 355, 356, 357, 358, 393, 395, 396, 397, 429, 430, 431, 433, 434, 435, 436, 437, 438, 469, 470, 471, 472, 473, 474, 475, 476, 477, 478, 479, 480, 481, 511, 512, 513, 515, 555, 556, 557]	4_1088_3w3z.1.A_5cda4dcb732c1e932e2a4205.pdb
