P54861	Nucleotide binding@_group0	[35, 36, 37, 38, 39, 40, 41, 42]	8	[34, 35, 36, 37, 38, 39, 40, 41, 42, 43, 178, 179, 225]	4_756_5wp9.1.A_5cd8ca9b08cc8fa009350462.pdb
P54861	Nucleotide binding@_group1	[175, 176, 177, 178, 179]	5	[36, 37, 62, 65, 174, 175, 176, 177, 178, 179, 180]	4_756_5wp9.1.A_5cd8ca9b08cc8fa009350462.pdb
P54861	Nucleotide binding@_group2	[244, 245, 246, 247]	4	[215, 243, 244, 245, 246, 247, 248, 249, 273]	4_756_5wp9.1.A_5cd8ca9b08cc8fa009350462.pdb
P54861	Mutagenesis@_group3	[705]	1	[702, 704, 705, 706]	4_756_5wp9.1.A_5cd8ca9b08cc8fa009350462.pdb
P54861	Modified residue@_group4	[629]	1	[628, 629, 630]	4_756_5wp9.1.A_5cd8ca9b08cc8fa009350462.pdb
P54861	Domain [FT]@_group5	[25, 26, 27, 28, 29, 30, 31, 32, 33, 34, 35, 36, 37, 38, 39, 40, 41, 42, 43, 44, 45, 46, 47, 48, 49, 50, 51, 52, 53, 54, 55, 56, 57, 58, 59, 60, 61, 62, 63, 64, 65, 66, 67, 68, 69, 70, 71, 72, 73, 74, 75, 76, 77, 78, 79, 80, 81, 82, 83, 84, 85, 86, 87, 88, 89, 90, 91, 92, 93, 94, 95, 96, 97, 98, 99, 100, 101, 102, 103, 104, 105, 106, 107, 108, 109, 110, 111, 112, 113, 114, 115, 116, 117, 118, 119, 120, 121, 122, 123, 124, 125, 126, 127, 128, 129, 130, 131, 132, 133, 134, 135, 136, 137, 138, 139, 140, 141, 142, 143, 144, 145, 146, 147, 148, 149, 150, 151, 152, 153, 154, 155, 156, 157, 158, 159, 160, 161, 162, 163, 164, 165, 166, 167, 168, 169, 170, 171, 172, 173, 174, 175, 176, 177, 178, 179, 180, 181, 182, 183, 184, 185, 186, 187, 188, 189, 190, 191, 192, 193, 194, 195, 196, 197, 198, 199, 200, 201, 202, 203, 204, 205, 206, 207, 208, 209, 210, 211, 212, 213, 214, 215, 216, 217, 218, 219, 220, 221, 222, 223, 224, 225, 226, 227, 228, 229, 230, 231, 232, 233, 234, 235, 236, 237, 238, 239, 240, 241, 242, 243, 244, 245, 246, 247, 248, 249, 250, 251, 252, 253, 254, 255, 256, 257, 258, 259, 260, 261, 262, 263, 264, 265, 266, 267, 268, 269, 270, 271, 272, 273, 274, 275, 276, 277, 278, 279, 280, 281, 282, 283, 284, 285, 286, 287, 288, 289, 290, 291, 292, 293, 294, 295, 296, 297, 298, 299, 300, 301, 302, 303, 304, 305, 306, 307, 308, 309, 310, 311, 312, 313, 314, 315, 316, 317, 318, 319, 320, 321, 322, 323, 324, 325, 326, 327, 328, 329, 330, 331, 332, 333]	309	[25, 26, 27, 28, 29, 30, 31, 32, 33, 34, 35, 36, 37, 38, 39, 40, 41, 42, 43, 44, 45, 46, 47, 48, 49, 50, 51, 52, 53, 54, 55, 56, 57, 58, 59, 60, 61, 62, 63, 64, 65, 66, 67, 68, 69, 70, 71, 72, 73, 74, 75, 76, 77, 78, 79, 80, 81, 82, 83, 84, 85, 86, 87, 88, 89, 90, 91, 92, 93, 94, 95, 96, 97, 98, 99, 100, 101, 102, 103, 104, 105, 106, 107, 108, 109, 110, 111, 112, 113, 114, 115, 116, 117, 118, 119, 120, 121, 122, 123, 124, 125, 126, 127, 128, 129, 130, 131, 132, 133, 134, 135, 136, 137, 138, 139, 140, 141, 142, 143, 144, 145, 146, 147, 148, 149, 150, 151, 152, 153, 154, 155, 156, 157, 158, 159, 160, 161, 162, 163, 164, 165, 166, 167, 168, 169, 170, 171, 172, 173, 174, 175, 176, 177, 178, 179, 180, 181, 182, 183, 184, 185, 186, 187, 188, 189, 190, 191, 192, 193, 194, 195, 196, 197, 198, 199, 200, 201, 202, 203, 204, 205, 206, 207, 208, 209, 210, 211, 212, 213, 214, 215, 216, 217, 218, 219, 220, 221, 222, 223, 224, 225, 226, 227, 228, 229, 230, 231, 232, 233, 234, 235, 236, 237, 238, 239, 240, 241, 242, 243, 244, 245, 246, 247, 248, 249, 250, 251, 252, 253, 254, 255, 256, 257, 258, 259, 260, 261, 262, 263, 264, 265, 266, 267, 268, 269, 270, 271, 272, 273, 274, 275, 276, 277, 278, 279, 280, 281, 282, 283, 284, 285, 286, 287, 288, 289, 290, 291, 292, 293, 294, 295, 296, 297, 298, 299, 300, 301, 302, 303, 304, 305, 306, 307, 308, 309, 310, 311, 312, 313, 314, 315, 316, 317, 318, 319, 320, 321, 322, 323, 324, 325, 326, 327, 328, 329, 330, 331, 332, 333]	4_756_5wp9.1.A_5cd8ca9b08cc8fa009350462.pdb
P54861	Domain [FT]@_group6	[670, 671, 672, 673, 674, 675, 676, 677, 678, 679, 680, 681, 682, 683, 684, 685, 686, 687, 688, 689, 690, 691, 692, 693, 694, 695, 696, 697, 698, 699, 700, 701, 702, 703, 704, 705, 706, 707, 708, 709, 710, 711, 712, 713, 714, 715, 716, 717, 718, 719, 720, 721, 722, 723, 724, 725, 726, 727, 728, 729, 730, 731, 732, 733, 734, 735, 736, 737, 738, 739, 740, 741, 742, 743, 744, 745, 746, 747, 748, 749, 750, 751, 752, 753, 754, 755, 756, 757]	88	[489, 492, 667, 668, 669, 670, 671, 672, 673, 674, 675, 676, 677, 678, 679, 680, 681, 682, 683, 684, 685, 686, 687, 688, 689, 690, 691, 692, 693, 694, 695, 696, 697, 698, 699, 700, 701, 702, 703, 704, 705, 706, 707, 708, 709, 710, 711, 712, 713, 714, 715, 716, 717, 718, 719, 720, 721, 722, 723, 724, 725, 726, 727, 728, 729, 730, 731, 732, 733, 734, 735, 736, 737, 738, 739, 740, 741, 742, 743, 744, 745, 746, 747, 748, 749, 750, 751, 752, 753, 754, 755, 756]	4_756_5wp9.1.A_5cd8ca9b08cc8fa009350462.pdb
P54861	Region@_group7	[35, 36, 37, 38, 39, 40, 41, 42]	8	[34, 35, 36, 37, 38, 39, 40, 41, 42, 43, 178, 179, 225]	4_756_5wp9.1.A_5cd8ca9b08cc8fa009350462.pdb
P54861	Region@_group8	[61, 62, 63]	3	[60, 61, 62, 63, 64, 154, 177]	4_756_5wp9.1.A_5cd8ca9b08cc8fa009350462.pdb
P54861	Region@_group9	[175, 176, 177, 178]	4	[36, 37, 62, 65, 174, 175, 176, 177, 178, 179]	4_756_5wp9.1.A_5cd8ca9b08cc8fa009350462.pdb
P54861	Region@_group10	[244, 245, 246, 247]	4	[215, 243, 244, 245, 246, 247, 248, 249, 273]	4_756_5wp9.1.A_5cd8ca9b08cc8fa009350462.pdb
P54861	Region@_group11	[274, 275, 276, 277]	4	[273, 274, 275, 276, 277, 278, 280]	4_756_5wp9.1.A_5cd8ca9b08cc8fa009350462.pdb
P54861	P54861+Q12527_interface@_group12	[13, 14, 17, 20, 22, 23, 24, 25, 26, 38, 56, 57, 58, 59, 75, 123, 125, 126, 127, 128, 129, 131, 132, 138, 145, 146, 149, 150, 151, 152, 166, 169, 180, 181, 182, 183, 184, 185, 186, 187, 189, 190, 200, 201, 206, 217, 218, 219, 221, 222, 224, 227, 231, 235, 245, 247, 248, 249, 250, 251, 252, 253, 254, 256, 257, 262, 263, 264, 265, 267, 268, 275, 277, 279, 280, 281, 282, 283, 284, 291, 300, 302, 305, 306, 309, 310, 314, 329, 333, 334, 336, 352, 424, 425, 428, 432, 435, 438, 445, 473, 523, 529, 532, 685, 691]	105	[523, 13, 14, 17, 529, 20, 532, 22, 23, 24, 25, 26, 38, 56, 57, 58, 59, 75, 123, 125, 126, 127, 128, 129, 131, 132, 138, 145, 146, 149, 150, 151, 152, 166, 169, 685, 691, 180, 181, 182, 183, 184, 185, 186, 187, 189, 190, 200, 201, 206, 217, 218, 219, 221, 222, 224, 227, 231, 235, 245, 247, 248, 249, 250, 251, 252, 253, 254, 256, 257, 262, 263, 264, 265, 267, 268, 275, 277, 279, 280, 281, 282, 283, 284, 291, 300, 302, 305, 306, 309, 310, 314, 329, 333, 334, 336, 352, 424, 425, 428, 432, 435, 438, 445, 473]	4_756_5wp9.1.A_5cd8ca9b08cc8fa009350462.pdb
P54861	P17423+P54861_interface@_group13	[13, 14, 17, 20, 22, 23, 24, 25, 26, 38, 56, 57, 58, 59, 75, 123, 125, 126, 127, 128, 129, 131, 132, 138, 145, 146, 149, 150, 151, 152, 166, 169, 180, 181, 182, 183, 184, 185, 186, 187, 189, 190, 200, 201, 206, 217, 218, 219, 221, 222, 224, 227, 231, 235, 245, 247, 248, 249, 250, 251, 252, 253, 254, 256, 257, 262, 263, 264, 265, 267, 268, 275, 277, 279, 280, 281, 282, 283, 284, 291, 300, 302, 305, 306, 309, 310, 314, 329, 333, 334, 336, 352, 424, 425, 428, 432, 435, 438, 445, 473, 523, 529, 532, 685, 691]	105	[523, 13, 14, 17, 529, 20, 532, 22, 23, 24, 25, 26, 38, 56, 57, 58, 59, 75, 123, 125, 126, 127, 128, 129, 131, 132, 138, 145, 146, 149, 150, 151, 152, 166, 169, 685, 691, 180, 181, 182, 183, 184, 185, 186, 187, 189, 190, 200, 201, 206, 217, 218, 219, 221, 222, 224, 227, 231, 235, 245, 247, 248, 249, 250, 251, 252, 253, 254, 256, 257, 262, 263, 264, 265, 267, 268, 275, 277, 279, 280, 281, 282, 283, 284, 291, 300, 302, 305, 306, 309, 310, 314, 329, 333, 334, 336, 352, 424, 425, 428, 432, 435, 438, 445, 473]	4_756_5wp9.1.A_5cd8ca9b08cc8fa009350462.pdb
P54861	P20676+P54861_interface@_group14	[13, 14, 17, 20, 22, 23, 24, 25, 26, 38, 56, 57, 58, 59, 75, 123, 125, 126, 127, 128, 129, 131, 132, 138, 145, 146, 149, 150, 151, 152, 166, 169, 180, 181, 182, 183, 184, 185, 186, 187, 189, 190, 200, 201, 206, 217, 218, 219, 221, 222, 224, 227, 231, 235, 245, 247, 248, 249, 250, 251, 252, 253, 254, 256, 257, 262, 263, 264, 265, 267, 268, 275, 277, 279, 280, 281, 282, 283, 284, 291, 300, 302, 305, 306, 309, 310, 314, 329, 333, 334, 336, 352, 424, 425, 428, 432, 435, 438, 445, 473, 523, 529, 532, 685, 691]	105	[523, 13, 14, 17, 529, 20, 532, 22, 23, 24, 25, 26, 38, 56, 57, 58, 59, 75, 123, 125, 126, 127, 128, 129, 131, 132, 138, 145, 146, 149, 150, 151, 152, 166, 169, 685, 691, 180, 181, 182, 183, 184, 185, 186, 187, 189, 190, 200, 201, 206, 217, 218, 219, 221, 222, 224, 227, 231, 235, 245, 247, 248, 249, 250, 251, 252, 253, 254, 256, 257, 262, 263, 264, 265, 267, 268, 275, 277, 279, 280, 281, 282, 283, 284, 291, 300, 302, 305, 306, 309, 310, 314, 329, 333, 334, 336, 352, 424, 425, 428, 432, 435, 438, 445, 473]	4_756_5wp9.1.A_5cd8ca9b08cc8fa009350462.pdb
P54861	P32502+P54861_interface@_group15	[13, 14, 17, 20, 22, 23, 24, 25, 26, 38, 56, 57, 58, 59, 75, 123, 125, 126, 127, 128, 129, 131, 132, 138, 145, 146, 149, 150, 151, 152, 166, 169, 180, 181, 182, 183, 184, 185, 186, 187, 189, 190, 200, 201, 206, 217, 218, 219, 221, 222, 224, 227, 231, 235, 245, 247, 248, 249, 250, 251, 252, 253, 254, 256, 257, 262, 263, 264, 265, 267, 268, 275, 277, 279, 280, 281, 282, 283, 284, 291, 300, 302, 305, 306, 309, 310, 314, 329, 333, 334, 336, 352, 424, 425, 428, 432, 435, 438, 445, 473, 523, 529, 532, 685, 691]	105	[523, 13, 14, 17, 529, 20, 532, 22, 23, 24, 25, 26, 38, 56, 57, 58, 59, 75, 123, 125, 126, 127, 128, 129, 131, 132, 138, 145, 146, 149, 150, 151, 152, 166, 169, 685, 691, 180, 181, 182, 183, 184, 185, 186, 187, 189, 190, 200, 201, 206, 217, 218, 219, 221, 222, 224, 227, 231, 235, 245, 247, 248, 249, 250, 251, 252, 253, 254, 256, 257, 262, 263, 264, 265, 267, 268, 275, 277, 279, 280, 281, 282, 283, 284, 291, 300, 302, 305, 306, 309, 310, 314, 329, 333, 334, 336, 352, 424, 425, 428, 432, 435, 438, 445, 473]	4_756_5wp9.1.A_5cd8ca9b08cc8fa009350462.pdb
P54861	P33327+P54861_interface@_group16	[13, 14, 17, 20, 22, 23, 24, 25, 26, 38, 56, 57, 58, 59, 75, 123, 125, 126, 127, 128, 129, 131, 132, 138, 145, 146, 149, 150, 151, 152, 166, 169, 180, 181, 182, 183, 184, 185, 186, 187, 189, 190, 200, 201, 206, 217, 218, 219, 221, 222, 224, 227, 231, 235, 245, 247, 248, 249, 250, 251, 252, 253, 254, 256, 257, 262, 263, 264, 265, 267, 268, 275, 277, 279, 280, 281, 282, 283, 284, 291, 300, 302, 305, 306, 309, 310, 314, 329, 333, 334, 336, 352, 424, 425, 428, 432, 435, 438, 445, 473, 523, 529, 532, 685, 691]	105	[523, 13, 14, 17, 529, 20, 532, 22, 23, 24, 25, 26, 38, 56, 57, 58, 59, 75, 123, 125, 126, 127, 128, 129, 131, 132, 138, 145, 146, 149, 150, 151, 152, 166, 169, 685, 691, 180, 181, 182, 183, 184, 185, 186, 187, 189, 190, 200, 201, 206, 217, 218, 219, 221, 222, 224, 227, 231, 235, 245, 247, 248, 249, 250, 251, 252, 253, 254, 256, 257, 262, 263, 264, 265, 267, 268, 275, 277, 279, 280, 281, 282, 283, 284, 291, 300, 302, 305, 306, 309, 310, 314, 329, 333, 334, 336, 352, 424, 425, 428, 432, 435, 438, 445, 473]	4_756_5wp9.1.A_5cd8ca9b08cc8fa009350462.pdb
P54861	P38340+P54861_interface@_group17	[38, 56, 57, 58, 59, 146, 149, 151, 152, 181, 182, 183, 184, 185, 186, 187, 206, 218, 219, 221, 222, 248, 250, 251, 252, 253, 254, 263, 265, 267, 275, 276, 277, 281, 333, 334, 336, 400, 432, 433, 438, 453]	42	[37, 38, 39, 55, 56, 57, 58, 59, 60, 145, 146, 147, 148, 149, 150, 151, 152, 153, 180, 181, 182, 183, 184, 185, 186, 187, 188, 205, 206, 207, 217, 218, 219, 220, 221, 222, 223, 247, 248, 249, 250, 251, 252, 253, 254, 255, 258, 261, 262, 263, 264, 265, 266, 267, 268, 274, 275, 276, 277, 278, 280, 281, 282, 331, 332, 333, 334, 335, 336, 337, 339, 396, 399, 400, 401, 403, 430, 431, 432, 433, 434, 436, 437, 438, 439, 452, 453, 454, 456]	4_756_5wp9.1.A_5cd8ca9b08cc8fa009350462.pdb
P54861	P40454+P54861_interface@_group18	[13, 14, 17, 20, 22, 23, 24, 25, 26, 38, 56, 57, 58, 59, 75, 123, 125, 126, 127, 128, 129, 131, 132, 138, 145, 146, 149, 150, 151, 152, 166, 169, 180, 181, 182, 183, 184, 185, 186, 187, 189, 190, 200, 201, 206, 217, 218, 219, 221, 222, 224, 227, 231, 235, 245, 247, 248, 249, 250, 251, 252, 253, 254, 256, 257, 262, 263, 264, 265, 267, 268, 275, 277, 279, 280, 281, 282, 283, 284, 291, 300, 302, 305, 306, 309, 310, 314, 329, 333, 334, 336, 352, 424, 425, 428, 432, 435, 438, 445, 473, 523, 529, 532, 685, 691]	105	[523, 13, 14, 17, 529, 20, 532, 22, 23, 24, 25, 26, 38, 56, 57, 58, 59, 75, 123, 125, 126, 127, 128, 129, 131, 132, 138, 145, 146, 149, 150, 151, 152, 166, 169, 685, 691, 180, 181, 182, 183, 184, 185, 186, 187, 189, 190, 200, 201, 206, 217, 218, 219, 221, 222, 224, 227, 231, 235, 245, 247, 248, 249, 250, 251, 252, 253, 254, 256, 257, 262, 263, 264, 265, 267, 268, 275, 277, 279, 280, 281, 282, 283, 284, 291, 300, 302, 305, 306, 309, 310, 314, 329, 333, 334, 336, 352, 424, 425, 428, 432, 435, 438, 445, 473]	4_756_5wp9.1.A_5cd8ca9b08cc8fa009350462.pdb
P54861	P41811+P54861_interface@_group19	[13, 14, 17, 20, 22, 23, 24, 25, 26, 38, 56, 57, 58, 59, 75, 123, 125, 126, 127, 128, 129, 131, 132, 138, 145, 146, 149, 150, 151, 152, 166, 169, 180, 181, 182, 183, 184, 185, 186, 187, 189, 190, 200, 201, 206, 217, 218, 219, 221, 222, 224, 227, 231, 235, 245, 247, 248, 249, 250, 251, 252, 253, 254, 256, 257, 262, 263, 264, 265, 267, 268, 275, 277, 279, 280, 281, 282, 283, 284, 291, 300, 302, 305, 306, 309, 310, 314, 329, 333, 334, 336, 352, 424, 425, 428, 432, 435, 438, 445, 473, 523, 529, 532, 685, 691]	105	[523, 13, 14, 17, 529, 20, 532, 22, 23, 24, 25, 26, 38, 56, 57, 58, 59, 75, 123, 125, 126, 127, 128, 129, 131, 132, 138, 145, 146, 149, 150, 151, 152, 166, 169, 685, 691, 180, 181, 182, 183, 184, 185, 186, 187, 189, 190, 200, 201, 206, 217, 218, 219, 221, 222, 224, 227, 231, 235, 245, 247, 248, 249, 250, 251, 252, 253, 254, 256, 257, 262, 263, 264, 265, 267, 268, 275, 277, 279, 280, 281, 282, 283, 284, 291, 300, 302, 305, 306, 309, 310, 314, 329, 333, 334, 336, 352, 424, 425, 428, 432, 435, 438, 445, 473]	4_756_5wp9.1.A_5cd8ca9b08cc8fa009350462.pdb
P54861	P47025+P54861_interface@_group20	[13, 14, 17, 20, 22, 23, 24, 25, 26, 38, 56, 57, 58, 59, 75, 123, 125, 126, 127, 128, 129, 131, 132, 138, 145, 146, 149, 150, 151, 152, 166, 169, 180, 181, 182, 183, 184, 185, 186, 187, 189, 190, 200, 201, 206, 217, 218, 219, 221, 222, 224, 227, 231, 235, 245, 247, 248, 249, 250, 251, 252, 253, 254, 256, 257, 262, 263, 264, 265, 267, 268, 275, 277, 279, 280, 281, 282, 283, 284, 291, 300, 302, 305, 306, 309, 310, 314, 329, 333, 334, 336, 352, 424, 425, 428, 432, 435, 438, 445, 473, 523, 529, 532, 685, 691]	105	[523, 13, 14, 17, 529, 20, 532, 22, 23, 24, 25, 26, 38, 56, 57, 58, 59, 75, 123, 125, 126, 127, 128, 129, 131, 132, 138, 145, 146, 149, 150, 151, 152, 166, 169, 685, 691, 180, 181, 182, 183, 184, 185, 186, 187, 189, 190, 200, 201, 206, 217, 218, 219, 221, 222, 224, 227, 231, 235, 245, 247, 248, 249, 250, 251, 252, 253, 254, 256, 257, 262, 263, 264, 265, 267, 268, 275, 277, 279, 280, 281, 282, 283, 284, 291, 300, 302, 305, 306, 309, 310, 314, 329, 333, 334, 336, 352, 424, 425, 428, 432, 435, 438, 445, 473]	4_756_5wp9.1.A_5cd8ca9b08cc8fa009350462.pdb
P54861	P53550+P54861_interface@_group21	[13, 14, 17, 20, 22, 23, 24, 25, 26, 38, 56, 57, 58, 59, 75, 123, 125, 126, 127, 128, 129, 131, 132, 138, 145, 146, 149, 150, 151, 152, 166, 169, 180, 181, 182, 183, 184, 185, 186, 187, 189, 190, 200, 201, 206, 217, 218, 219, 221, 222, 224, 227, 231, 235, 245, 247, 248, 249, 250, 251, 252, 253, 254, 256, 257, 262, 263, 264, 265, 267, 268, 275, 277, 279, 280, 281, 282, 283, 284, 291, 300, 302, 305, 306, 309, 310, 314, 329, 333, 334, 336, 352, 424, 425, 428, 432, 435, 438, 445, 473, 523, 529, 532, 685, 691]	105	[523, 13, 14, 17, 529, 20, 532, 22, 23, 24, 25, 26, 38, 56, 57, 58, 59, 75, 123, 125, 126, 127, 128, 129, 131, 132, 138, 145, 146, 149, 150, 151, 152, 166, 169, 685, 691, 180, 181, 182, 183, 184, 185, 186, 187, 189, 190, 200, 201, 206, 217, 218, 219, 221, 222, 224, 227, 231, 235, 245, 247, 248, 249, 250, 251, 252, 253, 254, 256, 257, 262, 263, 264, 265, 267, 268, 275, 277, 279, 280, 281, 282, 283, 284, 291, 300, 302, 305, 306, 309, 310, 314, 329, 333, 334, 336, 352, 424, 425, 428, 432, 435, 438, 445, 473]	4_756_5wp9.1.A_5cd8ca9b08cc8fa009350462.pdb
P54861	P54783+P54861_interface@_group22	[13, 14, 17, 20, 22, 23, 24, 25, 26, 38, 56, 57, 58, 59, 75, 123, 125, 126, 127, 128, 129, 131, 132, 138, 145, 146, 149, 150, 151, 152, 166, 169, 180, 181, 182, 183, 184, 185, 186, 187, 189, 190, 200, 201, 206, 217, 218, 219, 221, 222, 224, 227, 231, 235, 245, 247, 248, 249, 250, 251, 252, 253, 254, 256, 257, 262, 263, 264, 265, 267, 268, 275, 277, 279, 280, 281, 282, 283, 284, 291, 300, 302, 305, 306, 309, 310, 314, 329, 333, 334, 336, 352, 424, 425, 428, 432, 435, 438, 445, 473, 523, 529, 532, 685, 691]	105	[523, 13, 14, 17, 529, 20, 532, 22, 23, 24, 25, 26, 38, 56, 57, 58, 59, 75, 123, 125, 126, 127, 128, 129, 131, 132, 138, 145, 146, 149, 150, 151, 152, 166, 169, 685, 691, 180, 181, 182, 183, 184, 185, 186, 187, 189, 190, 200, 201, 206, 217, 218, 219, 221, 222, 224, 227, 231, 235, 245, 247, 248, 249, 250, 251, 252, 253, 254, 256, 257, 262, 263, 264, 265, 267, 268, 275, 277, 279, 280, 281, 282, 283, 284, 291, 300, 302, 305, 306, 309, 310, 314, 329, 333, 334, 336, 352, 424, 425, 428, 432, 435, 438, 445, 473]	4_756_5wp9.1.A_5cd8ca9b08cc8fa009350462.pdb
P54861	P54858+P54861_interface@_group23	[13, 14, 17, 20, 22, 23, 24, 25, 26, 38, 56, 57, 58, 59, 75, 123, 125, 126, 127, 128, 129, 131, 132, 138, 145, 146, 149, 150, 151, 152, 166, 169, 180, 181, 182, 183, 184, 185, 186, 187, 189, 190, 200, 201, 206, 217, 218, 219, 221, 222, 224, 227, 231, 235, 245, 247, 248, 249, 250, 251, 252, 253, 254, 256, 257, 262, 263, 264, 265, 267, 268, 275, 277, 279, 280, 281, 282, 283, 284, 291, 300, 302, 305, 306, 309, 310, 314, 329, 333, 334, 336, 352, 424, 425, 428, 432, 435, 438, 445, 473, 523, 529, 532, 685, 691]	105	[523, 13, 14, 17, 529, 20, 532, 22, 23, 24, 25, 26, 38, 56, 57, 58, 59, 75, 123, 125, 126, 127, 128, 129, 131, 132, 138, 145, 146, 149, 150, 151, 152, 166, 169, 685, 691, 180, 181, 182, 183, 184, 185, 186, 187, 189, 190, 200, 201, 206, 217, 218, 219, 221, 222, 224, 227, 231, 235, 245, 247, 248, 249, 250, 251, 252, 253, 254, 256, 257, 262, 263, 264, 265, 267, 268, 275, 277, 279, 280, 281, 282, 283, 284, 291, 300, 302, 305, 306, 309, 310, 314, 329, 333, 334, 336, 352, 424, 425, 428, 432, 435, 438, 445, 473]	4_756_5wp9.1.A_5cd8ca9b08cc8fa009350462.pdb
P54861	P54861+P54861_interface@_group24	[36, 37, 38, 58, 59, 152, 181, 182, 183, 184, 185, 189, 192, 217, 218, 219, 221, 222, 223, 224, 227, 230, 245, 248, 249, 250, 251, 252, 253, 263, 264, 277, 278, 279, 282]	35	[35, 36, 37, 38, 39, 57, 58, 59, 60, 151, 152, 153, 178, 179, 180, 181, 182, 183, 184, 185, 186, 188, 189, 190, 191, 192, 193, 216, 217, 218, 219, 220, 221, 222, 223, 224, 225, 226, 227, 228, 229, 230, 231, 233, 234, 244, 245, 246, 247, 248, 249, 250, 251, 252, 253, 254, 258, 262, 263, 264, 265, 276, 277, 278, 279, 280, 281, 282, 283]	4_756_5wp9.1.A_5cd8ca9b08cc8fa009350462.pdb
