P39997	Transmembrane@_group0	[29, 30, 31, 32, 33, 34, 35, 36, 37, 38, 39, 40, 41, 42, 43, 44, 45]	17	[67, 69, 70, 71, 72, 73, 77, 79, 86, 94, 95, 97, 101, 102, 103, 104, 105, 106, 115, 116, 117, 118, 120, 121, 128, 150, 151, 152, 153, 154, 155, 156, 157, 165, 168, 169, 170, 172, 173, 174, 175, 176, 177, 178, 208, 209, 246, 247, 248, 249, 251, 252, 255, 258, 259, 273, 274, 296, 297, 310, 313, 316, 317, 320, 321, 323, 324, 325, 326, 327, 328, 329, 330, 333, 334, 336, 337, 341, 367, 368, 369, 370, 371, 372, 377, 380, 381, 391, 392, 394, 395, 396, 399, 405, 406, 408, 410, 412, 413, 414, 418, 425, 426, 428, 429, 430, 432, 433, 435, 436, 437, 438, 439, 440, 441, 442, 443, 444, 445, 446, 447, 448, 449, 450, 468, 469, 470, 487]	74_490_6c02.1.A_5cd64ab4d60c59c98731d68b.pdb
P39997	Topological domain@_group1	[1, 2, 3, 4, 5, 6, 7, 8, 9, 10, 11, 12, 13, 14, 15, 16, 17, 18, 19, 20, 21, 22, 23, 24, 25, 26, 27, 28]	28	[67, 69, 70, 71, 72, 73, 77, 79, 86, 94, 95, 97, 101, 102, 103, 104, 105, 106, 115, 116, 117, 118, 120, 121, 128, 150, 151, 152, 153, 154, 155, 156, 157, 165, 168, 169, 170, 172, 173, 174, 175, 176, 177, 178, 208, 209, 246, 247, 248, 249, 251, 252, 255, 258, 259, 273, 274, 296, 297, 310, 313, 316, 317, 320, 321, 323, 324, 325, 326, 327, 328, 329, 330, 333, 334, 336, 337, 341, 367, 368, 369, 370, 371, 372, 377, 380, 381, 391, 392, 394, 395, 396, 399, 405, 406, 408, 410, 412, 413, 414, 418, 425, 426, 428, 429, 430, 432, 433, 435, 436, 437, 438, 439, 440, 441, 442, 443, 444, 445, 446, 447, 448, 449, 450, 468, 469, 470, 487]	74_490_6c02.1.A_5cd64ab4d60c59c98731d68b.pdb
P39997	Topological domain@_group2	[46, 47, 48, 49, 50, 51, 52, 53, 54, 55, 56, 57, 58, 59, 60, 61, 62, 63, 64, 65, 66, 67, 68, 69, 70, 71, 72, 73, 74, 75, 76, 77, 78, 79, 80, 81, 82, 83, 84, 85, 86, 87, 88, 89, 90, 91, 92, 93, 94, 95, 96, 97, 98, 99, 100, 101, 102, 103, 104, 105, 106, 107, 108, 109, 110, 111, 112, 113, 114, 115, 116, 117, 118, 119, 120, 121, 122, 123, 124, 125, 126, 127, 128, 129, 130, 131, 132, 133, 134, 135, 136, 137, 138, 139, 140, 141, 142, 143, 144, 145, 146, 147, 148, 149, 150, 151, 152, 153, 154, 155, 156, 157, 158, 159, 160, 161, 162, 163, 164, 165, 166, 167, 168, 169, 170, 171, 172, 173, 174, 175, 176, 177, 178, 179, 180, 181, 182, 183, 184, 185, 186, 187, 188, 189, 190, 191, 192, 193, 194, 195, 196, 197, 198, 199, 200, 201, 202, 203, 204, 205, 206, 207, 208, 209, 210, 211, 212, 213, 214, 215, 216, 217, 218, 219, 220, 221, 222, 223, 224, 225, 226, 227, 228, 229, 230, 231, 232, 233, 234, 235, 236, 237, 238, 239, 240, 241, 242, 243, 244, 245, 246, 247, 248, 249, 250, 251, 252, 253, 254, 255, 256, 257, 258, 259, 260, 261, 262, 263, 264, 265, 266, 267, 268, 269, 270, 271, 272, 273, 274, 275, 276, 277, 278, 279, 280, 281, 282, 283, 284, 285, 286, 287, 288, 289, 290, 291, 292, 293, 294, 295, 296, 297, 298, 299, 300, 301, 302, 303, 304, 305, 306, 307, 308, 309, 310, 311, 312, 313, 314, 315, 316, 317, 318, 319, 320, 321, 322, 323, 324, 325, 326, 327, 328, 329, 330, 331, 332, 333, 334, 335, 336, 337, 338, 339, 340, 341, 342, 343, 344, 345, 346, 347, 348, 349, 350, 351, 352, 353, 354, 355, 356, 357, 358, 359, 360, 361, 362, 363, 364, 365, 366, 367, 368, 369, 370, 371, 372, 373, 374, 375, 376, 377, 378, 379, 380, 381, 382, 383, 384, 385, 386, 387, 388, 389, 390, 391, 392, 393, 394, 395, 396, 397, 398, 399, 400, 401, 402, 403, 404, 405, 406, 407, 408, 409, 410, 411, 412, 413, 414, 415, 416, 417, 418, 419, 420, 421, 422, 423, 424, 425, 426, 427, 428, 429, 430, 431, 432, 433, 434, 435, 436, 437, 438, 439, 440, 441, 442, 443, 444, 445, 446, 447, 448, 449, 450, 451, 452, 453, 454, 455, 456, 457, 458, 459, 460, 461, 462, 463, 464, 465, 466, 467, 468, 469, 470, 471, 472, 473, 474, 475, 476, 477, 478, 479, 480, 481, 482, 483, 484, 485, 486, 487, 488, 489, 490, 491, 492, 493]	448	[74, 75, 76, 77, 78, 79, 80, 81, 82, 83, 84, 85, 86, 87, 88, 89, 90, 91, 92, 93, 94, 95, 96, 97, 98, 99, 100, 101, 102, 103, 104, 105, 106, 107, 108, 109, 110, 111, 112, 113, 114, 115, 116, 117, 118, 119, 120, 121, 122, 123, 124, 125, 126, 127, 128, 129, 130, 131, 132, 133, 134, 135, 136, 137, 138, 139, 140, 141, 142, 143, 144, 145, 146, 147, 148, 149, 150, 151, 152, 153, 154, 155, 156, 157, 158, 159, 160, 161, 162, 163, 164, 165, 166, 167, 168, 169, 170, 171, 172, 173, 174, 175, 176, 177, 178, 179, 180, 181, 182, 183, 184, 185, 186, 187, 188, 189, 190, 191, 192, 193, 194, 195, 196, 197, 198, 199, 200, 201, 202, 203, 204, 205, 206, 207, 208, 209, 210, 211, 212, 213, 214, 215, 216, 217, 218, 219, 220, 221, 222, 223, 224, 225, 226, 227, 228, 229, 230, 231, 232, 233, 234, 235, 236, 237, 238, 239, 240, 241, 242, 243, 244, 245, 246, 247, 248, 249, 250, 251, 252, 253, 254, 255, 256, 257, 258, 259, 260, 261, 262, 263, 264, 265, 266, 267, 268, 269, 270, 271, 272, 273, 274, 275, 276, 277, 278, 279, 280, 281, 282, 283, 284, 285, 286, 287, 288, 289, 290, 291, 292, 293, 294, 295, 296, 297, 298, 299, 300, 301, 302, 303, 304, 305, 306, 307, 308, 309, 310, 311, 312, 313, 314, 315, 316, 317, 318, 319, 320, 321, 322, 323, 324, 325, 326, 327, 328, 329, 330, 331, 332, 333, 334, 335, 336, 337, 338, 339, 340, 341, 342, 343, 344, 345, 346, 347, 348, 349, 350, 351, 352, 353, 354, 355, 356, 357, 358, 359, 360, 361, 362, 363, 364, 365, 366, 367, 368, 369, 370, 371, 372, 373, 374, 375, 376, 377, 378, 379, 380, 381, 382, 383, 384, 385, 386, 387, 388, 389, 390, 391, 392, 393, 394, 395, 396, 397, 398, 399, 400, 401, 402, 403, 404, 405, 406, 407, 408, 409, 410, 411, 412, 413, 414, 415, 416, 417, 418, 419, 420, 421, 422, 423, 424, 425, 426, 427, 428, 429, 430, 431, 432, 433, 434, 435, 436, 437, 438, 439, 440, 441, 442, 443, 444, 445, 446, 447, 448, 449, 450, 451, 452, 453, 454, 455, 456, 457, 458, 459, 460, 461, 462, 463, 464, 465, 466, 467, 468, 469, 470, 471, 472, 473, 474, 475, 476, 477, 478, 479, 480, 481, 482, 483, 484, 485, 486, 487, 488, 489, 490]	74_490_6c02.1.A_5cd64ab4d60c59c98731d68b.pdb
P39997	Active site@_group3	[127]	1	[126, 127, 128]	74_490_6c02.1.A_5cd64ab4d60c59c98731d68b.pdb
P39997	Glycosylation@_group4	[62]	1	[126, 127, 128]	74_490_6c02.1.A_5cd64ab4d60c59c98731d68b.pdb
P39997	Glycosylation@_group5	[69]	1	[126, 127, 128]	74_490_6c02.1.A_5cd64ab4d60c59c98731d68b.pdb
P39997	Glycosylation@_group6	[112]	1	[107, 111, 112, 113]	74_490_6c02.1.A_5cd64ab4d60c59c98731d68b.pdb
P39997	Glycosylation@_group7	[153]	1	[152, 153, 154, 156]	74_490_6c02.1.A_5cd64ab4d60c59c98731d68b.pdb
P39997	Glycosylation@_group8	[441]	1	[440, 441, 442]	74_490_6c02.1.A_5cd64ab4d60c59c98731d68b.pdb
P39997	Region@_group9	[76, 77, 78, 79, 80, 81, 82, 83, 84, 85, 86, 87, 88, 89, 90, 91, 92, 93, 94, 95, 96, 97, 98, 99, 100, 101, 102, 103, 104, 105, 106, 107, 108, 109, 110, 111, 112, 113, 114, 115, 116, 117, 118, 119, 120, 121, 122, 123, 124, 125, 126, 127, 128, 129, 130, 131, 132, 133, 134, 135, 136, 137, 138, 139, 140, 141, 142, 143, 144, 145, 146, 147, 148, 149, 150, 151, 152, 153, 154, 155, 156, 157, 158, 159, 160, 161, 162, 163, 164, 165, 166, 167, 168, 169, 170, 171, 172, 173, 174, 175, 176, 177, 178, 179, 180, 181, 182, 183, 184, 185, 186, 187, 188, 189, 190, 191, 192, 193, 194, 195, 196, 197, 198, 199, 200, 201, 202, 203, 204, 205, 206, 207, 208, 209, 210, 211, 212, 213, 214, 215, 216, 217, 218, 219, 220, 221, 222, 223, 224, 225, 226, 227, 228, 229, 230, 231, 232, 233, 234, 235, 236, 237, 238, 239, 240, 241, 242, 243, 244, 245, 246, 247, 248, 249, 250, 251, 252, 253, 254, 255, 256, 257, 258, 259, 260, 261, 262, 263, 264, 265, 266, 267, 268, 269, 270, 271, 272, 273, 274, 275, 276, 277, 278, 279, 280, 281, 282, 283, 284, 285, 286, 287, 288, 289, 290, 291, 292, 293, 294, 295, 296, 297, 298, 299, 300, 301, 302, 303, 304, 305, 306, 307, 308, 309, 310, 311, 312, 313, 314, 315, 316, 317, 318, 319, 320, 321, 322, 323, 324, 325, 326, 327, 328, 329, 330, 331, 332, 333, 334, 335, 336, 337, 338, 339, 340, 341, 342, 343, 344, 345, 346, 347, 348, 349, 350, 351, 352, 353, 354, 355, 356, 357, 358, 359, 360, 361, 362, 363, 364, 365, 366, 367, 368, 369, 370, 371, 372, 373, 374, 375, 376, 377, 378, 379, 380, 381, 382, 383, 384, 385, 386, 387, 388, 389, 390, 391, 392, 393, 394, 395, 396, 397, 398, 399, 400, 401, 402, 403, 404, 405, 406, 407, 408, 409, 410, 411, 412, 413, 414, 415, 416, 417, 418, 419, 420, 421, 422, 423, 424, 425, 426, 427, 428, 429, 430, 431, 432, 433, 434, 435, 436, 437, 438]	363	[76, 77, 78, 79, 80, 81, 82, 83, 84, 85, 86, 87, 88, 89, 90, 91, 92, 93, 94, 95, 96, 97, 98, 99, 100, 101, 102, 103, 104, 105, 106, 107, 108, 109, 110, 111, 112, 113, 114, 115, 116, 117, 118, 119, 120, 121, 122, 123, 124, 125, 126, 127, 128, 129, 130, 131, 132, 133, 134, 135, 136, 137, 138, 139, 140, 141, 142, 143, 144, 145, 146, 147, 148, 149, 150, 151, 152, 153, 154, 155, 156, 157, 158, 159, 160, 161, 162, 163, 164, 165, 166, 167, 168, 169, 170, 171, 172, 173, 174, 175, 176, 177, 178, 179, 180, 181, 182, 183, 184, 185, 186, 187, 188, 189, 190, 191, 192, 193, 194, 195, 196, 197, 198, 199, 200, 201, 202, 203, 204, 205, 206, 207, 208, 209, 210, 211, 212, 213, 214, 215, 216, 217, 218, 219, 220, 221, 222, 223, 224, 225, 226, 227, 228, 229, 230, 231, 232, 233, 234, 235, 236, 237, 238, 239, 240, 241, 242, 243, 244, 245, 246, 247, 248, 249, 250, 251, 252, 253, 254, 255, 256, 257, 258, 259, 260, 261, 262, 263, 264, 265, 266, 267, 268, 269, 270, 271, 272, 273, 274, 275, 276, 277, 278, 279, 280, 281, 282, 283, 284, 285, 286, 287, 288, 289, 290, 291, 292, 293, 294, 295, 296, 297, 298, 299, 300, 301, 302, 303, 304, 305, 306, 307, 308, 309, 310, 311, 312, 313, 314, 315, 316, 317, 318, 319, 320, 321, 322, 323, 324, 325, 326, 327, 328, 329, 330, 331, 332, 333, 334, 335, 336, 337, 338, 339, 340, 341, 342, 343, 344, 345, 346, 347, 348, 349, 350, 351, 352, 353, 354, 355, 356, 357, 358, 359, 360, 361, 362, 363, 364, 365, 366, 367, 368, 369, 370, 371, 372, 373, 374, 375, 376, 377, 378, 379, 380, 381, 382, 383, 384, 385, 386, 387, 388, 389, 390, 391, 392, 393, 394, 395, 396, 397, 398, 399, 400, 401, 402, 403, 404, 405, 406, 407, 408, 409, 410, 411, 412, 413, 414, 415, 416, 417, 418, 419, 420, 421, 422, 423, 424, 425, 426, 427, 428, 429, 430, 431, 432, 433, 434, 435, 436, 437, 438]	74_490_6c02.1.A_5cd64ab4d60c59c98731d68b.pdb
P39997	P39997+Q08293_interface@_group10	[89, 92, 94, 95, 97, 98, 100, 115, 128, 154, 155, 159, 167, 168, 215, 216, 219, 220, 221, 222, 223, 224, 225, 235, 239, 241, 242, 245, 258, 259, 261, 262, 263, 266, 267, 294, 297, 298, 322, 325, 331, 338, 356, 360, 363, 367, 403, 409, 417, 423, 424, 425, 426, 427, 428, 429, 430, 431, 432, 453, 454, 455, 456, 457, 458, 475, 476]	67	[88, 89, 90, 91, 92, 93, 94, 95, 96, 97, 98, 99, 100, 101, 103, 105, 114, 115, 116, 127, 128, 129, 153, 154, 155, 156, 158, 159, 160, 166, 167, 168, 169, 191, 214, 215, 216, 217, 218, 219, 220, 221, 222, 223, 224, 225, 226, 232, 234, 235, 236, 238, 239, 240, 241, 242, 243, 244, 245, 246, 257, 258, 259, 260, 261, 262, 263, 264, 265, 266, 267, 268, 291, 293, 294, 295, 296, 297, 298, 299, 300, 313, 314, 321, 322, 323, 324, 325, 326, 330, 331, 332, 337, 338, 339, 355, 356, 357, 359, 360, 361, 362, 363, 364, 366, 367, 368, 402, 403, 404, 408, 409, 410, 416, 417, 418, 422, 423, 424, 425, 426, 427, 428, 429, 430, 431, 432, 433, 450, 452, 453, 454, 455, 456, 457, 458, 459, 474, 475, 476, 477, 481]	74_490_6c02.1.A_5cd64ab4d60c59c98731d68b.pdb
P39997	P21268+P39997_interface@_group11	[89, 92, 94, 95, 97, 98, 100, 115, 128, 154, 155, 159, 167, 168, 215, 216, 219, 220, 221, 222, 223, 224, 225, 235, 239, 241, 242, 245, 258, 259, 261, 262, 263, 266, 267, 294, 297, 298, 322, 325, 331, 338, 356, 360, 363, 367, 403, 409, 417, 423, 424, 425, 426, 427, 428, 429, 430, 431, 432, 453, 454, 455, 456, 457, 458, 475, 476]	67	[88, 89, 90, 91, 92, 93, 94, 95, 96, 97, 98, 99, 100, 101, 103, 105, 114, 115, 116, 127, 128, 129, 153, 154, 155, 156, 158, 159, 160, 166, 167, 168, 169, 191, 214, 215, 216, 217, 218, 219, 220, 221, 222, 223, 224, 225, 226, 232, 234, 235, 236, 238, 239, 240, 241, 242, 243, 244, 245, 246, 257, 258, 259, 260, 261, 262, 263, 264, 265, 266, 267, 268, 291, 293, 294, 295, 296, 297, 298, 299, 300, 313, 314, 321, 322, 323, 324, 325, 326, 330, 331, 332, 337, 338, 339, 355, 356, 357, 359, 360, 361, 362, 363, 364, 366, 367, 368, 402, 403, 404, 408, 409, 410, 416, 417, 418, 422, 423, 424, 425, 426, 427, 428, 429, 430, 431, 432, 433, 450, 452, 453, 454, 455, 456, 457, 458, 459, 474, 475, 476, 477, 481]	74_490_6c02.1.A_5cd64ab4d60c59c98731d68b.pdb
