P34217	Mutagenesis@_group0	[305]	1	[26, 28, 29, 30, 31, 32, 33, 34, 48, 49, 50, 51, 52, 54, 55, 56, 57, 58, 60, 61, 62, 81, 82, 83, 84, 85, 86, 100, 101, 102, 103, 110, 111, 112, 113, 114, 115, 116, 117, 118, 119, 120, 121, 122, 123, 124, 126, 127, 128, 129, 130, 131, 132, 133, 134, 135, 136, 137, 138, 139, 140, 141, 142, 143, 150, 158, 159, 160, 161, 162, 163, 164, 167, 168, 169, 170, 171]	86_159_1p1t.1.A_590281a9a52be786ceab4a9b.pdb
P34217	Modified residue@_group1	[56]	1	[26, 28, 29, 30, 31, 32, 33, 34, 48, 49, 50, 51, 52, 54, 55, 56, 57, 58, 60, 61, 62, 81, 82, 83, 84, 85, 86, 100, 101, 102, 103, 110, 111, 112, 113, 114, 115, 116, 117, 118, 119, 120, 121, 122, 123, 124, 126, 127, 128, 129, 130, 131, 132, 133, 134, 135, 136, 137, 138, 139, 140, 141, 142, 143, 150, 158, 159, 160, 161, 162, 163, 164, 167, 168, 169, 170, 171]	86_159_1p1t.1.A_590281a9a52be786ceab4a9b.pdb
P34217	Modified residue@_group2	[189]	1	[26, 28, 29, 30, 31, 32, 33, 34, 48, 49, 50, 51, 52, 54, 55, 56, 57, 58, 60, 61, 62, 81, 82, 83, 84, 85, 86, 100, 101, 102, 103, 110, 111, 112, 113, 114, 115, 116, 117, 118, 119, 120, 121, 122, 123, 124, 126, 127, 128, 129, 130, 131, 132, 133, 134, 135, 136, 137, 138, 139, 140, 141, 142, 143, 150, 158, 159, 160, 161, 162, 163, 164, 167, 168, 169, 170, 171]	86_159_1p1t.1.A_590281a9a52be786ceab4a9b.pdb
P34217	Modified residue@_group3	[191]	1	[26, 28, 29, 30, 31, 32, 33, 34, 48, 49, 50, 51, 52, 54, 55, 56, 57, 58, 60, 61, 62, 81, 82, 83, 84, 85, 86, 100, 101, 102, 103, 110, 111, 112, 113, 114, 115, 116, 117, 118, 119, 120, 121, 122, 123, 124, 126, 127, 128, 129, 130, 131, 132, 133, 134, 135, 136, 137, 138, 139, 140, 141, 142, 143, 150, 158, 159, 160, 161, 162, 163, 164, 167, 168, 169, 170, 171]	86_159_1p1t.1.A_590281a9a52be786ceab4a9b.pdb
P34217	Modified residue@_group4	[194]	1	[26, 28, 29, 30, 31, 32, 33, 34, 48, 49, 50, 51, 52, 54, 55, 56, 57, 58, 60, 61, 62, 81, 82, 83, 84, 85, 86, 100, 101, 102, 103, 110, 111, 112, 113, 114, 115, 116, 117, 118, 119, 120, 121, 122, 123, 124, 126, 127, 128, 129, 130, 131, 132, 133, 134, 135, 136, 137, 138, 139, 140, 141, 142, 143, 150, 158, 159, 160, 161, 162, 163, 164, 167, 168, 169, 170, 171]	86_159_1p1t.1.A_590281a9a52be786ceab4a9b.pdb
P34217	Modified residue@_group5	[197]	1	[26, 28, 29, 30, 31, 32, 33, 34, 48, 49, 50, 51, 52, 54, 55, 56, 57, 58, 60, 61, 62, 81, 82, 83, 84, 85, 86, 100, 101, 102, 103, 110, 111, 112, 113, 114, 115, 116, 117, 118, 119, 120, 121, 122, 123, 124, 126, 127, 128, 129, 130, 131, 132, 133, 134, 135, 136, 137, 138, 139, 140, 141, 142, 143, 150, 158, 159, 160, 161, 162, 163, 164, 167, 168, 169, 170, 171]	86_159_1p1t.1.A_590281a9a52be786ceab4a9b.pdb
P34217	Modified residue@_group6	[305]	1	[26, 28, 29, 30, 31, 32, 33, 34, 48, 49, 50, 51, 52, 54, 55, 56, 57, 58, 60, 61, 62, 81, 82, 83, 84, 85, 86, 100, 101, 102, 103, 110, 111, 112, 113, 114, 115, 116, 117, 118, 119, 120, 121, 122, 123, 124, 126, 127, 128, 129, 130, 131, 132, 133, 134, 135, 136, 137, 138, 139, 140, 141, 142, 143, 150, 158, 159, 160, 161, 162, 163, 164, 167, 168, 169, 170, 171]	86_159_1p1t.1.A_590281a9a52be786ceab4a9b.pdb
P34217	Modified residue@_group7	[393]	1	[26, 28, 29, 30, 31, 32, 33, 34, 48, 49, 50, 51, 52, 54, 55, 56, 57, 58, 60, 61, 62, 81, 82, 83, 84, 85, 86, 100, 101, 102, 103, 110, 111, 112, 113, 114, 115, 116, 117, 118, 119, 120, 121, 122, 123, 124, 126, 127, 128, 129, 130, 131, 132, 133, 134, 135, 136, 137, 138, 139, 140, 141, 142, 143, 150, 158, 159, 160, 161, 162, 163, 164, 167, 168, 169, 170, 171]	86_159_1p1t.1.A_590281a9a52be786ceab4a9b.pdb
P34217	Modified residue@_group8	[466]	1	[26, 28, 29, 30, 31, 32, 33, 34, 48, 49, 50, 51, 52, 54, 55, 56, 57, 58, 60, 61, 62, 81, 82, 83, 84, 85, 86, 100, 101, 102, 103, 110, 111, 112, 113, 114, 115, 116, 117, 118, 119, 120, 121, 122, 123, 124, 126, 127, 128, 129, 130, 131, 132, 133, 134, 135, 136, 137, 138, 139, 140, 141, 142, 143, 150, 158, 159, 160, 161, 162, 163, 164, 167, 168, 169, 170, 171]	86_159_1p1t.1.A_590281a9a52be786ceab4a9b.pdb
P34217	Modified residue@_group9	[541]	1	[26, 28, 29, 30, 31, 32, 33, 34, 48, 49, 50, 51, 52, 54, 55, 56, 57, 58, 60, 61, 62, 81, 82, 83, 84, 85, 86, 100, 101, 102, 103, 110, 111, 112, 113, 114, 115, 116, 117, 118, 119, 120, 121, 122, 123, 124, 126, 127, 128, 129, 130, 131, 132, 133, 134, 135, 136, 137, 138, 139, 140, 141, 142, 143, 150, 158, 159, 160, 161, 162, 163, 164, 167, 168, 169, 170, 171]	86_159_1p1t.1.A_590281a9a52be786ceab4a9b.pdb
P34217	Modified residue@_group10	[636]	1	[26, 28, 29, 30, 31, 32, 33, 34, 48, 49, 50, 51, 52, 54, 55, 56, 57, 58, 60, 61, 62, 81, 82, 83, 84, 85, 86, 100, 101, 102, 103, 110, 111, 112, 113, 114, 115, 116, 117, 118, 119, 120, 121, 122, 123, 124, 126, 127, 128, 129, 130, 131, 132, 133, 134, 135, 136, 137, 138, 139, 140, 141, 142, 143, 150, 158, 159, 160, 161, 162, 163, 164, 167, 168, 169, 170, 171]	86_159_1p1t.1.A_590281a9a52be786ceab4a9b.pdb
P34217	Modified residue@_group11	[638]	1	[26, 28, 29, 30, 31, 32, 33, 34, 48, 49, 50, 51, 52, 54, 55, 56, 57, 58, 60, 61, 62, 81, 82, 83, 84, 85, 86, 100, 101, 102, 103, 110, 111, 112, 113, 114, 115, 116, 117, 118, 119, 120, 121, 122, 123, 124, 126, 127, 128, 129, 130, 131, 132, 133, 134, 135, 136, 137, 138, 139, 140, 141, 142, 143, 150, 158, 159, 160, 161, 162, 163, 164, 167, 168, 169, 170, 171]	86_159_1p1t.1.A_590281a9a52be786ceab4a9b.pdb
P34217	Modified residue@_group12	[640]	1	[26, 28, 29, 30, 31, 32, 33, 34, 48, 49, 50, 51, 52, 54, 55, 56, 57, 58, 60, 61, 62, 81, 82, 83, 84, 85, 86, 100, 101, 102, 103, 110, 111, 112, 113, 114, 115, 116, 117, 118, 119, 120, 121, 122, 123, 124, 126, 127, 128, 129, 130, 131, 132, 133, 134, 135, 136, 137, 138, 139, 140, 141, 142, 143, 150, 158, 159, 160, 161, 162, 163, 164, 167, 168, 169, 170, 171]	86_159_1p1t.1.A_590281a9a52be786ceab4a9b.pdb
P34217	Modified residue@_group13	[653]	1	[26, 28, 29, 30, 31, 32, 33, 34, 48, 49, 50, 51, 52, 54, 55, 56, 57, 58, 60, 61, 62, 81, 82, 83, 84, 85, 86, 100, 101, 102, 103, 110, 111, 112, 113, 114, 115, 116, 117, 118, 119, 120, 121, 122, 123, 124, 126, 127, 128, 129, 130, 131, 132, 133, 134, 135, 136, 137, 138, 139, 140, 141, 142, 143, 150, 158, 159, 160, 161, 162, 163, 164, 167, 168, 169, 170, 171]	86_159_1p1t.1.A_590281a9a52be786ceab4a9b.pdb
P34217	Modified residue@_group14	[655]	1	[26, 28, 29, 30, 31, 32, 33, 34, 48, 49, 50, 51, 52, 54, 55, 56, 57, 58, 60, 61, 62, 81, 82, 83, 84, 85, 86, 100, 101, 102, 103, 110, 111, 112, 113, 114, 115, 116, 117, 118, 119, 120, 121, 122, 123, 124, 126, 127, 128, 129, 130, 131, 132, 133, 134, 135, 136, 137, 138, 139, 140, 141, 142, 143, 150, 158, 159, 160, 161, 162, 163, 164, 167, 168, 169, 170, 171]	86_159_1p1t.1.A_590281a9a52be786ceab4a9b.pdb
P34217	Domain [FT]@_group15	[85, 86, 87, 88, 89, 90, 91, 92, 93, 94, 95, 96, 97, 98, 99, 100, 101, 102, 103, 104, 105, 106, 107, 108, 109, 110, 111, 112, 113, 114, 115, 116, 117, 118, 119, 120, 121, 122, 123, 124, 125, 126, 127, 128, 129, 130, 131, 132, 133, 134, 135, 136, 137, 138, 139, 140, 141, 142, 143, 144, 145, 146, 147, 148, 149, 150, 151, 152, 153, 154, 155, 156, 157, 158, 159, 160, 161, 162, 163]	79	[86, 87, 88, 89, 90, 91, 92, 93, 94, 95, 96, 97, 98, 99, 100, 101, 102, 103, 104, 105, 106, 107, 108, 109, 110, 111, 112, 113, 114, 115, 116, 117, 118, 119, 120, 121, 122, 123, 124, 125, 126, 127, 128, 129, 130, 131, 132, 133, 134, 135, 136, 137, 138, 139, 140, 141, 142, 143, 144, 145, 146, 147, 148, 149, 150, 151, 152, 153, 154, 155, 156, 157, 158, 159]	86_159_1p1t.1.A_590281a9a52be786ceab4a9b.pdb
