P40064	Modified residue@_group0	[1]	1	[13, 14, 15, 16, 17, 18, 19, 20, 21, 22, 23, 24, 25, 26, 27, 28, 34, 35, 36, 74, 75, 76, 77, 78, 79, 92, 93, 94, 95, 105, 106, 107, 108, 109, 110, 111, 112, 113, 114, 116, 117, 118, 119, 120, 121, 122, 123, 124, 125, 126, 127, 128, 129, 130, 157, 158, 159]	88_1353_5ijn.1.K_5cdb5051732c1e2e645f2908.pdb
P40064	Modified residue@_group1	[1034]	1	[1033, 1034, 1035]	88_1353_5ijn.1.K_5cdb5051732c1e2e645f2908.pdb
P40064	Beta strand@_group2	[122, 123, 124, 125, 126, 127, 128]	7	[121, 122, 123, 124, 125, 126, 127, 128, 129, 557, 558]	88_1353_5ijn.1.K_5cdb5051732c1e2e645f2908.pdb
P40064	Beta strand@_group3	[138, 139, 140, 141, 142, 143, 144, 145]	8	[137, 138, 139, 140, 141, 142, 143, 144, 145, 146, 608, 610, 612, 614]	88_1353_5ijn.1.K_5cdb5051732c1e2e645f2908.pdb
P40064	Beta strand@_group4	[161, 162, 163, 164, 165, 166]	6	[160, 161, 162, 163, 164, 165, 166, 167, 172, 174, 176]	88_1353_5ijn.1.K_5cdb5051732c1e2e645f2908.pdb
P40064	Beta strand@_group5	[171, 172, 173, 174, 175, 176]	6	[161, 163, 165, 170, 171, 172, 173, 174, 175, 176, 177, 180, 182, 184]	88_1353_5ijn.1.K_5cdb5051732c1e2e645f2908.pdb
P40064	Beta strand@_group6	[179, 180, 181, 182, 183, 184]	6	[171, 173, 175, 178, 179, 180, 181, 182, 183, 184, 185, 191, 193]	88_1353_5ijn.1.K_5cdb5051732c1e2e645f2908.pdb
P40064	Beta strand@_group7	[191, 192, 193, 194]	4	[181, 183, 190, 191, 192, 193, 194, 195]	88_1353_5ijn.1.K_5cdb5051732c1e2e645f2908.pdb
P40064	Beta strand@_group8	[201, 202, 203, 204, 205, 206, 207]	7	[200, 201, 202, 203, 204, 205, 206, 207, 208, 222, 224, 226, 477]	88_1353_5ijn.1.K_5cdb5051732c1e2e645f2908.pdb
P40064	Beta strand@_group9	[218, 219, 220, 221, 222, 223, 224, 225, 226, 227, 228, 229, 230, 231, 232, 233, 234, 235, 236, 237]	20	[201, 202, 204, 206, 208, 217, 218, 219, 220, 221, 222, 223, 224, 225, 226, 227, 228, 229, 230, 231, 232, 233, 234, 235, 236, 237, 238, 244, 248, 253, 254, 256]	88_1353_5ijn.1.K_5cdb5051732c1e2e645f2908.pdb
P40064	Beta strand@_group10	[239, 240, 241]	3	[238, 239, 240, 241, 242]	88_1353_5ijn.1.K_5cdb5051732c1e2e645f2908.pdb
P40064	Beta strand@_group11	[244, 245, 246, 247, 248, 249, 250, 251, 252, 253, 254]	11	[229, 230, 233, 237, 243, 244, 245, 246, 247, 248, 249, 250, 251, 252, 253, 254, 255]	88_1353_5ijn.1.K_5cdb5051732c1e2e645f2908.pdb
P40064	Beta strand@_group12	[260, 261, 262, 263, 264, 265, 266]	7	[259, 260, 261, 262, 263, 264, 265, 266, 267, 272, 274, 276]	88_1353_5ijn.1.K_5cdb5051732c1e2e645f2908.pdb
P40064	Beta strand@_group13	[271, 272, 273, 274, 275, 276]	6	[258, 259, 260, 263, 265, 270, 271, 272, 273, 274, 275, 276, 277, 285]	88_1353_5ijn.1.K_5cdb5051732c1e2e645f2908.pdb
P40064	Beta strand@_group14	[284, 285, 286]	3	[273, 283, 284, 285, 286, 287, 303, 305]	88_1353_5ijn.1.K_5cdb5051732c1e2e645f2908.pdb
P40064	Beta strand@_group15	[303, 304, 305, 306, 307]	5	[284, 286, 302, 303, 304, 305, 306, 307, 308]	88_1353_5ijn.1.K_5cdb5051732c1e2e645f2908.pdb
P40064	Beta strand@_group16	[341, 342, 343, 344, 345, 346, 347, 348]	8	[340, 341, 342, 343, 344, 345, 346, 347, 348, 349, 354, 356, 357, 358]	88_1353_5ijn.1.K_5cdb5051732c1e2e645f2908.pdb
P40064	Beta strand@_group17	[353, 354, 355, 356, 357, 358]	6	[342, 343, 344, 345, 347, 352, 353, 354, 355, 356, 357, 358, 359, 363, 365, 367]	88_1353_5ijn.1.K_5cdb5051732c1e2e645f2908.pdb
P40064	Beta strand@_group18	[363, 364, 365, 366, 367, 368, 369]	7	[353, 355, 357, 362, 363, 364, 365, 366, 367, 368, 369, 370, 371, 372]	88_1353_5ijn.1.K_5cdb5051732c1e2e645f2908.pdb
P40064	Beta strand@_group19	[372, 373, 374, 375, 376, 377, 378, 379]	8	[367, 371, 372, 373, 374, 375, 376, 377, 378, 379, 380, 445]	88_1353_5ijn.1.K_5cdb5051732c1e2e645f2908.pdb
P40064	Beta strand@_group20	[406, 407, 408, 409, 410, 411]	6	[405, 406, 407, 408, 409, 410, 411, 412, 422, 424, 426, 427, 467, 468]	88_1353_5ijn.1.K_5cdb5051732c1e2e645f2908.pdb
P40064	Beta strand@_group21	[418, 419, 420, 421, 422, 423, 424, 425, 426]	9	[406, 407, 409, 411, 412, 414, 417, 418, 419, 420, 421, 422, 423, 424, 425, 426, 427, 431, 433, 435]	88_1353_5ijn.1.K_5cdb5051732c1e2e645f2908.pdb
P40064	Beta strand@_group22	[431, 432, 433, 434, 435]	5	[420, 423, 425, 430, 431, 432, 433, 434, 435, 436, 448, 451, 452]	88_1353_5ijn.1.K_5cdb5051732c1e2e645f2908.pdb
P40064	Beta strand@_group23	[447, 448, 449, 450, 451, 452]	6	[431, 432, 434, 446, 447, 448, 449, 450, 451, 452, 453]	88_1353_5ijn.1.K_5cdb5051732c1e2e645f2908.pdb
P40064	Beta strand@_group24	[500, 501, 502]	3	[499, 500, 501, 502, 503, 506, 507]	88_1353_5ijn.1.K_5cdb5051732c1e2e645f2908.pdb
P40064	Beta strand@_group25	[506, 507, 508, 509, 510, 511, 512]	7	[499, 501, 502, 505, 506, 507, 508, 509, 510, 511, 512, 513, 536, 538, 540, 542]	88_1353_5ijn.1.K_5cdb5051732c1e2e645f2908.pdb
P40064	Beta strand@_group26	[536, 537, 538, 539, 540, 541, 542, 543]	8	[506, 508, 510, 512, 535, 536, 537, 538, 539, 540, 541, 542, 543, 544, 556, 558, 560]	88_1353_5ijn.1.K_5cdb5051732c1e2e645f2908.pdb
P40064	Beta strand@_group27	[555, 556, 557, 558, 559, 560]	6	[124, 125, 539, 541, 543, 554, 555, 556, 557, 558, 559, 560, 561]	88_1353_5ijn.1.K_5cdb5051732c1e2e645f2908.pdb
P40064	Beta strand@_group28	[567, 568, 569, 570, 571, 572, 573, 574]	8	[566, 567, 568, 569, 570, 571, 572, 573, 574, 575, 601, 603, 605]	88_1353_5ijn.1.K_5cdb5051732c1e2e645f2908.pdb
P40064	Beta strand@_group29	[581, 582, 583]	3	[415, 580, 581, 582, 583, 584]	88_1353_5ijn.1.K_5cdb5051732c1e2e645f2908.pdb
P40064	Beta strand@_group30	[600, 601, 602, 603, 604, 605, 606, 607, 608, 609, 610, 611, 612, 613, 614]	15	[138, 140, 143, 145, 567, 570, 572, 599, 600, 601, 602, 603, 604, 605, 606, 607, 608, 609, 610, 611, 612, 613, 614, 615]	88_1353_5ijn.1.K_5cdb5051732c1e2e645f2908.pdb
P40064	Beta strand@_group31	[726, 727, 728, 729]	4	[723, 725, 726, 727, 728, 729, 730, 745, 848]	88_1353_5ijn.1.K_5cdb5051732c1e2e645f2908.pdb
P40064	Beta strand@_group32	[745, 746, 747]	3	[729, 744, 745, 746, 747, 748]	88_1353_5ijn.1.K_5cdb5051732c1e2e645f2908.pdb
P40064	Helix@_group33	[90, 91, 92, 93, 94, 95, 96, 97, 98, 99, 100, 101, 102, 103, 104, 105, 106]	17	[89, 90, 91, 92, 93, 94, 95, 96, 97, 98, 99, 100, 101, 102, 103, 104, 105, 106, 107, 585, 797]	88_1353_5ijn.1.K_5cdb5051732c1e2e645f2908.pdb
P40064	Helix@_group34	[114, 115, 116]	3	[113, 114, 115, 116, 117, 552]	88_1353_5ijn.1.K_5cdb5051732c1e2e645f2908.pdb
P40064	Helix@_group35	[133, 134, 135]	3	[132, 133, 134, 135, 136]	88_1353_5ijn.1.K_5cdb5051732c1e2e645f2908.pdb
P40064	Helix@_group36	[148, 149, 150, 151]	4	[147, 148, 149, 150, 151, 152]	88_1353_5ijn.1.K_5cdb5051732c1e2e645f2908.pdb
P40064	Helix@_group37	[381, 382, 383, 384, 385, 386, 387, 388, 389, 390, 391]	11	[380, 381, 382, 383, 384, 385, 386, 387, 388, 389, 390, 391, 392]	88_1353_5ijn.1.K_5cdb5051732c1e2e645f2908.pdb
P40064	Helix@_group38	[397, 398, 399]	3	[396, 397, 398, 399, 400, 404]	88_1353_5ijn.1.K_5cdb5051732c1e2e645f2908.pdb
P40064	Helix@_group39	[483, 484, 485, 486]	4	[482, 483, 484, 485, 486, 487, 491]	88_1353_5ijn.1.K_5cdb5051732c1e2e645f2908.pdb
P40064	Helix@_group40	[545, 546, 547, 548, 549, 550, 551]	7	[544, 545, 546, 547, 548, 549, 550, 551, 552, 554, 693, 694]	88_1353_5ijn.1.K_5cdb5051732c1e2e645f2908.pdb
P40064	Helix@_group41	[589, 590, 591, 592]	4	[588, 589, 590, 591, 592, 593]	88_1353_5ijn.1.K_5cdb5051732c1e2e645f2908.pdb
P40064	Helix@_group42	[617, 618, 619, 620, 621, 622, 623]	7	[616, 617, 618, 619, 620, 621, 622, 623, 624]	88_1353_5ijn.1.K_5cdb5051732c1e2e645f2908.pdb
P40064	Helix@_group43	[629, 630, 631, 632, 633, 634, 635]	7	[628, 629, 630, 631, 632, 633, 634, 635, 636]	88_1353_5ijn.1.K_5cdb5051732c1e2e645f2908.pdb
P40064	Helix@_group44	[637, 638, 639, 640, 641, 642, 643, 644, 645, 646, 647, 648, 649]	13	[636, 637, 638, 639, 640, 641, 642, 643, 644, 645, 646, 647, 648, 649, 650, 658, 661, 707, 711]	88_1353_5ijn.1.K_5cdb5051732c1e2e645f2908.pdb
P40064	Helix@_group45	[655, 656, 657, 658, 659, 660, 661, 662, 663, 664, 665, 666, 667]	13	[644, 648, 653, 654, 655, 656, 657, 658, 659, 660, 661, 662, 663, 664, 665, 666, 667, 668]	88_1353_5ijn.1.K_5cdb5051732c1e2e645f2908.pdb
P40064	Helix@_group46	[707, 708, 709, 710, 711, 712, 713, 714, 715, 716, 717, 718, 719]	13	[638, 641, 642, 706, 707, 708, 709, 710, 711, 712, 713, 714, 715, 716, 717, 718, 719, 720]	88_1353_5ijn.1.K_5cdb5051732c1e2e645f2908.pdb
P40064	Helix@_group47	[749, 750, 751, 752, 753, 754, 755, 756, 757, 758, 759, 760, 761, 762, 763, 764, 765, 766, 767, 768]	20	[748, 749, 750, 751, 752, 753, 754, 755, 756, 757, 758, 759, 760, 761, 762, 763, 764, 765, 766, 767, 768, 769]	88_1353_5ijn.1.K_5cdb5051732c1e2e645f2908.pdb
P40064	Helix@_group48	[770, 771, 772]	3	[769, 770, 771, 772, 773]	88_1353_5ijn.1.K_5cdb5051732c1e2e645f2908.pdb
P40064	Helix@_group49	[787, 788, 789, 790, 791, 792, 793, 794, 795, 796, 797, 798, 799, 800, 801, 802, 803, 804, 805, 806, 807, 808, 809, 810, 811, 812, 813, 814, 815]	29	[90, 774, 786, 787, 788, 789, 790, 791, 792, 793, 794, 795, 796, 797, 798, 799, 800, 801, 802, 803, 804, 805, 806, 807, 808, 809, 810, 811, 812, 813, 814, 815, 816]	88_1353_5ijn.1.K_5cdb5051732c1e2e645f2908.pdb
P40064	Helix@_group50	[816, 817, 818]	3	[815, 816, 817, 818, 819]	88_1353_5ijn.1.K_5cdb5051732c1e2e645f2908.pdb
P40064	Helix@_group51	[819, 820, 821, 822, 823, 824, 825, 826, 827, 828, 829]	11	[818, 819, 820, 821, 822, 823, 824, 825, 826, 827, 828, 829, 830, 831, 833, 834]	88_1353_5ijn.1.K_5cdb5051732c1e2e645f2908.pdb
P40064	Helix@_group52	[838, 839, 840, 841, 842, 843, 844, 845]	8	[837, 838, 839, 840, 841, 842, 843, 844, 845, 846]	88_1353_5ijn.1.K_5cdb5051732c1e2e645f2908.pdb
P40064	Helix@_group53	[849, 850, 851, 852, 853]	5	[848, 849, 850, 851, 852, 853, 854]	88_1353_5ijn.1.K_5cdb5051732c1e2e645f2908.pdb
P40064	Helix@_group54	[857, 858, 859, 860, 861, 862, 863, 864, 865, 866, 867, 868, 869, 870, 871, 872]	16	[856, 857, 858, 859, 860, 861, 862, 863, 864, 865, 866, 867, 868, 869, 870, 871, 872, 873]	88_1353_5ijn.1.K_5cdb5051732c1e2e645f2908.pdb
P40064	Helix@_group55	[879, 880, 881, 882, 883, 884, 885, 886, 887, 888, 889, 890]	12	[876, 878, 879, 880, 881, 882, 883, 884, 885, 886, 887, 888, 889, 890, 891, 892]	88_1353_5ijn.1.K_5cdb5051732c1e2e645f2908.pdb
P40064	Turn@_group56	[129, 130, 131, 132]	4	[128, 129, 130, 131, 132, 133]	88_1353_5ijn.1.K_5cdb5051732c1e2e645f2908.pdb
P40064	Turn@_group57	[152, 153, 154]	3	[151, 152, 153, 154, 155]	88_1353_5ijn.1.K_5cdb5051732c1e2e645f2908.pdb
P40064	Turn@_group58	[167, 168, 169, 170]	4	[166, 167, 168, 169, 170, 171]	88_1353_5ijn.1.K_5cdb5051732c1e2e645f2908.pdb
P40064	Turn@_group59	[185, 186, 187]	3	[184, 185, 186, 187, 188]	88_1353_5ijn.1.K_5cdb5051732c1e2e645f2908.pdb
P40064	Turn@_group60	[214, 215, 216, 217]	4	[213, 214, 215, 216, 217, 218]	88_1353_5ijn.1.K_5cdb5051732c1e2e645f2908.pdb
P40064	Turn@_group61	[256, 257, 258]	3	[228, 255, 256, 257, 258, 259, 276]	88_1353_5ijn.1.K_5cdb5051732c1e2e645f2908.pdb
P40064	Turn@_group62	[267, 268, 269, 270]	4	[210, 266, 267, 268, 269, 270, 271]	88_1353_5ijn.1.K_5cdb5051732c1e2e645f2908.pdb
P40064	Turn@_group63	[349, 350, 351, 352]	4	[348, 349, 350, 351, 352, 353]	88_1353_5ijn.1.K_5cdb5051732c1e2e645f2908.pdb
P40064	Turn@_group64	[401, 402, 403]	3	[400, 401, 402, 403, 404]	88_1353_5ijn.1.K_5cdb5051732c1e2e645f2908.pdb
P40064	Turn@_group65	[414, 415, 416]	3	[413, 414, 415, 416, 417, 418, 582]	88_1353_5ijn.1.K_5cdb5051732c1e2e645f2908.pdb
P40064	Turn@_group66	[503, 504, 505]	3	[502, 503, 504, 505, 506]	88_1353_5ijn.1.K_5cdb5051732c1e2e645f2908.pdb
P40064	Turn@_group67	[584, 585, 586, 587]	4	[106, 108, 580, 583, 584, 585, 586, 587, 588]	88_1353_5ijn.1.K_5cdb5051732c1e2e645f2908.pdb
P40064	Turn@_group68	[593, 594, 595]	3	[592, 593, 594, 595, 596]	88_1353_5ijn.1.K_5cdb5051732c1e2e645f2908.pdb
P40064	Turn@_group69	[624, 625, 626]	3	[621, 623, 624, 625, 626, 627]	88_1353_5ijn.1.K_5cdb5051732c1e2e645f2908.pdb
P40064	Turn@_group70	[670, 671, 672]	3	[669, 670, 671, 672, 673]	88_1353_5ijn.1.K_5cdb5051732c1e2e645f2908.pdb
P40064	Turn@_group71	[720, 721, 722, 723, 724, 725]	6	[719, 720, 721, 722, 723, 724, 725, 726]	88_1353_5ijn.1.K_5cdb5051732c1e2e645f2908.pdb
P40064	P40064+P40477_interface@_group72	[103, 104, 145, 148, 151, 152, 155, 156, 158, 159, 167, 168, 178, 187, 191, 195, 198, 199, 211, 212, 213, 214, 217, 219, 227, 228, 242, 247, 248, 250, 252, 257, 268, 278, 359, 360, 371, 374, 386, 402, 414, 437, 440, 441, 551, 575, 623, 626, 629, 633, 646, 651, 652, 666, 667, 670, 671, 672, 674, 707, 708, 710, 725, 727, 754, 761, 764, 768, 769, 770, 793, 796, 800, 818, 842, 864, 865, 868, 871, 872, 873, 874, 877, 878, 879, 881, 882, 883, 885, 886, 890, 937, 969, 1053, 1054, 1074, 1087, 1126, 1136, 1175, 1178, 1198, 1216, 1221, 1224, 1240, 1286]	107	[1053, 1054, 551, 1074, 1087, 575, 1126, 103, 104, 623, 1136, 626, 629, 633, 646, 651, 652, 145, 148, 151, 152, 1175, 666, 155, 156, 667, 158, 159, 670, 671, 672, 674, 167, 168, 1198, 178, 187, 191, 1216, 195, 707, 708, 198, 199, 710, 1221, 1224, 211, 212, 213, 214, 725, 727, 217, 1240, 219, 227, 228, 242, 754, 247, 248, 761, 250, 252, 764, 768, 257, 769, 770, 1286, 268, 278, 793, 796, 800, 1178, 818, 842, 864, 865, 868, 359, 360, 871, 872, 873, 874, 877, 878, 879, 881, 882, 371, 883, 885, 374, 886, 890, 386, 402, 414, 937, 437, 440, 441, 969]	88_1353_5ijn.1.K_5cdb5051732c1e2e645f2908.pdb
P40064	P40064+P40958_interface@_group73	[103, 104, 145, 148, 151, 152, 155, 156, 158, 159, 167, 168, 178, 187, 191, 195, 198, 199, 211, 212, 213, 214, 217, 219, 227, 228, 242, 247, 248, 250, 252, 257, 268, 278, 359, 360, 371, 374, 386, 402, 414, 437, 440, 441, 551, 575, 623, 626, 629, 633, 646, 651, 652, 666, 667, 670, 671, 672, 674, 707, 708, 710, 725, 727, 754, 761, 764, 768, 769, 770, 793, 796, 800, 818, 842, 864, 865, 868, 871, 872, 873, 874, 877, 878, 879, 881, 882, 883, 885, 886, 890, 937, 969, 1053, 1054, 1074, 1087, 1126, 1136, 1175, 1178, 1198, 1216, 1221, 1224, 1240, 1286]	107	[1053, 1054, 551, 1074, 1087, 575, 1126, 103, 104, 623, 1136, 626, 629, 633, 646, 651, 652, 145, 148, 151, 152, 1175, 666, 155, 156, 667, 158, 159, 670, 671, 672, 674, 167, 168, 1198, 178, 187, 191, 1216, 195, 707, 708, 198, 199, 710, 1221, 1224, 211, 212, 213, 214, 725, 727, 217, 1240, 219, 227, 228, 242, 754, 247, 248, 761, 250, 252, 764, 768, 257, 769, 770, 1286, 268, 278, 793, 796, 800, 1178, 818, 842, 864, 865, 868, 359, 360, 871, 872, 873, 874, 877, 878, 879, 881, 882, 371, 883, 885, 374, 886, 890, 386, 402, 414, 937, 437, 440, 441, 969]	88_1353_5ijn.1.K_5cdb5051732c1e2e645f2908.pdb
P40064	P40064+Q00916_interface@_group74	[103, 104, 145, 148, 151, 152, 155, 156, 158, 159, 167, 168, 178, 187, 191, 195, 198, 199, 211, 212, 213, 214, 217, 219, 227, 228, 242, 247, 248, 250, 252, 257, 268, 278, 359, 360, 371, 374, 386, 402, 414, 437, 440, 441, 551, 575, 623, 626, 629, 633, 646, 651, 652, 666, 667, 670, 671, 672, 674, 707, 708, 710, 725, 727, 754, 761, 764, 768, 769, 770, 793, 796, 800, 818, 842, 864, 865, 868, 871, 872, 873, 874, 877, 878, 879, 881, 882, 883, 885, 886, 890, 937, 969, 1053, 1054, 1074, 1087, 1126, 1136, 1175, 1178, 1198, 1216, 1221, 1224, 1240, 1286]	107	[1053, 1054, 551, 1074, 1087, 575, 1126, 103, 104, 623, 1136, 626, 629, 633, 646, 651, 652, 145, 148, 151, 152, 1175, 666, 155, 156, 667, 158, 159, 670, 671, 672, 674, 167, 168, 1198, 178, 187, 191, 1216, 195, 707, 708, 198, 199, 710, 1221, 1224, 211, 212, 213, 214, 725, 727, 217, 1240, 219, 227, 228, 242, 754, 247, 248, 761, 250, 252, 764, 768, 257, 769, 770, 1286, 268, 278, 793, 796, 800, 1178, 818, 842, 864, 865, 868, 359, 360, 871, 872, 873, 874, 877, 878, 879, 881, 882, 371, 883, 885, 374, 886, 890, 386, 402, 414, 937, 437, 440, 441, 969]	88_1353_5ijn.1.K_5cdb5051732c1e2e645f2908.pdb
P40064	P40064+Q02629_interface@_group75	[103, 104, 145, 148, 151, 152, 155, 156, 158, 159, 167, 168, 178, 187, 191, 195, 198, 199, 211, 212, 213, 214, 217, 219, 227, 228, 242, 247, 248, 250, 252, 257, 268, 278, 359, 360, 371, 374, 386, 402, 414, 437, 440, 441, 551, 575, 623, 626, 629, 633, 646, 651, 652, 666, 667, 670, 671, 672, 674, 707, 708, 710, 725, 727, 754, 761, 764, 768, 769, 770, 793, 796, 800, 818, 842, 864, 865, 868, 871, 872, 873, 874, 877, 878, 879, 881, 882, 883, 885, 886, 890, 937, 969, 1053, 1054, 1074, 1087, 1126, 1136, 1175, 1178, 1198, 1216, 1221, 1224, 1240, 1286]	107	[1053, 1054, 551, 1074, 1087, 575, 1126, 103, 104, 623, 1136, 626, 629, 633, 646, 651, 652, 145, 148, 151, 152, 1175, 666, 155, 156, 667, 158, 159, 670, 671, 672, 674, 167, 168, 1198, 178, 187, 191, 1216, 195, 707, 708, 198, 199, 710, 1221, 1224, 211, 212, 213, 214, 725, 727, 217, 1240, 219, 227, 228, 242, 754, 247, 248, 761, 250, 252, 764, 768, 257, 769, 770, 1286, 268, 278, 793, 796, 800, 1178, 818, 842, 864, 865, 868, 359, 360, 871, 872, 873, 874, 877, 878, 879, 881, 882, 371, 883, 885, 374, 886, 890, 386, 402, 414, 937, 437, 440, 441, 969]	88_1353_5ijn.1.K_5cdb5051732c1e2e645f2908.pdb
P40064	P40064+Q03790_interface@_group76	[103, 104, 145, 148, 151, 152, 155, 156, 158, 159, 167, 168, 178, 187, 191, 195, 198, 199, 211, 212, 213, 214, 217, 219, 227, 228, 242, 247, 248, 250, 252, 257, 268, 278, 359, 360, 371, 374, 386, 402, 414, 437, 440, 441, 551, 575, 623, 626, 629, 633, 646, 651, 652, 666, 667, 670, 671, 672, 674, 707, 708, 710, 725, 727, 754, 761, 764, 768, 769, 770, 793, 796, 800, 818, 842, 864, 865, 868, 871, 872, 873, 874, 877, 878, 879, 881, 882, 883, 885, 886, 890, 937, 969, 1053, 1054, 1074, 1087, 1126, 1136, 1175, 1178, 1198, 1216, 1221, 1224, 1240, 1286]	107	[1053, 1054, 551, 1074, 1087, 575, 1126, 103, 104, 623, 1136, 626, 629, 633, 646, 651, 652, 145, 148, 151, 152, 1175, 666, 155, 156, 667, 158, 159, 670, 671, 672, 674, 167, 168, 1198, 178, 187, 191, 1216, 195, 707, 708, 198, 199, 710, 1221, 1224, 211, 212, 213, 214, 725, 727, 217, 1240, 219, 227, 228, 242, 754, 247, 248, 761, 250, 252, 764, 768, 257, 769, 770, 1286, 268, 278, 793, 796, 800, 1178, 818, 842, 864, 865, 868, 359, 360, 871, 872, 873, 874, 877, 878, 879, 881, 882, 371, 883, 885, 374, 886, 890, 386, 402, 414, 937, 437, 440, 441, 969]	88_1353_5ijn.1.K_5cdb5051732c1e2e645f2908.pdb
P40064	P30283+P40064_interface@_group77	[103, 104, 145, 148, 151, 152, 155, 156, 158, 159, 167, 168, 178, 187, 191, 195, 198, 199, 211, 212, 213, 214, 217, 219, 227, 228, 242, 247, 248, 250, 252, 257, 268, 278, 359, 360, 371, 374, 386, 402, 414, 437, 440, 441, 551, 575, 623, 626, 629, 633, 646, 651, 652, 666, 667, 670, 671, 672, 674, 707, 708, 710, 725, 727, 754, 761, 764, 768, 769, 770, 793, 796, 800, 818, 842, 864, 865, 868, 871, 872, 873, 874, 877, 878, 879, 881, 882, 883, 885, 886, 890, 937, 969, 1053, 1054, 1074, 1087, 1126, 1136, 1175, 1178, 1198, 1216, 1221, 1224, 1240, 1286]	107	[1053, 1054, 551, 1074, 1087, 575, 1126, 103, 104, 623, 1136, 626, 629, 633, 646, 651, 652, 145, 148, 151, 152, 1175, 666, 155, 156, 667, 158, 159, 670, 671, 672, 674, 167, 168, 1198, 178, 187, 191, 1216, 195, 707, 708, 198, 199, 710, 1221, 1224, 211, 212, 213, 214, 725, 727, 217, 1240, 219, 227, 228, 242, 754, 247, 248, 761, 250, 252, 764, 768, 257, 769, 770, 1286, 268, 278, 793, 796, 800, 1178, 818, 842, 864, 865, 868, 359, 360, 871, 872, 873, 874, 877, 878, 879, 881, 882, 371, 883, 885, 374, 886, 890, 386, 402, 414, 937, 437, 440, 441, 969]	88_1353_5ijn.1.K_5cdb5051732c1e2e645f2908.pdb
P40064	P30657+P40064_interface@_group78	[103, 104, 145, 148, 151, 152, 155, 156, 158, 159, 167, 168, 178, 187, 191, 195, 198, 199, 211, 212, 213, 214, 217, 219, 227, 228, 242, 247, 248, 250, 252, 257, 268, 278, 359, 360, 371, 374, 386, 402, 414, 437, 440, 441, 551, 575, 623, 626, 629, 633, 646, 651, 652, 666, 667, 670, 671, 672, 674, 707, 708, 710, 725, 727, 754, 761, 764, 768, 769, 770, 793, 796, 800, 818, 842, 864, 865, 868, 871, 872, 873, 874, 877, 878, 879, 881, 882, 883, 885, 886, 890, 937, 969, 1053, 1054, 1074, 1087, 1126, 1136, 1175, 1178, 1198, 1216, 1221, 1224, 1240, 1286]	107	[1053, 1054, 551, 1074, 1087, 575, 1126, 103, 104, 623, 1136, 626, 629, 633, 646, 651, 652, 145, 148, 151, 152, 1175, 666, 155, 156, 667, 158, 159, 670, 671, 672, 674, 167, 168, 1198, 178, 187, 191, 1216, 195, 707, 708, 198, 199, 710, 1221, 1224, 211, 212, 213, 214, 725, 727, 217, 1240, 219, 227, 228, 242, 754, 247, 248, 761, 250, 252, 764, 768, 257, 769, 770, 1286, 268, 278, 793, 796, 800, 1178, 818, 842, 864, 865, 868, 359, 360, 871, 872, 873, 874, 877, 878, 879, 881, 882, 371, 883, 885, 374, 886, 890, 386, 402, 414, 937, 437, 440, 441, 969]	88_1353_5ijn.1.K_5cdb5051732c1e2e645f2908.pdb
P40064	P39998+P40064_interface@_group79	[103, 104, 145, 148, 151, 152, 155, 156, 158, 159, 167, 168, 178, 187, 191, 195, 198, 199, 211, 212, 213, 214, 217, 219, 227, 228, 242, 247, 248, 250, 252, 257, 268, 278, 359, 360, 371, 374, 386, 402, 414, 437, 440, 441, 551, 575, 623, 626, 629, 633, 646, 651, 652, 666, 667, 670, 671, 672, 674, 707, 708, 710, 725, 727, 754, 761, 764, 768, 769, 770, 793, 796, 800, 818, 842, 864, 865, 868, 871, 872, 873, 874, 877, 878, 879, 881, 882, 883, 885, 886, 890, 937, 969, 1053, 1054, 1074, 1087, 1126, 1136, 1175, 1178, 1198, 1216, 1221, 1224, 1240, 1286]	107	[1053, 1054, 551, 1074, 1087, 575, 1126, 103, 104, 623, 1136, 626, 629, 633, 646, 651, 652, 145, 148, 151, 152, 1175, 666, 155, 156, 667, 158, 159, 670, 671, 672, 674, 167, 168, 1198, 178, 187, 191, 1216, 195, 707, 708, 198, 199, 710, 1221, 1224, 211, 212, 213, 214, 725, 727, 217, 1240, 219, 227, 228, 242, 754, 247, 248, 761, 250, 252, 764, 768, 257, 769, 770, 1286, 268, 278, 793, 796, 800, 1178, 818, 842, 864, 865, 868, 359, 360, 871, 872, 873, 874, 877, 878, 879, 881, 882, 371, 883, 885, 374, 886, 890, 386, 402, 414, 937, 437, 440, 441, 969]	88_1353_5ijn.1.K_5cdb5051732c1e2e645f2908.pdb
